#"Step","Potential Energy (kJ/mole)","Kinetic Energy (kJ/mole)","Total Energy (kJ/mole)","Temperature (K)","Box Volume (nm^3)","Speed (ns/day)"
5000,-15334.319748099937,10141.564453125,-5192.755294974937,284.88843643464674,618.9434430386096,0
10000,-17077.710722378673,10831.5166015625,-6246.194120816173,304.27000125056793,146.82215483805973,493
15000,-17924.934628527553,10683.818359375,-7241.116269152553,300.12098445188485,143.60203431665127,493
20000,-18110.844342777214,10456.619140625,-7654.2252021522145,293.7386920069637,141.28651125988543,493
25000,-18222.009757441512,10556.802734375,-7665.207023066512,296.5529666202899,130.70236824965505,493
30000,-18420.3571227231,10709.9521484375,-7710.4049742856005,300.85511322842035,120.91745397023563,492
35000,-18398.82696852171,10686.58203125,-7712.244937271709,300.19861923524854,117.20892091088956,489
40000,-18624.225144048512,10571.1728515625,-8053.052292486012,296.9566400609954,109.54706221569039,485
45000,-18352.18890623664,11012.365234375,-7339.823671861639,309.35025139061617,105.13150011604677,483
50000,-18478.729562238208,10448.421875,-8030.307687238208,293.50842120429417,101.60954812250172,483
55000,-18873.092678206332,10711.693359375,-8161.3993188313325,300.904025885218,100.6345988900933,483
60000,-18478.22146757701,10459.341796875,-8018.879670702008,293.81517461333044,97.57625153448578,484
65000,-18808.42930993397,10325.5556640625,-8482.87364587147,290.0569652788873,97.2533476289769,484
70000,-18798.30154696814,10342.8369140625,-8455.464632905641,290.54241585358824,96.37925829175812,484
75000,-18795.546697112397,10573.15234375,-8222.394353362397,297.0122463174895,97.26079826015525,482
80000,-18591.593945656336,10761.5400390625,-7830.053906593836,302.3042775626853,98.42464580749046,481
85000,-18833.111688384088,10669.5751953125,-8163.536493071588,299.7208772733126,98.42726842786463,480
90000,-18810.667300869798,10752.703125,-8057.964175869798,302.056038285421,99.81639420348502,480
95000,-18908.77185791322,10744.591796875,-8164.18006103822,301.8281815678879,99.65514821943269,480
100000,-18708.80274291488,10456.2578125,-8252.544930414879,293.72854187627655,98.69260526211211,481
105000,-18704.587014004515,10645.1923828125,-8059.394631192015,299.03593548143124,98.44555813765693,481
110000,-18862.967456061364,10419.1171875,-8443.850268561364,292.68521817278275,96.62893300022695,481
115000,-18771.606848372583,10513.1044921875,-8258.502356185083,295.3254317612176,97.07760340376177,480
120000,-18831.351553535438,10846.078125,-7985.273428535438,304.67905151725904,95.50866267992416,479
125000,-18686.560438971996,10571.7861328125,-8114.774306159496,296.97386785037787,93.36830006160926,478
130000,-18722.99454837384,10957.1953125,-7765.799235873841,307.8004635986205,92.28842219084677,478
135000,-19007.723116103778,10735.203125,-8272.519991103778,301.5644427667365,95.81478765060298,478
140000,-19130.557909780196,10589.923828125,-8540.634081655196,297.48337697808586,93.482607685591,479
145000,-18792.680235673048,10757.966796875,-8034.713438798048,302.2039010000253,95.02987702784434,479
150000,-18964.362068441435,10461.9716796875,-8502.390388753935,293.8890511050613,95.8521003112894,478
155000,-18975.60768849014,10556.30078125,-8419.306907240141,296.5388661684705,94.3854000531775,478
160000,-18935.565281890144,10579.8515625,-8355.713719390144,297.20043522698586,93.7386601208276,477
165000,-18877.221153659702,10830.9794921875,-8046.241661472202,304.25491321846545,95.31422632231103,477
170000,-19144.59681473604,10691.431640625,-8453.16517411104,300.3348504487411,92.98773801665655,477
175000,-19017.00544578189,10765.6142578125,-8251.391187969391,302.41872714437903,91.0636772710293,477
180000,-19188.76114951982,10553.5625,-8635.198649519822,296.4619446375335,88.95013339704644,477
185000,-19385.230631721133,10851.8828125,-8533.347819221133,304.84211199510844,88.02062932297183,477
190000,-19202.927665968004,10486.478515625,-8716.449150343004,294.5774768607191,88.3963405732415,477
195000,-19202.0484241894,10388.0625,-8813.985924189401,291.8128555894029,86.72982699946084,476
200000,-19275.65044329017,10556.15234375,-8719.498099540171,296.5346963850531,86.82770481054959,476
205000,-19045.814364799386,10938.0224609375,-8107.791903861886,307.2618757181332,86.76153355851619,476
210000,-19074.46573869692,10744.5126953125,-8329.95304338442,301.82595951225096,88.92971131805538,476
215000,-19116.512483640385,10487.919921875,-8628.592561765385,294.6179676523251,88.79331814620102,476
220000,-19206.00078564002,10590.212890625,-8615.787895015019,297.49149708263553,87.77496665767147,476
225000,-19145.401157181186,10768.0986328125,-8377.302524368686,302.4885161510494,87.81328866422766,476
230000,-18915.003890573716,10964.9716796875,-7950.0322108862165,308.0189108706788,88.55946329754188,475
235000,-19030.81037045858,10594.369140625,-8436.441229833581,297.6082510183232,87.4528888842784,475
240000,-19311.42938617713,10603.001953125,-8708.42743305213,297.85075684338847,86.4552758181817,475
245000,-19117.07411689253,10700.8955078125,-8416.17860908003,300.60070157438685,86.35302761447088,475
250000,-19186.473165149393,10569.546875,-8616.926290149393,296.91096447290334,84.36365512499394,475
255000,-18767.067187984547,10496.84375,-8270.223437984547,294.86864844751136,84.17931697315757,475
260000,-19310.221518943872,10408.1240234375,-8902.097495506372,292.3764073048234,85.84871335013088,475
265000,-19120.131237216905,10406.583984375,-8713.547252841905,292.3331458018678,83.88557657818289,475
270000,-19217.274855757103,10498.3837890625,-8718.891066694603,294.9119099504671,84.38305038978709,474
275000,-19066.390688763917,10616.1025390625,-8450.288149701417,298.21876766276085,86.56878653593226,474
280000,-19314.992124020195,10649.0751953125,-8665.916928707695,299.1450082371394,85.85695879840667,474
285000,-19340.184263443865,10794.0712890625,-8546.112974381365,303.21811851795417,85.16096982407325,474
290000,-19438.40212023235,10464.0537109375,-8974.34840929485,293.94753780404767,87.0091322993347,474
295000,-19240.173850757143,10681.3544921875,-8558.819358569643,300.05177153371295,86.00640109197596,474
300000,-19152.364508898303,10537.98828125,-8614.376227648303,296.0244465721328,83.41027767484918,474
305000,-19120.932880722074,10480.10546875,-8640.827411972074,294.39845050162677,84.55653590326297,473
310000,-19449.18911403294,10468.1884765625,-8981.000637470439,294.06368821845115,81.86375480961824,473
315000,-19184.027295520456,10574.951171875,-8609.076123645456,297.06277750863995,85.68144658010587,473
320000,-19141.105462278254,10669.6181640625,-8471.487298215754,299.72208431588086,83.38618642008237,473
325000,-19256.297592802104,10492.8505859375,-8763.447006864604,294.75647578702586,83.37818325757254,473
330000,-19228.61467157636,10610.734375,-8617.88029657636,298.06796964009294,82.36224553115215,473
335000,-19414.73903961893,10613.73046875,-8801.00857086893,298.15213342643915,82.88295911663609,473
340000,-19135.762520383592,10634.486328125,-8501.276192258592,298.73518985245033,82.17586903976625,473
345000,-19362.238914421352,10626.2421875,-8735.996726921352,298.50360227607007,81.64336909440937,472
350000,-19127.854301758372,11002.6591796875,-8125.1951220708725,309.0775969341315,82.9927317374849,472
355000,-19224.837584201494,10655.38671875,-8569.450865451494,299.32230633073635,80.34421713695136,472
360000,-19127.334670794953,10304.0205078125,-8823.314162982453,289.4520174899347,80.62933382313011,472
365000,-19064.86998249023,10510.5654296875,-8554.304552802729,295.25410651855134,82.20287264675865,472
370000,-19505.236226531255,10751.646484375,-8753.589742156255,302.02635601135756,80.6799611810492,472
375000,-19159.79592144121,10687.853515625,-8471.942405816211,300.23433672215293,83.1642125740836,472
380000,-19627.9913620125,10592.5703125,-9035.4210495125,297.55771982717266,82.15408394350081,471
385000,-19207.236414889514,10536.8203125,-8670.416102389514,295.9916369605063,80.9694761251242,471
390000,-19020.547845045192,10717.78515625,-8302.762688795192,301.0751516020458,80.08254308959961,471
395000,-19187.696495888056,10891.36328125,-8296.333214638056,305.95116465299776,80.64547288870526,471
400000,-19257.67682076909,10585.4736328125,-8672.203187956591,297.3583657739204,78.65474551313281,471
405000,-19390.527018332403,10330.78515625,-9059.741862082403,290.20386784599424,80.26340138507356,471
410000,-19133.074261677757,10381.8134765625,-8751.260785115257,291.6373131940869,79.94043732779413,470
415000,-19206.304297185634,10580.025390625,-8626.278906560634,297.20531826282996,80.6689090127769,470
420000,-19278.39341502216,10669.7041015625,-8608.689313459661,299.7244984010173,81.43793811615133,470
425000,-19545.55401851001,10568.154296875,-8977.39972163501,296.8718453205795,79.85205937536155,470
430000,-19191.619426050034,10601.6005859375,-8590.018840112534,297.8113907959938,79.3054574959764,470
435000,-19131.26817250972,10344.572265625,-8786.69590688472,290.59116391367206,81.30662420648065,470
440000,-19573.562922161145,10402.91796875,-9170.644953411145,292.2301631245719,82.24553905154492,470
445000,-19549.082864694778,10824.6689453125,-8724.413919382278,304.0776425576541,80.51992665357393,470
450000,-19423.647686145632,10852.8740234375,-8570.773662708132,304.8699562725339,79.55282535125815,470
455000,-19293.54082716687,10714.927734375,-8578.613092791871,300.9948832712606,80.70893003022711,469
460000,-19269.345384469707,10400.0234375,-8869.321946969707,292.14885234793235,80.55337550149159,469
465000,-19213.49646971881,10655.5458984375,-8557.950571281312,299.3267778747958,82.36374051680752,469
470000,-19109.092910587555,10564.3994140625,-8544.693496525055,296.7663662597903,82.09416884916692,469
475000,-19287.90178791083,10561.9091796875,-8725.992608223329,296.69641265640604,83.64186297256718,469
480000,-19540.461092318452,10987.31640625,-8553.144686068452,308.64660043892775,83.18784503853377,469
485000,-19245.19123672956,10525.7119140625,-8719.479322667059,295.67958902384134,85.3921501051934,469
490000,-18941.634457481487,10862.9111328125,-8078.723324668987,305.1519104433508,83.36092329299346,469
495000,-19178.6027322266,10479.5810546875,-8699.021677539102,294.3837190957376,82.64642650210611,468
500000,-19309.822337872814,10461.2421875,-8848.580150372814,293.8685588141876,81.83325500303462,468
505000,-19346.153453027306,10651.0517578125,-8695.101695214806,299.20053219527654,80.89958033187528,468
510000,-19485.37352898148,10639.7412109375,-8845.63231804398,298.8828056719839,81.06201948259805,468
515000,-19502.485646287605,10726.0185546875,-8776.467091600105,301.3064374177841,81.68420955901719,468
520000,-19209.95711016291,10832.85546875,-8377.101641412912,304.30761159968154,81.51138525245668,468
525000,-19360.701896601735,10465.6689453125,-8895.032951289235,293.9929116314977,81.13660897738318,468
530000,-19499.196273229813,10802.9921875,-8696.204085729813,303.4687170147836,80.96260672092669,468
535000,-19379.335281571955,10412.4287109375,-8966.906570634455,292.4973310239284,82.35448796677255,468
540000,-19122.26459850531,10647.6630859375,-8474.60151256781,299.1053404291027,82.75318182066677,467
545000,-19637.128407373035,10998.291015625,-8638.837391748035,308.95489008395987,82.65990058836809,467
550000,-19668.598205134957,10523.5107421875,-9145.087462947457,295.61775552500677,79.9342277438462,467
555000,-19414.509524667053,10454.1796875,-8960.329837167053,293.6701649084328,82.65400894533569,467
560000,-19478.033679666318,10698.771484375,-8779.262195291318,300.54103526561795,83.44018454866831,467
565000,-19168.031297290887,10467.59765625,-8700.433641040887,294.04709138313837,83.2346297998672,467
570000,-19239.897361829586,10537.779296875,-8702.118064954586,296.01857595600563,81.23401384997236,467
575000,-19187.709900617832,10420.501953125,-8767.207947492832,292.72411786282146,81.05811517060586,467
580000,-19361.361384390984,10385.05078125,-8976.310603140984,291.72825287848644,80.90108672520479,467
585000,-19528.957587638375,10416.189453125,-9112.768134513375,292.6029746814314,82.11150054068678,467
590000,-19255.670947158273,10612.70703125,-8642.963915908273,298.1233838670875,80.91248027235362,467
595000,-19373.064880016653,10583.06640625,-8789.998473766653,297.2907439573156,80.16861349246646,467
600000,-19167.786725727085,10557.5302734375,-8610.256452289585,296.5734040455923,81.75125612850464,467
605000,-19248.00889694193,10754.412109375,-8493.59678756693,302.1040456602925,80.8944570513563,467
610000,-19496.350621693986,10806.533203125,-8689.817418568986,303.5681882955174,80.27391565948854,466
615000,-19212.79816409656,10545.154296875,-8667.643867221559,296.22574835316556,77.91383536875443,466
620000,-19209.827852210423,10753.3232421875,-8456.504610022923,302.073458104303,78.77061498995225,466
625000,-19221.133133051277,10617.134765625,-8603.998367426277,298.24776411718324,80.00554451515353,466
630000,-19743.98973903907,10842.845703125,-8901.144035914069,304.58824899678774,78.00266375767353,466
635000,-19458.18781712724,10386.255859375,-9071.93195775224,291.7621049359673,79.29732634912494,466
640000,-19594.378833356663,10397.51171875,-9196.867114606663,292.078295223264,79.78150809003101,466
645000,-19559.567452231233,10543.05078125,-9016.516670981233,296.1666581328951,79.75987368720476,466
650000,-19492.192451625728,10625.2890625,-8866.903389125728,298.47682787728456,78.87933140931194,466
655000,-19541.807798630703,10514.5439453125,-9027.263853318203,295.36586768725226,79.868204814927,466
660000,-19547.703018270346,10531.93359375,-9015.769424520346,295.8543633011593,79.51802236471669,466
665000,-19368.17405138693,10182.578125,-9185.59592638693,286.0405585659922,80.99263104780566,466
670000,-19158.067003359916,10900.248046875,-8257.818956484916,306.2007481367585,81.09258215980358,466
675000,-19414.975046214066,10765.998046875,-8648.976999339066,302.4295082291359,80.53151737790452,465
680000,-19319.97696498905,10724.888671875,-8595.088293114051,301.27469768479756,79.85511595330438,465
685000,-19500.707039576766,10878.35546875,-8622.351570826766,305.5857599482613,81.26047244604239,465
690000,-19426.438196610616,10391.3046875,-9035.133509110616,291.9039324377306,80.981273195616,465
695000,-19717.76013253891,10384.365234375,-9333.394898163911,291.70899506296655,80.7521367425059,465
700000,-19720.52331328574,10437.6064453125,-9282.91686797324,293.20460310332146,80.71967722449509,465
705000,-19472.73118785763,10516.587890625,-8956.14329723263,295.4232845075986,80.4186966835196,465
710000,-19274.29329333405,10421.443359375,-8852.849933959049,292.7505630681793,81.49878686263004,465
715000,-19338.108190528772,10774.4296875,-8563.678503028772,302.6663629003592,79.43256554469387,465
720000,-19518.671757393124,10331.8837890625,-9186.787968330624,290.23472972984024,79.82126057083426,465
725000,-19546.17285216786,10518.6015625,-9027.57128966786,295.4798509115901,79.57336902300312,465
730000,-19625.12021096055,10720.70703125,-8904.413179710551,301.1572304966833,79.50797661739088,465
735000,-19392.56955881155,10720.0732421875,-8672.496316624049,301.13942661880236,79.78156309882317,465
740000,-19225.01539754527,10425.240234375,-8799.77516317027,292.85722173875104,80.38240529849189,465
745000,-19531.81611125081,10646.4453125,-8885.37079875081,299.0711317454085,80.25428106160018,464
750000,-19470.290027891533,10262.83203125,-9207.457996641533,288.2949848899595,80.32739433876196,464
755000,-19470.598514201163,10723.06640625,-8747.532107951163,301.22350810679166,78.74578820023213,464
760000,-19923.149785684713,10600.357421875,-9322.792363809713,297.77646885987303,77.9007270241118,464
765000,-19660.385561882606,10646.7666015625,-9013.618960320106,299.08015713188433,79.58019157868779,464
770000,-19506.077485902148,10474.5625,-9031.514985902148,294.24274201032915,80.26151077072787,464
775000,-19541.867169631892,10365.962890625,-9175.904279006892,291.1920516503498,78.86506350788501,464
780000,-19614.602685302758,10679.552734375,-8935.049950927758,300.0011580442055,80.56307315892727,464
785000,-19292.249547158557,10866.984375,-8425.265172158557,305.2663325922589,79.09300652836116,464
790000,-19521.613666192396,10598.314453125,-8923.299213067396,297.7190794723123,78.74477091775034,464
795000,-19612.892905111134,10694.630859375,-8918.262045736134,300.42472025450064,80.03070038140959,464
800000,-19487.669143685358,10482.44140625,-9005.227737435358,294.4640697248798,78.0704073555894,464
805000,-19369.78758040542,10508.97265625,-8860.81492415542,295.2093636451711,78.93772389228772,464
810000,-19254.191757118853,10280.5927734375,-8973.598983681353,288.79390496241007,78.99793729292405,464
815000,-19447.949593549638,10568.6904296875,-8879.259163862138,296.8869059198963,78.94695220207227,464
820000,-19206.246290871364,10823.376953125,-8382.869337746364,304.04134898225124,78.89413431452698,464
825000,-19500.738245211498,10629.85546875,-8870.882776461498,298.6051035829413,78.77255520719292,464
830000,-19256.402564827236,10433.3779296875,-8823.024635139736,293.0858191414965,80.17048892692063,463
835000,-19409.46014787139,10783.7021484375,-8625.757999433888,302.92683720001935,79.51325068000342,463
840000,-19798.786022129512,10467.3017578125,-9331.484264317012,294.0387792490892,77.77061215836602,463
845000,-19477.304976701722,10416.529296875,-9060.775679826722,292.6125212908344,76.5739085537592,463
850000,-19666.91501876508,10923.31640625,-8743.598612515081,306.84876539916723,76.3731428842348,463
855000,-19462.147414626394,10578.935546875,-8883.211867751394,297.1747032740547,77.24448151759412,463
860000,-19212.01688217261,10430.888671875,-8781.128210297611,293.0158929708979,77.15924248422881,463
865000,-19752.73030650786,10641.103515625,-9111.62679088286,298.9210744079529,76.41155377001766,463
870000,-19664.998222873415,10582.7529296875,-9082.245293185915,297.2819380331249,77.83205271893809,463
875000,-19583.72098954134,10492.9931640625,-9090.72782547884,294.76048097372944,78.25385231254478,463
880000,-19108.680236994318,10999.205078125,-8109.475158869318,308.9805671713197,77.5519832456478,463
885000,-19015.268366858116,10730.525390625,-8284.742976233116,301.4330397235167,77.50457049781322,463
890000,-19406.018818319368,10688.3642578125,-8717.654560506868,300.2486840690431,78.36981117175672,463
895000,-19548.375353653668,10927.556640625,-8620.818713028668,306.96787855441994,78.23050799600688,463
900000,-19300.738961781142,10359.37890625,-8941.360055531142,291.00709980955907,78.1571054945579,463
905000,-19382.611251682625,10451.04296875,-8931.568282932625,293.5820508009543,78.6879968038701,463
910000,-19498.15447449153,10515.53125,-8982.62322449153,295.39360223353515,77.95263005089103,462
915000,-19543.65283979787,10866.673828125,-8676.97901167287,305.2576089664251,78.47222901661665,462
920000,-19687.810866193206,10629.6025390625,-9058.208327130706,298.5979984914604,81.83633911159814,462
925000,-19183.594708390607,10829.2998046875,-8354.294903703107,304.2077288271631,81.8653614022095,462
930000,-19526.80493845143,10958.9228515625,-8567.88208688893,307.8489921964192,78.8279783939772,462
935000,-19262.085337201832,10516.27734375,-8745.807993451832,295.4145608817648,80.68651917668231,462
940000,-19520.295648600353,10393.42578125,-9126.869867350353,291.96351644814257,80.49673070109398,462
945000,-19358.361838947734,10551.935546875,-8806.426292072734,296.4162416166558,79.5925057863692,462
950000,-19676.738353388777,10975.27734375,-8701.461009638777,308.30840905754695,80.45820426764665,462
955000,-19640.12892037515,10593.78125,-9046.347670375151,297.5917364813673,81.11659022852257,462
960000,-19427.79151392092,10546.51171875,-8881.279795170922,296.26387992520637,80.5669009190735,462
965000,-19548.79173054057,10547.0859375,-9001.705793040572,296.2800104031632,80.18044515887308,462
970000,-19608.885093473786,10379.859375,-9229.025718473786,291.5824201900195,79.57454902312047,462
975000,-19880.37512681895,10855.12109375,-9025.254033068952,304.93307911229357,79.3011577336184,462
980000,-19788.93614373362,10220.0703125,-9568.86583123362,287.09375807231675,78.75591404457168,462
985000,-20017.651659327283,10361.328125,-9656.323534327283,291.06185564969826,78.37593143252927,462
990000,-19533.214185655073,10872.056640625,-8661.157545030073,305.40881848087764,79.61017803857251,462
995000,-19839.661997746705,10318.68359375,-9520.978403996705,289.86392076633246,77.74589683617195,462
1000000,-19393.15393994366,10576.6455078125,-8816.508432131159,297.11037339172685,78.83562726348664,462
1005000,-19510.973048002663,10575.6533203125,-8935.319727690163,297.08250168151574,79.34412926467749,462
1010000,-19625.70117323975,10454.689453125,-9171.011720114751,293.68448482253734,78.62319133973601,462
1015000,-19259.582880631177,10368.107421875,-8891.475458756177,291.2522940476172,79.71714517043695,462
1020000,-19552.009892615693,10603.111328125,-8948.898564490693,297.85382931538027,77.80709783219915,462
1025000,-19615.365124399992,10496.29296875,-9119.072155649992,294.85317635640996,78.03532045625244,461
1030000,-19573.464532573445,10727.82421875,-8845.640313823445,301.35716063843404,79.17953473517919,461
1035000,-19481.97679030191,10570.25390625,-8911.72288405191,296.93082580970736,78.68028919565148,461
1040000,-19385.255457249456,10167.3095703125,-9217.945886936956,285.61164696249716,79.32217261442331,461
1045000,-19521.85768865983,10778.0068359375,-8743.850852722331,302.76684919416175,77.03831141421334,461
1050000,-19508.45575815985,10433.2265625,-9075.22919565985,293.08156705972215,76.98593813530272,461
1055000,-19458.10501978184,10654.4287109375,-8803.67630884434,299.2953947680227,76.71688855766209,461
1060000,-19596.99309398883,10811.3046875,-8785.688406488829,303.7022248861587,78.81918361439432,461
1065000,-19620.2918118526,10443.62109375,-9176.6707181026,293.3735616300836,80.56418643262694,461
1070000,-19294.52645556566,10856.900390625,-8437.626064940661,304.9830616477312,78.94177931290756,461
1075000,-19748.28041323622,10588.693359375,-9159.587053861222,297.4488116681784,77.46500518672124,461
1080000,-19647.66246969618,10899.7734375,-8747.88903219618,306.187415802937,78.6520292603627,461
1085000,-19926.39983601989,10615.359375,-9311.04046101989,298.19789131288815,77.89727571755958,461
1090000,-19645.888898190635,10682.61328125,-8963.275616940635,300.08713239440397,79.03202506805918,461
1095000,-19781.36028262561,10475.142578125,-9306.21770450061,294.2590370849998,77.71636313708044,461
1100000,-19470.95431082658,10625.16015625,-8845.794154576579,298.47320674958,77.319276120762,461
1105000,-19451.139520599914,10511.1904296875,-8939.949090912414,295.2716635013615,78.36796495134614,461
1110000,-19557.17949267692,10863.5361328125,-8693.643359864422,305.16946742616096,78.36470006770521,461
1115000,-19783.783966610645,10429.24609375,-9354.537872860645,292.9697510254499,79.33362849857596,461
1120000,-19678.781422491113,10362.375,-9316.406422491113,291.0912635959053,78.62548551397062,461
1125000,-19674.657108600004,10382.529296875,-9292.127811725004,291.6574214259617,78.26275020481101,461
1130000,-19381.959948717806,10868.912109375,-8513.047839342806,305.320484911114,78.93406045672643,461
1135000,-19725.78730212056,10622.736328125,-9103.05097399556,298.4051185756193,79.517705634851,461
1140000,-19516.7697469728,10558.86328125,-8957.906465722801,296.61084979799216,76.21735088178194,460
1145000,-19675.095020165885,10892.095703125,-8782.999317040885,305.9717392422284,76.32466252487006,460
1150000,-19331.180169124767,10905.4052734375,-8425.774895687267,306.34562067772794,77.40353024781135,460
1155000,-19532.279155472745,10517.251953125,-9015.027202347745,295.4419388018344,79.1015801950515,460
1160000,-19841.897033432528,10695.083984375,-9146.813049057528,300.437449067038,78.65481816045776,460
1165000,-19427.805983995277,10755.529296875,-8672.276687120277,302.13542876706566,78.54969938145287,460
1170000,-19474.060716189662,10139.1953125,-9334.865403689662,284.82188449668195,77.47551130796433,460
1175000,-19868.48542325737,10731.1650390625,-9137.32038419487,301.4510081981114,77.92948108836781,460
1180000,-19548.35273804507,10860.08203125,-8688.270706795069,305.0724376633492,74.5850955756383,460
1185000,-19768.083265582987,10672.78125,-9095.302015582987,299.81093910857163,76.02207208029304,460
1190000,-19359.745166595705,10196.271484375,-9163.473682220705,286.42522108624865,77.30618426687991,460
1195000,-19684.05164243726,10581.546875,-9102.504767437262,297.2480585428585,76.67966010221355,460
1200000,-19708.567938324326,10517.767578125,-9190.800360199326,295.4564233126528,78.93150318456496,460
1205000,-19689.824255842774,10578.423828125,-9111.400427717774,297.1603284943789,78.59165241255312,460
1210000,-19923.900047907548,10480.4072265625,-9443.492821345048,294.4069272323898,78.2204193483429,460
1215000,-19526.53848129601,10525.1875,-9001.350981296011,295.6648576179522,79.18281240808489,460
1220000,-19800.93589434809,10727.318359375,-9073.617534973091,301.342950455472,77.19422268105608,460
1225000,-19637.264751047755,10722.525390625,-8914.739360422755,301.2083103435466,77.73899112692396,460
1230000,-19540.934356131213,10560.08203125,-8980.852324881213,296.64508591447196,78.33452239620942,460
1235000,-19723.722605726594,10509.48046875,-9214.242136976594,295.2236286937043,76.58529404823514,460
1240000,-20172.44949171519,10806.0625,-9366.38699171519,303.55496569283844,76.54723052246474,460
1245000,-19500.961516785334,10905.6171875,-8595.344329285334,306.351573592212,78.1101174957275,460
1250000,-19667.27703408942,10540.76953125,-9126.50750283942,296.10257514563796,76.42641336880067,460
1255000,-19754.86900276535,10779.63671875,-8975.23228401535,302.81263451339635,76.50469966675628,460
1260000,-19665.620059009423,10342.52734375,-9323.092715259423,290.5337196605401,76.68558012214432,460
1265000,-19482.15655585815,10487.404296875,-8994.75225898315,294.6034831415067,75.61390052596497,460
1270000,-19624.22986238658,10602.146484375,-9022.083378011579,297.8267257231671,75.79220268046839,460
1275000,-19959.430639193815,10397.5263671875,-9561.904272006315,292.0787067150486,75.68079787191951,460
1280000,-19695.488620808523,10297.9765625,-9397.512058308523,289.28223597960334,74.70420863363027,460
1285000,-19638.388436798283,10642.4296875,-8995.958749298283,298.9583281308532,75.82863446756376,460
1290000,-19288.02970512866,10605.3203125,-8682.709392628662,297.91588227649993,77.30048621424345,460
1295000,-19973.534180575414,10720.552734375,-9252.981446200414,301.15289611655203,76.8645055340034,460
1300000,-19693.54330001134,10833.416015625,-8860.12728438634,304.3233580186394,75.04722818741763,460
1305000,-19780.338498310797,10553.458984375,-9226.879513935797,296.45903676225555,75.23097851596937,460
1310000,-19690.05661320583,10509.8564453125,-9180.20016789333,295.234190316176,73.9921742112294,460
1315000,-19913.337619122176,10693.24609375,-9220.091525372176,300.3858205644619,74.45509773659938,460
1320000,-19479.199345070767,10467.634765625,-9011.564579445767,294.0481338289928,74.32546748332916,459
1325000,-19521.739257234934,10366.8203125,-9154.918944734934,291.2161376361425,76.95364801751673,459
1330000,-19571.625380395155,10590.3046875,-8981.320692895155,297.49407576448584,76.52855718821347,459
1335000,-19840.725036794684,10736.1943359375,-9104.530700857184,301.592287044162,74.20566108182616,459
1340000,-19844.9118313957,10453.45703125,-9391.4548001457,293.6498646470585,73.35501771982271,459
1345000,-20008.264737698337,10563.1171875,-9445.147550198337,296.73034701224384,71.47748076937071,459
1350000,-19703.744766094474,10521.69140625,-9182.053359844474,295.56664824535784,71.72953541756344,459
1355000,-20090.992135845838,10797.314453125,-9293.677682720838,303.3092227990675,69.69396421119438,459
1360000,-19445.371974009162,10847.21875,-8598.153224009162,304.71109301088757,69.99504923831898,459
1365000,-19472.370952869052,10540.1142578125,-8932.256695056552,296.08416774647293,70.18214892171264,459
1370000,-20256.54851134814,10671.986328125,-9584.56218322314,299.78860882106,70.63043156786256,459
1375000,-19865.597857599438,10580.4765625,-9285.121295099438,297.2179922097961,69.07816014160635,459
1380000,-19827.36360238254,10516.998046875,-9310.365555507538,295.4348062775678,68.28015624513945,459
1385000,-19907.204433297695,10174.3388671875,-9732.865566110195,285.80910815354014,66.89362317473721,459
1390000,-20091.60810947405,10672.02734375,-9419.580765724051,299.7897609980569,68.45465453426574,459
1395000,-19890.048177392076,10627.96484375,-9262.083333642076,298.5519937099406,67.57890199785184,459
1400000,-19829.130585850115,10715.0625,-9114.068085850115,300.99866899567905,66.95609346225022,459
1405000,-19784.327963864882,10804.3359375,-8979.992026364882,303.5064645278254,67.29866915149202,459
1410000,-19676.643895892863,10459.9443359375,-9216.699559955363,293.8321006420709,67.98365419746898,459
1415000,-19795.71939291997,10768.5009765625,-9027.218416357471,302.49981845873344,67.66263656730837,459
1420000,-19729.57413598297,10521.92578125,-9207.64835473297,295.5732321139117,66.83393372787678,459
1425000,-19727.458550269177,10499.1142578125,-9228.344292456677,294.9324296741264,66.17083702382756,459
1430000,-19899.473595508316,10283.2744140625,-9616.199181445816,288.86923539177997,67.18932722795864,459
1435000,-20029.67070883933,10692.1259765625,-9337.54473227683,300.35435515933176,65.39146241045397,459
1440000,-19774.123899881553,10430.470703125,-9343.653196756553,293.0041517386436,65.83902899553458,459
1445000,-20068.67266184796,10533.17578125,-9535.496880597959,295.88925780449455,64.8975717935898,459
1450000,-19883.15562050903,10779.2392578125,-9103.916362696531,302.80146936964053,64.23388237638254,459
1455000,-19836.280501295856,10579.85546875,-9256.425032545856,297.20054495812843,65.75024240418821,459
1460000,-20373.919370046395,10475.3984375,-9898.520932546395,294.26622447483777,62.706831705079914,459
1465000,-20074.33712218456,10597.6484375,-9476.68868468456,297.7003703125052,62.89922671599527,459
1470000,-19735.117710708204,10602.763671875,-9132.354038833204,297.8440632436921,62.67903120133014,459
1475000,-20194.08014654751,10651.5908203125,-9542.489326235009,299.2156750929503,60.78378306782505,459
1480000,-20199.917736679738,10351.0380859375,-9848.879650742238,290.7727963874003,60.666329210099214,459
1485000,-20503.751923917458,10468.73828125,-10035.013642667458,294.07913287676695,60.85386973667795,459
1490000,-20039.772806817637,10464.83984375,-9574.932963067637,293.96962119648856,60.28437819205485,458
1495000,-19808.995672384466,10516.98046875,-9292.015203634466,295.43431248742627,59.79230083573841,458
1500000,-20258.64732516925,10303.1953125,-9955.452012669251,289.4288367860682,59.02935212938195,458
1505000,-19827.275796123606,10828.15234375,-8999.123452373606,304.1754953040351,58.42927821778402,458
1510000,-20013.695822187714,10514.96484375,-9498.730978437714,295.3776912178635,57.12410822095233,458
1515000,-20340.455392588978,10580.4765625,-9759.978830088978,297.2179922097961,55.464788204531736,458
1520000,-19735.55321265789,10766.654296875,-8968.898915782891,302.44794306108656,57.34522150980138,458
1525000,-19997.09573723952,10428.587890625,-9568.50784661452,292.95126132792797,56.791227470294146,458
1530000,-19717.298659213746,10707.75,-9009.548659213746,300.7932522968002,56.14044414050596,458
1535000,-19853.718495774025,10993.9736328125,-8859.744862961525,308.83360973864154,56.7070356294916,458
1540000,-20052.039884408892,10527.001953125,-9525.037931283892,295.71582773367294,57.73453433123,458
1545000,-20102.406703006447,10659.5869140625,-9442.819788943947,299.4402947417778,58.43362271414237,458
1550000,-20068.2003556172,10448.4755859375,-9619.724769679699,293.5099300075044,56.88934054618245,458
1555000,-20050.627596207225,10746.5205078125,-9304.107088394725,301.8823613195286,56.34574529940988,458
1560000,-19892.481725913618,10440.7568359375,-9451.724889976118,293.2931012697989,55.0446855526493,458
1565000,-20422.5743542508,10826.1181640625,-9596.456190188299,304.11835281154515,55.66561106977263,458
1570000,-20272.365510908,10751.03125,-9521.334260908,302.0090733564038,54.69253201311455,458
1575000,-20202.267788269426,10686.751953125,-9515.515835144426,300.20339253995,55.222030254984055,458
1580000,-20251.80383332759,10626.3916015625,-9625.41223176509,298.50779949227314,54.875817643979325,458
1585000,-20094.54284450019,10838.9375,-9255.605344500189,304.47846298865295,55.37047521909632,458
1590000,-20030.659055191136,10513.02734375,-9517.631711441136,295.323264571152,55.3247495669173,458
1595000,-20176.144522094633,10609.197265625,-9566.947256469633,298.02479043549425,55.77617982163332,458
1600000,-20136.360493854663,10649.8681640625,-9486.492329792163,299.16728365907977,56.73222944192289,458
1605000,-20297.0898606142,10700.9912109375,-9596.0986496767,300.60338998737967,55.61462470188911,458
1610000,-20141.820215726417,10554.7021484375,-9587.118067288917,296.49395869837633,56.237494938347105,458
1615000,-20049.543702671144,10901.478515625,-9148.065187046144,306.23531344666594,55.71046025435619,458
1620000,-20034.982727966926,10621.1328125,-9413.849915466926,298.360073941597,55.741948982426706,458
1625000,-20402.16115928642,10927.822265625,-9474.338893661421,306.9753402721142,56.655346635763074,457
1630000,-20082.490432201055,10574.5458984375,-9507.944533763555,297.05139290259905,55.79141194884295,457
1635000,-20153.886459694448,10866.193359375,-9287.693100319448,305.2441120358898,55.75363739628458,457
1640000,-20058.77800332714,10612.638671875,-9446.139331452141,298.1214635720927,56.54548737539911,457
1645000,-19822.48517943878,10530.703125,-9291.78205443878,295.81979799125185,56.89468996752711,457
1650000,-20129.377516515116,10611.244140625,-9518.133375890116,298.0822895541975,55.596380849844905,457
1655000,-20289.806741242428,10622.7568359375,-9667.049905304928,298.40569466411773,55.9676492621788,457
1660000,-20023.49246401721,10714.203125,-9309.28933901721,300.97452814431506,55.34161636178569,457
1665000,-19989.84329190383,10661.31640625,-9328.526885653831,299.4888782051478,55.90096170806905,457
1670000,-20208.472891874917,10865.4462890625,-9343.026602812417,305.22312595487455,55.460975713947064,457
1675000,-20172.330500551543,10997.36328125,-9174.967219301543,308.92882893760105,55.7179030534807,457
1680000,-20466.92508226166,10426.86328125,-10040.06180101166,292.9028150284862,54.352029633241365,457
1685000,-20245.41503783151,10755.845703125,-9489.56933470651,302.1443169896133,55.066465770208,457
1690000,-20361.58750407044,10793.998046875,-9567.589457195441,303.2160610590311,55.13212512683726,457
1695000,-20180.54929720945,10520.232421875,-9660.31687533445,295.5256636636104,55.68286672986946,457
1700000,-20046.952628034138,10574.2119140625,-9472.740713971638,297.0420108899098,55.76192489726899,457
1705000,-20330.363829022026,10757.296875,-9573.066954022026,302.18508210907567,55.50216938976763,457
1710000,-19962.440507468506,10505.7978515625,-9456.642655906006,295.12017965905255,55.86646008539764,457
1715000,-20186.16990137825,10558.064453125,-9628.105448253249,296.58840977933795,55.77576053672984,457
1720000,-20114.017437372982,10904.58984375,-9209.427593622982,306.3227143017178,54.92199148650435,457
1725000,-20288.901229770025,10659.8671875,-9629.034042270025,299.4481679512567,54.36540503176751,457
1730000,-20141.328810094943,10572.6318359375,-9568.696974157443,296.9976246427429,54.600880983601854,457
1735000,-20298.335612121213,10535.69140625,-9762.644205871213,295.9599246603055,54.27115602818212,457
1740000,-20472.525127747474,10481.5078125,-9991.017315247474,294.4378439818071,54.79563558057865,457
1745000,-20103.00503755221,10514.8046875,-9588.200350052211,295.3731922410184,54.62541960679901,457
1750000,-20402.13913811212,10543.7802734375,-9858.358864674621,296.1871504237688,52.780276793322955,457
1755000,-20299.25809873076,10696.9453125,-9602.31278623076,300.4897359564695,53.61528331639595,457
1760000,-20347.664082352057,10746.8671875,-9600.796894852057,301.8920999584311,53.29436784401829,457
1765000,-20496.374731743752,10622.091796875,-9874.282934868752,298.38701293709636,53.77119463737862,457
1770000,-20371.16133106727,10270.1025390625,-10101.05879200477,288.4992219790558,54.16926123295754,457
1775000,-20415.880609680113,10773.3095703125,-9642.571039367613,302.63489749522915,53.6372004575157,456
1780000,-20341.757288461435,10507.1474609375,-9834.609827523935,295.1580917688083,52.69646724716123,456
1785000,-20144.0186528528,10439.291015625,-9704.7276372278,293.251924658552,53.795219448608954,456
1790000,-20433.053018780905,10573.2841796875,-9859.768839093405,297.015949743551,53.78167729088332,456
1795000,-20221.245690785858,10646.248046875,-9574.997643910858,299.06559032270906,53.812086987566126,456
1800000,-20516.247122335364,10703.240234375,-9813.006887960364,300.6665676927106,53.59005625749496,456
1805000,-20175.926056130455,10527.48046875,-9648.445587380455,295.72926979863695,53.001707405212734,456
1810000,-20368.278988053018,10526.19140625,-9842.087581803018,295.693058521591,52.41164570312955,456
1815000,-20316.96706000877,10869.654296875,-9447.31276313377,305.3413338282011,52.81827259378828,456
1820000,-20512.36267919076,10457.0849609375,-10055.277718253259,293.7517774457144,53.44783431424631,456
1825000,-20180.581703782445,10553.515625,-9627.066078782445,296.4606278638227,51.97784664747134,456
1830000,-20312.978897963243,10612.9619140625,-9700.016983900743,298.1305438241398,52.30030355879399,456
1835000,-20424.4579922376,11000.140625,-9424.3173672376,309.00684777996366,51.813249070895814,456
1840000,-20216.956158073648,10584.541015625,-9632.415142448648,297.33216746363337,50.473017556658,456
1845000,-20427.081052777998,10671.154296875,-9755.926755902998,299.76523608769395,50.51617142135429,456
1850000,-20030.046974993194,10599.3525390625,-9430.694435930694,297.74824052344854,50.31669614648128,456
1855000,-19775.53058448108,10649.1435546875,-9126.38702979358,299.14692853213427,49.47775817060565,456
1860000,-20231.735206033874,10584.4384765625,-9647.296729471374,297.3292870211411,49.32231781200561,456
1865000,-20430.500746004443,10539.2021484375,-9891.298597566943,296.0585455246844,48.16585314516526,456
1870000,-20493.608662503437,10592.8125,-9900.796162503437,297.5645231580116,48.22218439643094,456
1875000,-20245.800517264404,10394.861328125,-9850.939189139404,292.00384264303466,47.79104100763655,456
1880000,-20416.70288752894,10671.5390625,-9745.16382502894,299.7760446052365,47.894520305244136,456
1885000,-20206.65050109323,10684.6953125,-9521.95518859323,300.1456190933904,48.08389302282314,456
1890000,-20380.37701088941,10807.5,-9572.87701088941,303.59534675330184,48.53152345203453,456
1895000,-19920.735390429778,10561.517578125,-9359.217812304778,296.68541210936405,49.17457265438851,456
1900000,-20454.356708268388,10955.16015625,-9499.196552018388,307.7432936733449,48.97382563277255,456
1905000,-20224.256316942745,10321.30078125,-9902.955535692745,289.93744063185,47.68803277866148,456
1910000,-20402.701636218946,10680.8154296875,-9721.886206531446,300.03662863603915,48.48821153658683,456
1915000,-20456.629523141833,10635.302734375,-9821.326788766833,298.7581236612461,47.97784138347283,456
1920000,-20267.062827120128,10768.041015625,-9499.021811495128,302.48689761669664,48.48889438231714,456
1925000,-20396.298073271522,10592.2041015625,-9804.093971709022,297.5474325325573,48.21563506593347,456
1930000,-20319.1409421086,10740.7490234375,-9578.3919186711,301.72023355639107,47.74413211031377,456
1935000,-20474.660712238096,10530.7734375,-9943.887274738096,295.82177315181804,47.31740530214432,455
1940000,-20463.992061675177,10596.07421875,-9867.917842925177,297.6561486620521,47.75390252335434,455
1945000,-20295.422399793693,10608.818359375,-9686.604040418693,298.0141465146656,47.75814841555631,455
1950000,-20487.886985509496,10388.599609375,-10099.287376134496,291.82794362150537,47.19230319346157,455
1955000,-20602.530424200522,10437.333984375,-10165.196439825522,293.1969493561277,46.69332764627531,455
1960000,-20503.80800459013,10270.99609375,-10232.81191084013,288.52432297791717,47.493546152567546,455
1965000,-20372.37525933869,10492.5673828125,-9879.807876526189,294.74852027918996,46.64385143175708,455
1970000,-20393.20988710817,10710.748046875,-9682.461840233169,300.87747094871764,47.06926060328992,455
1975000,-20437.789758381216,10637.1708984375,-9800.618859943716,298.8106025801771,46.68883166738419,455
1980000,-20551.830248763028,10906.205078125,-9645.625170638028,306.36808812916775,46.24477647836656,455
1985000,-20569.845329257296,10821.1796875,-9748.665641757296,303.97962521455923,47.03661240911934,455
1990000,-20355.06613039518,10419.5283203125,-9935.537810082678,292.69676737553755,47.263023205986045,455
1995000,-20345.47483222191,10566.85546875,-9778.61936347191,296.8353597156771,47.14024831227387,455
2000000,-20249.043985627955,10695.15234375,-9553.891641877955,300.43936936203283,47.074138736057094,455
2005000,-20607.68892787627,10558.4375,-10049.251427876268,296.59888910345273,46.61360440229083,455
2010000,-20617.15910640887,10537.16015625,-10079.998950158872,296.00118356990936,46.61639508292097,455
2015000,-20550.91474529558,10681.041015625,-9869.87372967058,300.0429656095222,46.172923066885055,455
2020000,-20467.27623432163,10301.5986328125,-10165.67760150913,289.3839841815453,46.8675248127945,455
2025000,-20411.986196359037,10404.36328125,-10007.622915109037,292.2707636473204,47.517170042566455,455
2030000,-20418.427891379615,10505.517578125,-9912.910313254615,295.1123064495736,47.53770358468432,455
2035000,-20471.17986466689,10311.0927734375,-10160.08709122939,289.6506857235459,47.61160707668987,455
2040000,-20454.26614458213,10526.87109375,-9927.395050832129,295.7121517403971,47.398049937215,455
2045000,-20744.04116185919,10629.474609375,-10114.56655248419,298.59440479654137,46.901526554444764,455
2050000,-20724.337311218915,10419.716796875,-10304.620514343915,292.7020619031663,47.27006039398598,455
2055000,-20695.448187016795,10557.57421875,-10137.873968266795,296.57463852094617,46.750547347373086,455
2060000,-20400.04153587835,10523.90234375,-9876.13919212835,295.6287560720488,47.106721580323125,455
2065000,-20436.87422827733,10674.9619140625,-9761.912314214831,299.87219651890774,47.206940175603755,455
2070000,-20472.583066645937,10580.080078125,-9892.502988520937,297.20685449882586,46.702451549090895,455
2075000,-20281.32624741725,10673.826171875,-9607.500075542252,299.8402921892074,46.628912286163036,455
2080000,-20696.19375629707,10509.0263671875,-10187.16738910957,295.2108724483813,45.94613891527521,455
2085000,-20614.50609606209,10646.6123046875,-9967.89379137459,299.0758227517531,46.63929898161258,454
2090000,-20404.234266697997,10316.7607421875,-10087.473524510497,289.80990561140555,47.251596691866496,454
2095000,-20675.3864713348,10604.8349609375,-10070.551510397301,297.90224818203643,47.081073418423784,454
2100000,-20593.961341061397,10640.3056640625,-9953.655676998897,298.8986618220843,46.86698291899353,454
2105000,-20422.95644338125,10891.01171875,-9531.944724631248,305.94128885016704,47.07777090634249,454
2110000,-20116.68568749301,10702.828125,-9413.857562493009,300.65499105717015,47.387209946339134,454
2115000,-20567.070707595703,10638.208984375,-9928.861723220703,298.83976363131336,46.62889375533274,454
2120000,-20479.352513695194,10774.841796875,-9704.510716820194,302.67793953589967,47.119052613080534,454
2125000,-20323.844051924112,10597.9345703125,-9725.909481611612,297.708408118698,47.65426736058997,454
2130000,-20487.082336448366,10497.875,-9989.207336448366,294.89761746914814,46.872750657147535,454
2135000,-20662.876934162065,10628.21875,-10034.658184162065,298.5591262342072,46.214103947689196,454
2140000,-20731.631505082027,10321.884765625,-10409.746739457027,289.9538454376633,46.265484719003005,454
2145000,-20153.53780442923,10550.4912109375,-9603.04659349173,296.37566852669295,45.45105932658958,454
2150000,-20449.657457414563,10491.814453125,-9957.843004289563,294.72736960146085,46.26975869202458,454
2155000,-20428.3117227155,10429.6796875,-9998.632035215502,292.9819311822744,46.314239167092225,454
2160000,-20694.895471058044,10517.8857421875,-10177.009728870544,295.45974267971536,46.42674378264606,454
2165000,-20403.134865385146,10942.490234375,-9460.644631010146,307.38738071244023,46.332297487168034,454
2170000,-20415.84642181157,10358.404296875,-10057.44212493657,290.97972188948944,46.08339383840861,454
2175000,-20505.769061602434,10562.2890625,-9943.479999102434,296.7070840100203,46.19290290858215,454
2180000,-20358.165803717027,10561.2060546875,-9796.959749029527,296.67666105074466,45.638208558399285,454
2185000,-20629.876042955875,10448.873046875,-10181.002996080875,293.5210951512602,46.24386434389728,454
2190000,-20747.79755961767,10510.330078125,-10237.46748149267,295.2474952172119,46.73917721077637,454
2195000,-20810.790036574865,10572.9638671875,-10237.826169387365,297.00695178986075,47.14517352128143,454
2200000,-20417.49561729125,10539.7783203125,-9877.71729697875,296.0747308682125,46.22305389066109,454
2205000,-20493.04050453208,10624.669921875,-9868.37058265708,298.45943549118823,46.10523504792536,454
2210000,-20189.282609929345,10762.833984375,-9426.448625554345,302.34062600365945,46.281978540815665,454
2215000,-20721.187274275027,10601.71484375,-10119.472430525027,297.81460043191385,45.71201904874142,454
2220000,-20713.7447322331,10362.625,-10351.119732233099,291.09828638902934,46.40501207536558,454
2225000,-20724.236743594956,10966.583984375,-9757.652759219956,308.0642023997719,46.788550090301456,454
2230000,-20436.24131029856,10686.763671875,-9749.47763842356,300.20372173337773,46.7860260378774,454
2235000,-20650.308737044426,10818.80859375,-9831.500143294426,303.9130184110232,46.906225557996734,454
2240000,-20828.16759634466,10416.03125,-10412.136346344661,292.59853057015755,46.65117726846615,454
2245000,-20619.76130764562,10716.744140625,-9903.017167020618,301.04590825255264,45.87821647880946,454
2250000,-20697.239040508823,10617.0859375,-10080.153103008823,298.24639247790117,45.97516248190267,453
2255000,-20651.62285911008,10662.923828125,-9988.69903098508,299.53403257031266,46.288724447878536,453
2260000,-20720.188698837796,10869.8271484375,-9850.361550400296,305.3461894312595,46.449487277518074,453
2265000,-20661.10830528302,10699.431640625,-9961.676664658022,300.55957982871115,46.3908149195883,453
2270000,-20609.766921228394,10448.2373046875,-10161.529616540894,293.50323640780806,46.377306475629666,453
2275000,-20756.111013235903,10976.3603515625,-9779.750661673403,308.3388320168227,46.1506536525314,453
2280000,-20397.145753135963,10519.8837890625,-9877.261964073463,295.5158701591366,46.2407484831327,453
2285000,-20689.336059938025,10960.462890625,-9728.873169313025,307.8922536993749,46.22243519123151,453
2290000,-20511.44246705879,10826.12109375,-9685.32137330879,304.11843510990207,47.1883538043554,453
2295000,-20715.888565641842,10541.5712890625,-10174.317276579342,296.12509746264914,46.96488014305881,453
2300000,-20552.94901741309,10531.61328125,-10021.335736163091,295.8453653474691,47.1405113472638,453
2305000,-20590.56978158209,10665.892578125,-9924.67720345709,299.6174282386609,46.54538432240172,453
2310000,-20874.79969093333,10260.125,-10614.67469093333,288.21894120816296,45.72317437402158,453
2315000,-20579.76419082182,10420.6875,-10159.076690821821,292.7293300920933,46.64355111753055,453
2320000,-20423.107746192167,10721.6171875,-9701.490558692167,301.18279785290065,46.062699580488804,453
2325000,-20602.90278380846,10640.3427734375,-9962.560010370958,298.89970426793866,46.642750357871506,453
2330000,-20559.110218798698,10810.65625,-9748.453968798698,303.6840095164932,46.634406616068325,453
2335000,-20430.30025646332,10732.396484375,-9697.90377208832,301.4856009408046,47.34891958742523,453
2340000,-20389.35006580448,10510.70703125,-9878.64303455448,295.25808427246926,47.462464525491356,453
2345000,-20527.873877161546,10437.8056640625,-10090.068213099046,293.2101993915922,46.12122923626821,453
2350000,-20693.12371358603,10810.9775390625,-9882.146174523528,303.69303490296903,47.22304297091363,453
2355000,-20296.6979976438,10799.7646484375,-9496.933349206302,303.37805165824045,47.203688114372994,453
2360000,-20324.86124199946,10880.0888671875,-9444.77237481196,305.6344531427738,46.63017244946566,453
2365000,-20499.25646439851,10558.5498046875,-9940.70665971101,296.60204387380145,45.70200615921426,453
2370000,-20511.13657513846,10598.443359375,-9912.693215763458,297.7227006000169,46.70814197890787,453
2375000,-20362.414129566765,10627.6787109375,-9734.735418629265,298.54395590374776,46.58992335737534,453
2380000,-20784.34431823663,10414.1494140625,-10370.194904174132,292.54566759222763,46.308692908796914,453
2385000,-20468.140610299248,10377.314453125,-10090.826157174248,291.5109303506394,46.22361038870121,453
2390000,-20428.63072828467,10765.3359375,-9663.294790784668,302.41090880047136,47.119946765049384,453
2395000,-20386.379901897584,10544.44140625,-9841.938495647584,296.2057224196477,47.17793948546265,453
2400000,-20540.37149614749,10569.77734375,-9970.59415239749,296.9174386103146,47.342777191394234,453
2405000,-20359.9643125992,10486.4697265625,-9873.4945860367,294.5772299656483,47.765080354138256,453
2410000,-20783.08061642194,10724.4404296875,-10058.64018673444,301.2621060361884,46.068377213311905,453
2415000,-20411.957773844304,10570.607421875,-9841.350351969304,296.94075647810934,46.192485698181855,453
2420000,-20590.404248574545,10787.46875,-9802.935498574545,303.0326454542362,46.826196719723356,453
2425000,-20356.87825038527,10482.8662109375,-9874.01203944777,294.4760029866335,46.43632071292738,453
2430000,-20461.13039246347,10759.87109375,-9701.25929871347,302.257394932025,47.233842558176974,453
2435000,-20819.072614816294,10471.935546875,-10347.137067941294,294.1689478169552,46.72510778590042,453
2440000,-20686.989646658694,10934.216796875,-9752.772849783694,307.15497015249065,47.79344533616631,453
2445000,-20573.678015052094,10589.3427734375,-9984.335241614594,297.46705447062953,46.4940336982704,453
2450000,-20630.760128882786,10344.0703125,-10286.689816382786,290.5770634618527,46.797618084261366,452
2455000,-20607.591903643,10492.884765625,-10114.707138017999,294.75743593452324,46.13341435452641,452
2460000,-20795.584137371014,10913.552734375,-9882.031402996014,306.5744924083297,45.93965355179384,452
2465000,-20476.955608120334,10736.3701171875,-9740.585490932834,301.59722494557735,46.39890905899219,452
2470000,-20782.830422706364,10710.349609375,-10072.480813331364,300.86627837217617,46.35538483944764,452
2475000,-20661.886561906183,10526.193359375,-10135.693202531183,295.69311338716227,46.286509763407466,452
2480000,-20407.590043365984,10695.962890625,-9711.627152740984,300.4621385741148,46.07814443996118,452
2485000,-20528.493815108304,10409.12109375,-10119.372721358304,292.4044161789627,46.02261868804487,452
2490000,-20376.1930455376,10821.873046875,-9554.319998662599,303.9991024923643,46.892703039679965,452
2495000,-20443.64217996868,10540.921875,-9902.72030496868,296.106854660198,47.042192542566234,452
2500000,-20401.527821493277,10667.380859375,-9734.146962118277,299.65923580397765,45.306501800028954,452
2505000,-20768.582520564203,10463.5283203125,-10305.054200251703,293.9327789653729,46.10063201290938,452
2510000,-20600.966430701446,10882.791015625,-9718.175415076446,305.71035966064215,47.10514626683991,452
2515000,-20530.451137164797,10709.40625,-9821.044887164797,300.83977830124707,46.628881345747764,452
2520000,-20497.085535510254,10758.673828125,-9738.411707385254,302.2237623368293,46.90045663383818,452
2525000,-20820.87863117356,10601.7578125,-10219.12081867356,297.81580747448197,46.74712278716104,452
2530000,-20643.59220771196,10443.822265625,-10199.769942086961,293.37921278392565,47.72811532431052,452
2535000,-20629.390091402805,10779.947265625,-9849.442825777805,302.82135813923014,45.67360194677064,452
2540000,-20549.405342352606,10849.5546875,-9699.850654852606,304.7767122341405,46.93694766708435,452
2545000,-20766.830597365624,10393.595703125,-10373.234894240624,291.9682897528441,47.25890888004092,452
2550000,-20426.85156947776,10765.3427734375,-9661.50879604026,302.41110082997085,47.42031281839206,452
2555000,-20766.91945309374,10462.318359375,-10304.601093718738,293.89878974396385,46.807380097824506,452
2560000,-20847.878144872666,10477.12109375,-10370.757051122666,294.3146159087082,47.34558276121157,452
2565000,-20259.49476383005,10997.994140625,-9261.500623205051,308.94655051712505,46.4571569980926,452
2570000,-20660.56712844048,10663.7890625,-9996.778065940482,299.5583380183905,46.20171218038929,452
2575000,-20639.911609042494,10645.0869140625,-9994.824694979994,299.03297274058207,47.01415015071533,452
2580000,-21043.451973144227,10589.248046875,-10454.203926269227,297.46439349042237,46.34895499396767,452
2585000,-20776.69165871796,10659.4091796875,-10117.282479030458,299.4353019747911,46.513422266532245,452
2590000,-20478.47097975164,10699.6484375,-9778.82254225164,300.5656699071235,46.68355907186509,452
2595000,-20487.023108141744,10761.8818359375,-9725.141272204244,302.3138790376596,46.45492018581854,452
2600000,-20388.556913635824,10630.4306640625,-9758.126249573324,298.6212614936838,46.92024440552074,452
2605000,-20653.122506082334,10581.5087890625,-10071.613717019834,297.24698866421846,46.210937863817044,452
2610000,-20652.4105080967,10470.998046875,-10181.412461221698,294.14261234274,47.01967658482119,452
2615000,-20797.51823092658,10613.044921875,-10184.47330905158,298.13287561091926,46.74586794870499,452
2620000,-20483.178468923332,10616.9150390625,-9866.263429860832,298.24159174041404,47.340042571535434,452
2625000,-20296.54436447895,10533.466796875,-9763.077567603948,295.89743277461554,46.8520109395794,452
2630000,-20755.52136955739,10455.724609375,-10299.796760182391,293.71356357531664,46.103691695881075,452
2635000,-20471.06364553934,10526.6484375,-9944.41520803934,295.70589706527096,46.84027711625274,452
2640000,-20711.436591163598,10689.9296875,-10021.506903663598,300.2926588244255,46.569225028076,452
2645000,-20650.709098051288,10637.8642578125,-10012.844840238788,298.8300798579821,46.00430545259042,452
2650000,-20433.84684709669,10699.14453125,-9734.70231584669,300.5515145897328,45.93804613411629,452
2655000,-20918.631788919694,10521.779296875,-10396.852492044694,295.5691171960655,46.15656381480243,452
2660000,-20702.07758704167,10675.998046875,-10026.07954016667,299.90130270447276,45.93256417961139,452
2665000,-20724.135952317738,10574.330078125,-10149.805874192738,297.04533025697236,46.074770997523714,452
2670000,-20691.853424144487,10512.736328125,-10179.117096019487,295.315089601031,46.03142012296891,452
2675000,-20904.83398889641,10696.4091796875,-10208.424809208911,300.47467535715265,45.85104282824503,452
2680000,-20532.359085790013,10804.0234375,-9728.335648290013,303.4976860364203,45.82110388030368,452
2685000,-20498.982218480814,10628.7666015625,-9870.215616918314,298.57451602695176,46.454281951151664,452
2690000,-20885.45849476228,10729.580078125,-10155.878416637279,301.4064847870163,46.11553489487982,452
2695000,-20474.37835006595,10582.015625,-9892.362725065948,297.261226279966,45.958347492264906,452
2700000,-20825.660433086887,10667.421875,-10158.238558086887,299.6603879809746,45.74053583488969,451
2705000,-20567.207746204644,10641.384765625,-9925.822980579644,298.9289750502175,45.829975913356435,451
2710000,-20739.09883729767,10646.9228515625,-10092.175985735172,299.0845463775869,46.11884120362813,451
2715000,-20364.20035688876,10912.7666015625,-9451.43375532626,306.5524090158888,46.6391647655021,451
2720000,-20587.886560365718,10656.0830078125,-9931.803552553218,299.3418659068983,46.165507273033704,451
2725000,-20911.667332783836,10729.1611328125,-10182.506199971336,301.3947161219764,46.001421976238326,451
2730000,-20809.19709159607,10557.6455078125,-10251.55158378357,296.576641114298,46.34362712183994,451
2735000,-20387.093313763675,10647.1279296875,-9739.965384076175,299.09030726257146,46.04143072564474,451
2740000,-20501.067293419255,10716.12109375,-9784.946199669255,301.0284061353138,45.482698493649075,451
2745000,-20351.397135172476,10596.607421875,-9754.789713297476,297.671126963012,46.10185915685937,451
2750000,-20398.6714398053,10778.78125,-9619.8901898053,302.7886033931749,45.59869040666326,451
2755000,-20690.795142423827,10750.033203125,-9940.761939298827,301.9810370494788,45.67752556468837,451
2760000,-20935.452816480174,10447.013671875,-10488.439144605174,293.4688631274,45.63578371511411,451
2765000,-20501.0261413743,10751.8408203125,-9749.1853210618,302.03181513570007,46.41496445563318,451
2770000,-20703.68796918739,10565.447265625,-10138.240703562391,296.79580163878296,45.940570509207625,451
2775000,-20428.530936601892,10909.3828125,-9519.148124101892,306.4573544136432,46.429304298352505,451
2780000,-20482.79171876461,10367.49609375,-10115.295625014609,291.235121123806,45.23774723388678,451
2785000,-20744.254898650805,10744.048828125,-10000.206070525805,301.8129289390715,45.877564833046584,451
2790000,-20517.489777155686,10563.7412109375,-9953.748566218186,296.74787656226835,46.242155387490435,451
2795000,-20684.207278864007,10701.86328125,-9982.343997614007,300.6278874649569,45.907785963207864,451
2800000,-20840.468770521475,10756.4443359375,-10084.024434583975,302.16113328721116,46.26381984353709,451
2805000,-20505.202984254458,10598.474609375,-9906.728374879458,297.72357844915734,46.35592328534107,451
2810000,-20533.311976960205,10654.51953125,-9878.792445710205,299.29794601708727,46.65862466133965,451
2815000,-20486.986951811326,10502.869140625,-9984.117811186326,295.03790873491556,46.76581556174109,451
2820000,-20729.06690014535,10716.6220703125,-10012.44482983285,301.0424791543475,46.63062894525901,451
2825000,-20518.75767853312,10349.2236328125,-10169.534045720618,290.72182627167956,46.0423102381538,451
2830000,-20943.36211105298,10682.583984375,-10260.778126677978,300.0863094108348,46.794360743719565,451
2835000,-20598.319458676517,10655.8427734375,-9942.476685239017,299.33511744163064,47.050471928952035,451
2840000,-20569.738069606217,10835.2607421875,-9734.477327418717,304.3751785507151,46.41150280044065,451
2845000,-20460.58210438509,10592.185546875,-9868.396557510088,297.5469113096301,46.545785622775426,451
2850000,-20716.519102745253,10693.619140625,-10022.899962120253,300.39629988857666,46.60341228286978,451
2855000,-20732.890373088638,10844.1083984375,-9888.781974651138,304.6237195886214,47.33402282017107,451
2860000,-20759.34282731956,10707.9580078125,-10051.38481950706,300.79909548014166,46.44543969493707,451
2865000,-20683.15791548707,10787.796875,-9895.36104048707,303.0418628702115,47.06595549975294,451
2870000,-20731.613276955555,10600.4716796875,-10131.141597268055,297.77967849579295,46.737148403714684,451
2875000,-20589.11565702007,10400.001953125,-10189.11370389507,292.1482488266482,47.803132254018074,451
2880000,-20458.608540794536,10647.408203125,-9811.200337669536,299.09818047205044,46.270584048127645,451
2885000,-20683.89178103408,10660.900390625,-10022.991390409079,299.47719183846476,46.21337978379311,451
2890000,-20768.419811234227,10734.80078125,-10033.619029984227,301.5531404590525,46.20166697038848,451
2895000,-20894.029869501363,10437.68359375,-10456.346275751363,293.2067702933871,46.555597599869294,451
2900000,-20786.20633759958,10642.2900390625,-10143.916298537079,298.9544052425066,46.41356207078314,451
2905000,-20745.461299159608,10407.900390625,-10337.560908534608,292.37012519691166,46.31146065380213,451
2910000,-20473.43818576538,10811.7763671875,-9661.661818577879,303.71547492162324,45.81613705787328,451
2915000,-20484.411887656228,10729.609375,-9754.802512656228,301.40730777058553,45.71237508213316,451
2920000,-20873.226645906427,10717.1572265625,-10156.069419343927,301.05751232087874,45.44745558696097,451
2925000,-20686.607113334598,10872.421875,-9814.185238334598,305.41907834270734,46.7655722623074,451
2930000,-20768.65202333902,10777.9423828125,-9990.709640526518,302.76503863030945,45.96321445295762,451
2935000,-20645.49605614155,10277.3310546875,-10368.16500145405,288.70227945836956,45.97457425069568,451
2940000,-20674.18788635428,10723.08203125,-9951.10585510428,301.2239470313619,45.03279600589428,451
2945000,-20649.842249747075,10532.0615234375,-10117.780726309575,295.8579569960783,45.47595439648453,451
2950000,-20400.648755734743,10646.494140625,-9754.154615109743,299.07250338469055,46.348524073295344,451
2955000,-20369.815704502937,10775.6650390625,-9594.150665440437,302.70106537419497,46.457578835546705,451
2960000,-20895.255859585508,10458.6826171875,-10436.573242398008,293.79665748302284,45.80982697393516,451
2965000,-20708.724974356373,10407.08203125,-10301.642943106373,292.3471365225446,45.95983144176716,451
2970000,-20633.858221297778,10429.33203125,-10204.526190047778,292.97216511058633,45.63815037836069,451
2975000,-20510.99122682569,10533.087890625,-9977.903336200688,295.88678885378687,46.17835289727515,451
2980000,-20785.5295663492,10506.208984375,-10279.3205819742,295.1317288618074,45.923327743585304,451
2985000,-20491.381162782505,10802.01171875,-9689.369444032505,303.4411744980001,45.811524890500706,451
2990000,-20700.01717263949,10557.369140625,-10142.648032014491,296.5688776359616,45.47276124185884,450
2995000,-20901.54229703163,10967.90234375,-9933.639953281629,308.1012366603871,45.60970974212322,450
3000000,-20686.286984768783,10556.046875,-10130.240109768783,296.5317336442039,45.094625548722654,450
3005000,-20667.275428893758,10356.130859375,-10311.144569518758,290.9158583645175,44.99228903786152,450
3010000,-20538.84727211541,10890.634765625,-9648.21250649041,305.9306997949097,46.12467200283399,450
3015000,-21006.97603308338,10770.0595703125,-10236.916462770881,302.54360118461625,45.46403165079535,450
3020000,-20642.437715930224,10801.33984375,-9841.097872180224,303.4223007414792,45.59017537305752,450
3025000,-20391.854528320822,10800.666015625,-9591.188512695822,303.40337211938703,46.17063242921858,450
3030000,-20774.61844737208,10843.05078125,-9931.567666122079,304.5940098817723,45.474363763135976,450
3035000,-20937.587087175154,10436.8603515625,-10500.726735612654,293.18364445509184,45.49582294320629,450
3040000,-20680.019701697413,10677.169921875,-10002.849779822413,299.9342220472418,45.770759124929604,450
3045000,-20801.907811218218,10761.1435546875,-10040.764256530718,302.29313985171507,45.056037742927685,450
3050000,-20727.527252046202,10936.763671875,-9790.763580171202,307.22651485744206,45.47665518703563,450
3055000,-20568.441077374606,10539.2138671875,-10029.227210187106,296.0588747181121,45.40507288863167,450
3060000,-20521.480887216487,10349.1845703125,-10172.296316903987,290.72072896025395,45.80146822747158,450
3065000,-20871.630174923353,10514.681640625,-10356.948534298353,295.3697357100276,45.728661073542895,450
3070000,-20378.738688850688,10740.89453125,-9637.844157600688,301.7243210414515,45.82695350930662,450
3075000,-20819.683913174944,10496.271484375,-10323.412428799944,294.85257283512584,45.78720222632867,450
3080000,-20552.11460280091,10736.1953125,-9815.91929030091,301.5923144769476,45.827886581769974,450
3085000,-20379.37977076869,10812.2421875,-9567.13758326869,303.72856036037393,45.89526953503393,450
3090000,-20804.255264719293,10665.912109375,-10138.343155344293,299.6179768943737,45.56069207667008,450
3095000,-20822.064375940958,10425.2431640625,-10396.821211878458,292.85730403710795,45.672752580502376,450
3100000,-20785.983465653815,10545.884765625,-10240.098700028815,296.2462680768249,45.56890301353568,450
3105000,-20834.957397049468,10597.466796875,-10237.490600174468,297.695267814376,44.96692731282779,450
3110000,-20457.25270803606,10683.126953125,-9774.12575491106,300.1015620396511,45.45960656125464,450
3115000,-20825.480427004877,10491.67578125,-10333.804645754877,294.7234741458999,44.699903590774184,450
3120000,-20928.003671471393,10600.474609375,-10327.529062096393,297.7797607941499,45.28393678354128,450
3125000,-20586.647463266927,10969.048828125,-9617.598635141927,308.13344275072944,45.27023272127216,450
3130000,-20834.334031340055,10323.091796875,-10511.242234465055,289.9877523607154,45.739812921432275,450
3135000,-20393.898197506613,10414.046875,-9979.851322506613,292.5427871497353,46.19658349883415,450
3140000,-20685.60762592242,10530.724609375,-10154.883016547421,295.82040151253597,45.664430893687125,450
3145000,-20597.038401336657,10272.0400390625,-10324.998362274157,288.55364862576727,45.66956961673132,450
3150000,-20621.66046663154,10418.3330078125,-10203.32745881904,292.6631896459131,45.431089237473856,450
3155000,-20645.327031872293,10449.7509765625,-10195.576055309793,293.5457572255514,44.474535494278705,450
3160000,-20448.318721465563,10616.669921875,-9831.648799590563,298.2347061112182,44.55621261917562,450
3165000,-20697.43800877045,10814.8896484375,-9882.548360332949,303.80293064224634,44.88982494630753,450
3170000,-20897.01485640036,10528.271484375,-10368.743372025361,295.75149035500607,44.84145391207917,450
3175000,-21139.177248488602,10544.044921875,-10595.132326613602,296.1945847086775,44.432993314316604,450
3180000,-20548.630674503205,10695.798828125,-9852.831846378205,300.4575298661271,44.7039037205109,450
3185000,-20689.427990729775,10879.283203125,-9810.144787604775,305.6118210946201,44.91844079708659,450
3190000,-20907.43992082894,10775.42578125,-10132.01413957894,302.6943443417129,44.64727952959063,450
3195000,-20754.57524981833,10735.9736328125,-10018.601617005828,301.58608723460713,45.27955751025047,450
3200000,-21076.87643212074,10201.8515625,-10875.024869620742,286.58197202340057,44.20501660687934,450
3205000,-20876.37811997006,10720.6875,-10155.69061997006,301.1566818409705,44.47108873972913,450
3210000,-20975.71996103003,10770.1943359375,-10205.52562509253,302.5473869090347,44.766233008091504,450
3215000,-20951.011266148533,10522.69140625,-10428.319859898533,295.5947394178541,44.65662977622172,450
3220000,-20925.375821504334,10796.84375,-10128.532071504334,303.2960001963886,45.12585267151815,450
3225000,-20758.36667144687,10910.71875,-9847.64792144687,306.49488246439995,44.704100440249356,450
3230000,-20684.901504834867,10862.740234375,-9822.161270459867,305.14710970586367,45.09313836513194,450
3235000,-20583.030970801483,10408.23828125,-10174.792689551483,292.3796169407434,44.3738597541918,450
3240000,-20760.23416737045,10577.3994140625,-10182.83475330795,297.1315515022416,44.80331032010626,450
3245000,-20772.73071949891,10507.6416015625,-10265.089117936412,295.1719727583426,44.579518662077135,450
3250000,-20491.18975996795,10612.189453125,-9879.00030684295,298.10884449069783,43.89030733385711,450
3255000,-21061.135560580165,10414.99609375,-10646.139466830165,292.56945181737825,44.6014360422741,450
3260000,-20168.225242047425,10301.798828125,-9866.426413922425,289.3896079026017,44.62966562426698,450
3265000,-20833.2368372926,10690.4892578125,-10142.7475794801,300.3083778105977,44.67301843197832,450
3270000,-20647.74821495227,10681.4990234375,-9966.24919151477,300.05583158598773,45.07023335031659,450
3275000,-20401.30192883998,10542.431640625,-9858.870288214981,296.1492657467988,44.96106128723438,450
3280000,-20741.918250474366,10697.8798828125,-10044.038367661866,300.51598913232783,44.76203750596219,450
3285000,-20585.231444632693,10425.25390625,-10159.977538382693,292.85760579775,44.209049165933344,450
3290000,-20979.992847701404,10714.5849609375,-10265.407886763904,300.98525436350064,44.81514419617533,450
3295000,-20713.99155561671,10470.69921875,-10243.29233686671,294.13421791033386,44.57200257953403,449
3300000,-20670.520242438943,10748.9140625,-9921.606179938943,301.9495990771344,44.06105245128279,449
3305000,-20746.148683084364,10617.509765625,-10128.638917459364,298.25829830686934,44.182049661528275,449
3310000,-20673.433823245432,10611.4365234375,-10061.997299807932,298.0876938129687,44.93814173869544,449
3315000,-20970.88196263218,10643.62109375,-10327.260868882178,298.99179612933506,44.585491693549876,449
3320000,-20896.13612255665,10833.498046875,-10062.63807568165,304.32566237263325,44.513538620835774,449
3325000,-20823.92094859983,10540.6318359375,-10283.289112662329,296.0987071228626,44.73886929553832,449
3330000,-20661.941275787904,10593.021484375,-10068.919791412904,297.5703937741387,44.690074346491244,449
3335000,-20523.551397768533,10624.6015625,-9898.949835268533,298.4575151961934,45.0302365608482,449
3340000,-20726.93510271836,10711.396484375,-10015.538618343358,300.8956863183832,44.85494635473031,449
3345000,-20264.36940734298,10361.7568359375,-9902.61257140548,291.0738986425946,44.814883203230764,449
3350000,-20634.82609248531,10459.09765625,-10175.72843623531,293.8083164169202,44.46661351914682,449
3355000,-20736.357551616267,10242.76953125,-10493.588020366267,287.73140574175335,45.27173927864083,449
3360000,-20836.158712712262,10533.51171875,-10302.646993962262,295.89869468275504,44.373174325177445,449
3365000,-20447.52616939503,10776.0888671875,-9671.43730220753,302.712971203163,44.9942643424345,449
3370000,-20492.972515556656,10598.6787109375,-9894.293804619156,297.7293119013563,44.68668681747166,449
3375000,-20323.72235268999,10734.185546875,-9589.53680581499,301.53585780409867,44.89531687583163,449
3380000,-20989.876727447525,10697.20703125,-10292.669696197525,300.49708794302126,45.07410579373459,449
3385000,-20606.668482372872,10899.6298828125,-9707.038599560372,306.1833831834478,45.01399663456707,449
3390000,-20980.612600827488,10617.041015625,-10363.571585202488,298.2451305697617,44.54216988166691,449
3395000,-20497.450738888016,10701.66796875,-9795.782770138016,300.62240090782876,44.86157468349317,449
3400000,-20639.380423714378,10673.7236328125,-9965.656790901878,299.83741174671513,45.0901064217444,449
3405000,-20550.822548257143,10411.603515625,-10139.219032632143,292.4741503200619,44.99100329888787,449
3410000,-20552.155963715966,10742.9482421875,-9809.207721528466,301.78201218965427,44.924497304593714,449
3415000,-20572.410031044055,10620.0390625,-9952.370968544055,298.3293492216792,44.613370977297144,449
3420000,-20542.650251570056,10422.443359375,-10120.206892195056,292.77865424067556,44.93810806001759,449
3425000,-20818.228098371226,10722.787109375,-10095.440988996226,301.2156623300984,43.97810198513233,449
3430000,-20711.7380907544,10766.478515625,-9945.2595751294,302.4430051596712,44.76860020806112,449
3435000,-20918.52136428903,10634.4541015625,-10284.06726272653,298.7342845705242,44.93219837136789,449
3440000,-20541.204598656783,10908.6455078125,-9632.559090844283,306.4366426604843,44.604051822760766,449
3445000,-20658.145913346743,10985.66015625,-9672.485757096743,308.6000744344808,44.77077418386547,449
3450000,-20700.547503690046,10825.94140625,-9874.606097440046,304.1133874773442,44.84046179649497,449
3455000,-20992.99733413708,10794.091796875,-10198.905537262079,303.21869460645263,44.59506359613032,449
3460000,-20717.240204950547,10580.5146484375,-10136.725556513047,297.21906208843603,44.577051240899245,449
3465000,-20604.2512183364,10633.541015625,-9970.710202711402,298.70863491595,44.534984591416446,449
3470000,-20815.688286377364,10733.142578125,-10082.545708252364,301.5065595890342,45.189357672603215,449
3475000,-20636.22262177161,10512.9609375,-10123.261684271609,295.32139914172836,44.65372115851981,449
3480000,-20678.037253496368,10742.0859375,-9935.951315996368,301.7577890399334,45.15455364001533,449
3485000,-20638.043373275374,10406.6875,-10231.355873275374,292.3360536771457,45.186070051735236,449
3490000,-20795.705730938542,10718.853515625,-10076.852215313542,301.10516306953696,44.96533272454035,449
3495000,-20669.92707114639,10692.703125,-9977.22394614639,300.3705679356455,44.84055705999012,449
3500000,-20825.803691643145,10167.83984375,-10657.963847893145,285.62654296510016,45.10580198805974,449
3505000,-21021.297829573596,10594.1708984375,-10427.126931136096,297.60268216283805,44.674608076877796,449
3510000,-20957.470475545735,10553.42578125,-10404.044694295735,296.45810404754377,44.370053318873246,449
3515000,-20352.32289159912,10666.1796875,-9686.14320409912,299.62549347763934,45.11890908122927,449
3520000,-20834.964981993442,10767.23828125,-10067.726700743442,302.4643478668998,45.028204368640324,449
3525000,-20987.201488478022,10703.3857421875,-10283.815746290522,300.6706551777711,44.082928133095564,449
3530000,-20838.885208119566,10476.947265625,-10361.937942494566,294.3097328728642,45.00945587441846,449
3535000,-20677.7462192909,10328.4580078125,-10349.2882114784,290.13849551781203,44.936545211139034,449
3540000,-20704.781018873182,10624.8544921875,-10079.926526685682,298.4646202876744,44.21799881977719,449
3545000,-20865.44323586754,10517.2939453125,-10348.14929055504,295.443118411617,45.05849279465369,449
3550000,-20464.09647065535,10486.8720703125,-9977.22440034285,294.58853227333236,44.808172318692534,449
3555000,-20918.20029117746,10694.533203125,-10223.667088052462,300.42197697593656,44.83750277213172,449
3560000,-20649.152262375428,10463.4033203125,-10185.748942062928,293.9292675688109,44.450298917936045,449
3565000,-20989.801170118473,10616.908203125,-10372.892966993473,298.24139971091455,44.642383112565135,449
3570000,-21001.723031583024,10611.7998046875,-10389.923226895524,298.09789880922716,44.60289173686226,449
3575000,-20579.748628400543,10562.1455078125,-10017.603120588043,296.7030513905312,44.105570782217015,449
3580000,-20793.106183390497,10651.1015625,-10142.004620890497,299.2019312673442,44.9103100345511,449
3585000,-20568.91146106596,10699.7412109375,-9869.17025012846,300.56827602175935,44.87326692838653,449
3590000,-20774.81260515054,10744.5771484375,-10030.235456713039,301.82777007610326,45.076917607871195,449
3595000,-20701.97611867526,10659.8515625,-10042.124556175258,299.4477290266865,44.781265310700554,449
3600000,-21042.540939828526,10591.640625,-10450.900314828526,297.53160381524253,44.96894744596563,449
3605000,-21043.08297895672,10430.7392578125,-10612.343721144221,293.0116957546948,44.91683928259364,449
3610000,-20762.754852081227,10576.955078125,-10185.799773956227,297.11906958477505,45.387611427247684,449
3615000,-20826.82980575261,10613.2412109375,-10213.588594815112,298.1383896008331,45.23263183210957,449
3620000,-20605.15468955091,10343.0185546875,-10262.13613486341,290.54751835171743,45.37801263906453,449
3625000,-20738.930781391085,10677.8173828125,-10061.113398578585,299.95240998412163,45.202407895901146,449
3630000,-20672.504151124303,10641.841796875,-10030.662354249303,298.94181359389745,45.31142464443675,449
3635000,-20825.813335043116,10750.314453125,-10075.498881918116,301.9889376917434,44.62342550355889,449
3640000,-20772.71607403623,10621.0390625,-10151.67701153623,298.3574403941755,44.48323327774417,449
3645000,-20527.352731182677,10661.8203125,-9865.532418682677,299.5030335225385,44.73311118328588,449
3650000,-20279.44716613037,10567.7275390625,-9711.719627067869,296.8598571932544,45.572794933300536,449
3655000,-20600.91981220321,10795.0546875,-9805.86512470321,303.2457433330945,44.89505840815722,449
3660000,-20844.245301647214,10579.3369140625,-10264.908387584714,297.18597814895315,44.68093528322325,449
3665000,-20794.95344798907,10576.232421875,-10218.721026114072,297.0987693234008,44.46725705380642,449
3670000,-20839.84274756386,10726.068359375,-10113.77438818886,301.3078364898517,44.19283605286398,449
3675000,-20827.044156073767,10632.1513671875,-10194.892788886267,298.66959806198304,44.23474400243621,449
3680000,-20806.813228359708,10632.44921875,-10174.364009609708,298.6779650616035,45.108054222992585,449
3685000,-20865.07901786719,10695.19140625,-10169.887611617189,300.44046667345845,44.947476128514474,449
3690000,-20779.556984159834,10542.37109375,-10237.185890409834,296.14756491408906,44.31025402478117,449
3695000,-20986.22514087992,10635.41796875,-10350.80717212992,298.7613607299517,44.629517085795605,449
3700000,-20436.44416198088,10802.0595703125,-9634.384591668379,303.44251870449654,45.20965428849174,449
3705000,-21002.575246005217,10886.896484375,-10115.678761630217,305.82568709147637,45.133209781778056,449
3710000,-20581.289466309914,10386.6083984375,-10194.681067872414,291.7720081715836,44.58883667230517,448
3715000,-20735.610655816432,10703.2353515625,-10032.375304253932,300.66643052878237,44.74175054783347,448
3720000,-21093.278928658503,10690.125,-10403.153928658503,300.29814538155364,44.225039372164076,448
3725000,-20567.29001744966,10348.2021484375,-10219.08786901216,290.69313157789924,44.863335264433424,448
3730000,-20658.82958327704,10721.23828125,-9937.591302027038,301.172153932072,44.91885436328074,448
3735000,-20930.597936671853,10432.859375,-10497.738561671853,293.0712523323212,44.390542051482974,448
3740000,-20539.198167119117,10432.01171875,-10107.186448369117,293.04744067438486,44.204438737274636,448
3745000,-20600.611737734347,10306.66796875,-10293.943768984347,289.5263877718071,45.09864419940145,448
3750000,-20635.825113951825,10641.01171875,-9994.813395201825,298.91849572610266,44.53950463559814,448
3755000,-20852.972678717342,10285.384765625,-10567.587913092342,288.9285176415499,44.4725328865672,448
3760000,-20664.339348121008,10500.86328125,-10163.476066871008,294.9815617932092,44.70616715117242,448
3765000,-20656.618898173576,10504.5302734375,-10152.088624736076,295.08457190329074,44.31312008725312,448
3770000,-20840.515448008926,10552.21875,-10288.296698008926,296.4241971244916,44.62367828598403,448
3775000,-20682.793017189455,10416.029296875,-10266.763720314455,292.5984757045863,44.58771150432242,448
3780000,-20745.00106524062,10600.669921875,-10144.33114336562,297.7852473512781,43.88633692976922,448
3785000,-20741.03543114019,10387.255859375,-10353.77957176519,291.79019610846353,44.70250523902884,448
3790000,-20637.219060037576,10709.4736328125,-9927.745427225076,300.84167116345634,45.15296657654153,448
3795000,-20684.41116915742,10633.2578125,-10051.153356657422,298.7006794081141,45.318232047178526,448
3800000,-20815.775896451727,10779.578125,-10036.197771451727,302.81098854625793,44.89295945815747,448
3805000,-20793.946134525904,10496.2978515625,-10297.648282963404,294.85331352033813,44.48842892815221,448
3810000,-20694.985896513448,10658.892578125,-10036.093318388448,299.4207900311871,44.42391052842436,448
3815000,-20594.530424708253,10566.1728515625,-10028.357573145753,296.8161841985141,43.77615560233665,448
3820000,-20648.76270671752,10457.525390625,-10191.23731609252,293.76414963203837,44.36670356882528,448
3825000,-20842.98713604799,10546.3515625,-10296.635573547988,296.25938094836124,44.18437393018,448
3830000,-20767.712635758828,10666.4462890625,-10101.266346696328,299.63298262811935,43.93783489105886,448
3835000,-20832.136521239125,10645.0009765625,-10187.135544676625,299.03055865544565,44.30225184284812,448
3840000,-20773.52313016147,10352.0224609375,-10421.50066922397,290.80044863532635,45.074537708394935,448
3845000,-20495.46152287707,10399.1484375,-10096.31308537707,292.1242725719981,44.035899506585146,448
3850000,-20791.832785515842,10616.322265625,-10175.510519890842,298.22494003953005,44.573709362528795,448
3855000,-20882.27846764875,10434.04296875,-10448.23549889875,293.1045008685179,45.07063250178368,448
3860000,-20654.829882157443,10829.689453125,-9825.140429032443,304.2186745086338,44.35878697199838,448
3865000,-20594.0436054514,10723.04296875,-9871.0006367014,301.2228497199363,44.86811482528683,448
3870000,-20613.7538869376,10331.486328125,-10282.2675588126,290.22356458608436,45.00566608227818,448
3875000,-20656.529768720182,10711.876953125,-9944.652815595182,300.9091832489185,44.95604405776109,448
3880000,-20930.03303650637,10820.3447265625,-10109.688309943871,303.9561701828363,44.387658138495254,448
3885000,-20702.46094993342,10639.671875,-10062.789074933418,298.8808579442034,44.479264670818054,448
3890000,-20574.209523852638,10519.068359375,-10055.141164477638,295.49296378312647,44.67601585053835,448
3895000,-21044.604589397277,10453.5107421875,-10591.093847209777,293.65137345026875,44.29112908609022,448
3900000,-20650.20321947722,10732.2275390625,-9917.975680414718,301.48085506888873,44.052798322187144,448
3905000,-20755.194526989013,10616.3408203125,-10138.853706676513,298.22546126245726,44.63807438621461,448
3910000,-21030.43701310805,10598.970703125,-10431.46630998305,297.7375143042629,44.058181565374475,448
3915000,-20781.232726012837,10836.9169921875,-9944.315733825337,304.42170455516197,44.68624137491759,448
3920000,-20631.208356514777,10168.447265625,-10462.761090889777,285.6436061577687,44.655776693196835,448
3925000,-20791.57943208769,10497.89453125,-10293.684900837688,294.89816612486095,43.79508581747784,448
3930000,-20629.70348435061,10637.818359375,-9991.885124975612,298.82879051705703,44.885242450338765,448
3935000,-20786.42247020385,10619.947265625,-10166.475204578848,298.326770539829,44.673220563065726,448
3940000,-21028.730352901606,10591.537109375,-10437.193243526606,297.5286959399646,45.13549812420251,448
3945000,-20614.29625748878,10364.060546875,-10250.235710613779,291.13861258392143,44.67082151194944,448
3950000,-20822.490809348063,10657.4638671875,-10165.026942160563,299.38065586579455,44.934619944016184,448
3955000,-20749.334108623007,10829.44140625,-9919.892702373007,304.21170658108105,44.49083514728555,448
3960000,-20630.709408901836,10367.5126953125,-10263.196713589336,291.23558748116193,44.392567579543964,448
3965000,-20738.030574945165,10570.25390625,-10167.776668695165,296.93082580970736,44.69609696750766,448
3970000,-20577.55947780414,10629.564453125,-9947.995024679141,298.5969286128203,44.33686909996468,448
3975000,-20908.919874743573,10525.140625,-10383.779249743573,295.6635408442414,43.9351663001196,448
3980000,-21030.649176659514,10637.6474609375,-10393.001715722014,298.82398977956984,44.05856337802568,448
3985000,-20680.687574928437,10496.15625,-10184.531324928437,294.8493357664202,44.654107463024275,448
3990000,-20787.642022853906,10612.9140625,-10174.727960353906,298.1291996176434,44.24506656894539,448
3995000,-20893.21623203678,10609.4326171875,-10283.783614849279,298.0314017368337,43.96907869847994,448
4000000,-20804.963380526984,10699.4912109375,-10105.472169589484,300.5612532286353,44.67850601347636,448
4005000,-20798.557858049942,10527.458984375,-10271.098873674942,295.72866627735283,43.982879648355805,448
4010000,-20804.416103160474,10505.61328125,-10298.802821910474,295.11499486256645,44.445566394426,448
4015000,-20354.045954200483,10639.0673828125,-9714.978571387983,298.8638770498917,44.029899301666234,448
4020000,-20820.512095792248,10583.80859375,-10236.703502042248,297.3115928744027,43.981866060618586,448
4025000,-20813.09049053659,10750.4697265625,-10062.62076397409,301.9932995046603,44.31618672259774,448
4030000,-20865.30773468819,10525.3544921875,-10339.953242500691,295.6695486242968,43.871930418074804,448
4035000,-20801.944382250935,10680.251953125,-10121.692429125935,300.0207999187244,44.32822325138723,448
4040000,-20686.682152204492,10760.6875,-9925.994652204492,302.2803287408208,44.554810219045486,448
4045000,-20610.70374693784,10668.07421875,-9942.629528187841,299.67871308178263,44.1491415342791,448
4050000,-20817.47454933451,10957.46484375,-9860.00970558451,307.8080350474574,44.32966886533125,448
4055000,-20856.261410847103,10497.859375,-10358.402035847103,294.8971785445779,44.7409101599234,448
4060000,-20791.990022243423,10990.8974609375,-9801.092561305923,308.7471964638728,45.07768006938409,448
4065000,-20579.65281782714,10941.0693359375,-9638.58348188964,307.3474660093327,44.474653088874575,448
4070000,-20521.3625154272,10283.595703125,-10237.766812302201,288.87826077825576,44.80792406307489,448
4075000,-20750.66711183604,10595.6708984375,-10154.99621339854,297.64481892158244,43.885450997599186,448
4080000,-21074.46559569778,10504.4853515625,-10569.98024413528,295.08330999515124,44.15395524578159,448
4085000,-20651.480364261006,10646.76171875,-10004.718645511006,299.08001996795616,43.95586115982212,448
4090000,-20808.953903314177,10641.19921875,-10167.754684564177,298.92376282094574,44.228224656640535,448
4095000,-20661.595802871874,10634.8994140625,-10026.696388809374,298.7467939207764,43.86295722044265,448
4100000,-20601.534907911104,10733.74609375,-9867.788814161104,301.5235130505603,44.33543941942556,448
4105000,-20708.219468057825,10758.705078125,-9949.514389932825,302.22464018596986,44.53856311099522,448
4110000,-20867.10937929699,10322.1796875,-10544.929691796991,289.9621301389268,45.00605797691121,448
4115000,-20893.433293698283,10725.5458984375,-10167.887395260783,301.2931599495339,44.59408817930632,447
4120000,-20956.788090909846,10263.087890625,-10693.700200284846,288.3021722797974,44.079290304328175,447
4125000,-20519.007389735678,10563.12890625,-9955.878483485678,296.7306762056715,43.86045565797418,447
4130000,-20667.784925663625,10655.728515625,-10012.056410038625,299.33190780571067,44.158181507085054,447
4135000,-20639.617380067328,10394.5693359375,-10245.048044129828,291.995640240128,43.82968769605798,447
4140000,-20850.190981773834,10847.4228515625,-10002.768130211334,304.71682646308653,44.197308913777256,447
4145000,-20977.593485054327,10667.10546875,-10310.488016304327,299.6514997584269,44.48517297544913,447
4150000,-20904.086299688643,10457.3115234375,-10446.774776251143,293.75814185198305,44.713610948253255,447
4155000,-20895.64743965867,10488.4375,-10407.209939658671,294.6325070287147,44.42405396841255,447
4160000,-20824.535637919544,10746.1142578125,-10078.421380107044,301.870949280702,44.702245092616494,447
4165000,-20928.42112228935,10564.3828125,-10364.03830978935,296.7658999024344,44.67302895594464,447
4170000,-20705.83045695677,10658.1318359375,-10047.69862101927,299.39941989117284,44.669925812572956,447
4175000,-20548.263859047598,10634.7265625,-9913.537296547598,298.741938317718,44.62499477305391,447
4180000,-20875.586467873916,10762.5166015625,-10113.069866311416,302.33171034832617,44.19911727869616,447
4185000,-20477.733506589633,10438.2529296875,-10039.480576902133,293.22276360741574,44.74688894521554,447
4190000,-21000.909063311585,10735.34765625,-10265.561407061585,301.5685028190113,45.14047358672164,447
4195000,-20842.661841861336,10513.234375,-10329.427466861336,295.32908032170786,44.93379801248852,447
4200000,-20774.675829779982,10565.7353515625,-10208.940478217482,296.803894310547,44.01331613723889,447
4205000,-20794.6994010451,10424.64453125,-10370.054869795102,292.8404877395101,44.219271082046916,447
4210000,-20888.951900802873,10629.439453125,-10259.512447677873,298.59341721625833,44.170242955658956,447
4215000,-20524.86277579755,10678.716796875,-9846.145978922548,299.9776755796969,44.70064732372227,447
4220000,-20890.41218566484,10547.12109375,-10343.291091914842,296.28099798344624,44.63341927549133,447
4225000,-20726.932698043704,10688.1376953125,-10038.795002731204,300.24231966277443,44.54255327850985,447
4230000,-20698.94459558728,10684.4248046875,-10014.51979089978,300.1380202117678,44.66967815823684,447
4235000,-20770.462293918725,10699.62890625,-10070.833387668725,300.5651212514107,44.62318248432952,447
4240000,-20878.807399509315,10423.6162109375,-10455.191188571815,292.81160101623027,44.27298128593793,447
4245000,-20769.049580992054,10383.2158203125,-10385.833760679554,291.6767066742672,44.610664779481624,447
4250000,-21017.65648469579,10754.154296875,-10263.502187820792,302.0968034048833,44.6509628176215,447
4255000,-20746.599087908762,10753.068359375,-9993.530728533762,302.0662981472507,44.34605918970315,447
4260000,-20681.087390412955,10705.091796875,-9975.995593537955,300.7185802542857,44.23595113083366,447
4265000,-20830.877171843866,10539.265625,-10291.611546843866,296.06032865575105,44.50957312804676,447
4270000,-20946.369434427077,10463.962890625,-10482.406543802077,293.9449865549831,44.22445942328541,447
4275000,-20749.79682453611,10677.734375,-10072.062449536112,299.9500781973422,44.19393121327619,447
4280000,-20939.5970459816,10321.97265625,-10617.624389731602,289.9563143883709,44.28565312416047,447
4285000,-20866.031723485576,10477.9482421875,-10388.083481298076,294.33785147814604,43.9207531800513,447
4290000,-20723.764647581324,10687.6865234375,-10036.078124143824,300.2296457158084,43.933173733324175,447
4295000,-21116.883882105496,10532.7060546875,-10584.177827417996,295.87606263460134,44.02197893422728,447
4300000,-20473.306609212203,10504.3984375,-9968.908171712203,295.0808684772292,44.41205048993374,447
4305000,-21000.720089230963,10599.998046875,-10400.722042355963,297.76637359475717,44.03223978215125,447
4310000,-20555.693009847862,10915.900390625,-9639.792619222862,306.6404408250104,44.252193587774194,447
4315000,-20855.078314872473,10563.8828125,-10291.195502372473,296.75185431618627,44.227036920307285,447
4320000,-20783.488276772594,10328.712890625,-10454.775386147594,290.14565547486427,44.47896735506929,447
4325000,-20690.178487945,10583.4580078125,-10106.720480132499,297.30174450435766,44.70140422040371,447
4330000,-20822.222332686215,10453.990234375,-10368.232098311215,293.6648429480184,44.06328908562522,447
4335000,-20583.224859921684,10752.3046875,-9830.920172421684,302.0448457088795,44.08238646790753,447
4340000,-20609.351921763533,10598.54296875,-10010.808953013533,297.7254987441523,44.985327086641725,447
4345000,-20812.37815011479,10796.439453125,-10015.93869698979,303.2846430231333,44.501906349983564,447
4350000,-20837.114656112593,10553.892578125,-10283.222077987593,296.47121691908006,44.72839849857386,447
4355000,-20998.623070461283,10507.6806640625,-10490.942406398783,295.1730700697682,44.51332604746216,447
4360000,-20791.31355432018,10767.6748046875,-10023.638749632679,302.4766103220813,44.75771375273754,447
4365000,-20724.693866834466,10369.408203125,-10355.285663709466,291.2888345180908,44.616648142011385,447
4370000,-20600.80356674119,10823.158203125,-9777.64536361619,304.0352040382677,44.26194971171871,447
4375000,-20485.34842807651,10741.283203125,-9744.065224951511,301.7352392901366,44.62337386699992,447
4380000,-20573.21219435094,10593.5849609375,-9979.627233413441,297.5862224914535,44.01030989422436,447
4385000,-20611.1823626649,10769.1904296875,-9841.991932977398,302.5191860053959,44.223496106528586,447
4390000,-20435.397963589203,10351.0546875,-10084.343276089203,290.7732627447562,44.23790187679219,447
4395000,-21249.926908227804,10587.640625,-10662.286283227804,297.41923912525755,44.8849818898393,447
4400000,-20685.904640584224,10754.654296875,-9931.250343709224,302.11084899113143,44.61148314929561,447
4405000,-20460.278993135405,10902.2578125,-9558.021180635405,306.2572048096074,44.58338625185574,447
4410000,-20908.89054132902,10657.15625,-10251.73429132902,299.3720145383176,44.31271870940514,447
4415000,-20736.96215048067,10515.0263671875,-10221.935783293171,295.3794194833589,44.367591136703346,447
4420000,-20833.30212066599,10282.228515625,-10551.07360504099,288.83985487835855,44.94827496214495,447
4425000,-20908.084909078883,10688.880859375,-10219.204049703883,300.2631960126472,43.99680460372726,447
4430000,-21022.56417586803,10528.337890625,-10494.226285243029,295.75335578442963,43.65441874861718,447
4435000,-20680.64165021939,10788.392578125,-9892.24907209439,303.05859686945246,43.71415186233799,447
4440000,-20944.450611797278,10424.1328125,-10520.317799297278,292.8261129598343,44.17737457650183,447
4445000,-20970.00342852992,10429.814453125,-10540.188975404919,292.9857169066929,44.38967305413763,447
4450000,-20890.74860861995,10625.736328125,-10265.01228049495,298.4893920931081,44.47945778682962,447
4455000,-20849.232283578065,10408.9140625,-10440.318221078065,292.3986004284069,44.24606449618488,447
4460000,-20614.92251036389,10684.572265625,-9930.35024473889,300.1421625623996,44.448440101787284,447
4465000,-20721.026463953982,10463.078125,-10257.948338953982,293.92013245119244,44.18523396102267,447
4470000,-20997.07212550586,10614.30859375,-10382.76353175586,298.16837363553856,44.47421850835229,447
4475000,-20821.965402045666,10467.1025390625,-10354.862862983166,294.03318296081846,44.23063589634492,447
4480000,-20965.938783780206,10425.1044921875,-10540.834291592706,292.85340858154694,44.6661901480349,447
4485000,-21021.422095560993,10431.841796875,-10589.580298685993,293.0426673696834,45.00774775311171,447
4490000,-20832.316961275472,10460.107421875,-10372.209539400472,293.8366819172729,43.998774031149914,447
4495000,-20468.6930854096,10822.228515625,-9646.464569784599,304.0090880263375,44.34765120623899,447
4500000,-20569.68865696939,10576.3212890625,-9993.367367906889,297.1012657068941,44.63295555694369,447
4505000,-20894.01659287268,10508.77734375,-10385.239249122678,295.20387708804293,44.36412005141019,447
4510000,-20526.67175958639,10696.701171875,-9829.970587711388,300.4828777600593,44.80527385937325,447
4515000,-20643.078519402625,10634.5,-10008.578519402625,298.73557391144936,45.27835077901856,447
4520000,-20478.825693115927,10810.646484375,-9668.179208740927,303.6837351886367,45.37772928390377,447
4525000,-20739.727235933955,10491.7705078125,-10247.956728121455,294.726135126107,44.81977076721599,447
4530000,-20710.073668935773,10593.93359375,-10116.140075185773,297.59601599592736,44.48843286649004,447
4535000,-21035.049868281043,10447.017578125,-10588.032290156043,293.46897285854254,44.286347464720016,447
4540000,-20663.24941918002,10569.16015625,-10094.089262930022,296.90010108978953,44.74692481462363,447
4545000,-20486.725034347415,10647.439453125,-9839.285581222415,299.0990583211909,44.362465998748064,447
4550000,-21032.359089733844,10651.3359375,-10381.023152233844,299.20851513589804,44.560770635221616,447
4555000,-20412.70923750772,10565.6484375,-9847.060800007719,296.801452792625,44.31099834461412,447
4560000,-20983.79444018069,10420.7802734375,-10563.014166743189,292.7319362067292,44.31476072105332,447
4565000,-20848.252612671204,10631.689453125,-10216.563159546204,298.6566223543749,44.55807778638674,447
4570000,-20883.313607971795,10530.36328125,-10352.950326721795,295.8102513818488,44.392651557475375,447
4575000,-20960.32197549127,10410.015625,-10550.306350491272,292.42954461060975,44.36835704908984,446
4580000,-20847.654265403486,10886.3671875,-9961.287077903486,305.81081852165903,44.32632156233276,446
4585000,-20474.304121090914,10875.822265625,-9598.481855465914,305.51459930230885,43.99345845049525,446
4590000,-20696.169801906217,10507.7685546875,-10188.401247218717,295.17553902047587,43.868349922598405,446
4595000,-20749.969480542743,10597.146484375,-10152.822996167743,297.6862698606858,44.01876831329559,446
4600000,-20593.552134155747,10516.6201171875,-10076.932016968247,295.4241897895248,44.4261777140315,446
4605000,-20779.805495092092,10540.65625,-10239.149245092092,296.09939294250364,44.940663097286134,446
4610000,-20680.041518686252,10418.416015625,-10261.625503061252,292.6655214326926,44.47991564128814,446
4615000,-21040.746837452883,10428.892578125,-10611.854259327883,292.95982035704793,44.40912380085707,446
4620000,-20770.45064165107,10551.9462890625,-10218.50435258857,296.41654337729784,44.45412865469516,446
4625000,-20720.760210114284,10788.259765625,-9932.500444489284,303.0548660106053,45.03931223682585,446
4630000,-20888.827354419074,10819.6416015625,-10069.185752856574,303.93641857717483,44.688897772171,446
4635000,-20534.101494552073,10678.0244140625,-9856.077080489573,299.9582257346775,44.22105576324769,446
4640000,-20810.626200556653,10392.5625,-10418.063700556653,291.93926586563606,44.32300118073127,446
4645000,-20798.73409714618,10759.23046875,-10039.503628396182,302.23939902464457,44.17585997428776,446
4650000,-20765.55973590637,10715.056640625,-10050.503095281369,300.99850439896517,43.833353787918874,446
4655000,-20811.02149710708,10767.8974609375,-10043.124036169582,302.4828649972074,43.95584404425812,446
4660000,-20645.08561733167,10595.939453125,-10049.146164206672,297.6523629376337,44.540260381545934,446
4665000,-20813.562691966377,10320.33203125,-10493.230660716377,289.91022730849426,44.25914510738361,446
4670000,-20654.574449504988,10507.7236328125,-10146.850816692488,295.1742771123364,44.60440200502871,446
4675000,-20902.386039209916,10437.484375,-10464.901664209916,293.20117400511634,43.89423680588239,446
4680000,-20502.71874386954,10289.2890625,-10213.42968136954,289.03819391854205,44.91163188574865,446
4685000,-20884.558724000803,10818.6630859375,-10065.895638063303,303.9089309259627,44.533484500308056,446
4690000,-20530.64320329683,10722.853515625,-9807.78968767183,301.217527759522,44.57377803670487,446
4695000,-20594.146258836583,10557.34765625,-10036.798602586583,296.56827411467754,44.30447743281923,446
4700000,-20782.2547564166,10556.001953125,-10226.252803291602,296.5304717360644,44.31021945704845,446
4705000,-20548.377093025454,10668.361328125,-9880.015764900454,299.68677832076105,44.59601463705676,446
4710000,-20817.807594540005,10720.8544921875,-10096.953102352505,301.1613728473151,44.59390403831822,446
4715000,-20551.324927708774,10421.6640625,-10129.660865208774,292.75676287773416,44.39749579555328,446
4720000,-20736.724254782384,10836.01953125,-9900.704723532384,304.39649382515796,44.93329073220178,446
4725000,-20769.76563472925,10463.5693359375,-10306.19629879175,293.93393114236983,44.590063520234274,446
4730000,-20285.55145935873,10854.677734375,-9430.873724983729,304.9206246276126,44.6732254389352,446
4735000,-20538.347293881074,10530.3125,-10008.034793881074,295.8088248769955,44.64327284317522,446
4740000,-20854.21229330766,10511.974609375,-10342.23768393266,295.29369202823113,44.264793815374226,446
4745000,-20814.72850505884,10920.2783203125,-9894.45018474634,306.76342200303844,44.86211897888157,446
4750000,-20883.403734021544,10431.4130859375,-10451.990648084044,293.030624376787,44.77279873363925,446
4755000,-20658.684871890844,10486.6826171875,-10172.002254703344,294.5832103129181,44.039463115311854,446
4760000,-20438.497415037287,10659.8701171875,-9778.627297849787,299.44825024961364,44.63117585849345,446
4765000,-20740.87017900146,10726.0966796875,-10014.77349931396,301.3086320406353,44.023223533775216,446
4770000,-20678.329103538563,10648.677734375,-10029.651369163563,299.1338430933835,44.54053269250059,446
4775000,-20470.769201078612,10449.765625,-10021.003576078612,293.546168717336,45.07759549184528,446
4780000,-20397.06825399463,10741.666015625,-9655.402238369628,301.7459929421078,45.00600551325248,446
4785000,-20500.211272958913,10431.21484375,-10068.996429208913,293.0250555213019,44.43162972098429,446
4790000,-20645.216886766982,10487.5068359375,-10157.710050829482,294.6063635839989,44.87093343062407,446
4795000,-20781.13370038508,10372.513671875,-10408.620028510079,291.37607077642883,44.338931738827476,446
4800000,-20577.354262193272,10698.794921875,-9878.559340318272,300.5416936524733,44.36076265833576,446
4805000,-21028.91592432733,10897.27734375,-10131.638580577332,306.1172976028389,44.775370898858604,446
4810000,-20842.530763425544,10700.78125,-10141.749513425544,300.5974919384669,43.95519120927451,446
4815000,-20776.237097167934,10823.92578125,-9952.311315917934,304.0567662077814,44.25771905053466,446
4820000,-20688.73259654794,10830.140625,-9858.59197154794,304.2313484555999,44.51594789761939,446
4825000,-20779.533888533086,10554.970703125,-10224.563185408086,296.5015027144276,44.213634996108546,446
4830000,-20589.56964081514,10857.708984375,-9731.860656440142,305.0057759942419,44.71317648391186,446
4835000,-20682.14140083574,10655.134765625,-10027.006635210739,299.31522867204103,44.45829345240905,446
4840000,-21021.083406388032,10627.775390625,-10393.308015763032,298.54667174952624,44.709965086157695,446
4845000,-20660.144890293566,10702.181640625,-9957.963249668566,300.63683055307587,44.42141342919396,446
4850000,-20864.622989608513,10658.59375,-10206.029239608513,299.412395598781,44.44572469831327,446
4855000,-20917.201204226556,10731.802734375,-10185.398469851556,301.46892180713496,44.22048437466329,446
4860000,-20991.51485990468,10509.80078125,-10481.71407865468,295.2326266473945,44.41640359201203,446
4865000,-20726.92227936341,10794.7529296875,-9932.16934967591,303.2372666023315,44.080289621645164,446
4870000,-20582.282703508725,10357.33203125,-10224.950672258725,290.9496006908558,44.22310769497039,446
4875000,-20805.681030640248,10633.666015625,-10172.015015015248,298.712146312512,44.1115673663895,446
4880000,-20702.460689382526,10528.9375,-10173.523189382526,295.77019951481316,44.34962701368265,446
4885000,-20906.796491353234,10512.052734375,-10394.743756978234,295.2958866510824,44.617077535492975,446
4890000,-20619.929060015478,10477.8876953125,-10142.041364702978,294.33615064543636,44.280365559183316,446
4895000,-20774.131347148796,10743.677734375,-10030.453612773796,301.80250448052806,44.49491022751304,446
4900000,-20933.763595384487,10858.5546875,-10075.208907884487,305.02953278660686,43.76525702538653,446
4905000,-21017.02002984716,10582.423828125,-10434.596201722161,297.27269318436396,43.8705237248735,446
4910000,-20673.034075855467,10419.259765625,-10253.774310230467,292.68922335948633,44.27416155930751,446
4915000,-20590.679823758474,10560.283203125,-10030.396620633474,296.650737068314,44.63172187180389,446
4920000,-20674.0879182488,10779.080078125,-9895.007840123799,302.79699782558106,44.48270983964892,446
4925000,-20889.873691402943,10431.2353515625,-10458.638339840443,293.02563160980037,44.86371143620616,446
4930000,-20865.68202211577,10677.65234375,-10188.029678365769,299.9477738433484,44.64652465417126,446
4935000,-20634.37593111684,10657.81640625,-9976.55952486684,299.3905591014109,44.29229596193296,446
4940000,-20702.66983484116,10418.83984375,-10283.82999109116,292.67742726166074,44.19173107395867,446
4945000,-20786.643213595307,10498.08984375,-10288.553369845307,294.9036526819892,44.180725194503744,446
4950000,-20604.97317094318,10744.560546875,-9860.41262406818,301.8273037187474,44.35746668317426,446
4955000,-20964.454573665775,10452.8125,-10511.642073665775,293.63175900853554,44.443050777604306,446
4960000,-20860.21547596861,10638.80078125,-10221.41469471861,298.8563878994117,44.5941983850425,446
4965000,-20773.50510489737,10705.7421875,-10067.76291739737,300.7368504895225,44.2073033391278,446
4970000,-20853.92582717366,10672.279296875,-10181.646530298662,299.7968386567523,44.36061224781965,446
4975000,-20811.27505866153,10686.669921875,-10124.60513678653,300.2010881859562,44.879241869336234,446
4980000,-20590.092097115325,10665.64453125,-9924.447565865325,299.61046031110817,43.74546192773745,446
4985000,-20705.160966357027,10407.3125,-10297.848466357027,292.35361065995585,44.17516179164171,446
4990000,-20781.680029491356,10777.078125,-10004.601904491356,302.7407606150173,44.22755616528269,446
4995000,-20925.787003967256,10967.5302734375,-9958.256730529756,308.0907847690579,44.151142569854194,446
5000000,-21128.142300174455,10352.857421875,-10775.284878299455,290.8239036670493,44.8140690608752,446
