#"Step","Potential Energy (kJ/mole)","Kinetic Energy (kJ/mole)","Total Energy (kJ/mole)","Temperature (K)","Box Volume (nm^3)","Speed (ns/day)"
5000,-1303.5310677946836,10671.5927734375,9368.061705642816,299.7775534084467,1394.7769717583337,0
10000,-1059.106345607739,10718.794921875,9659.688576267261,301.1035171023985,1394.7068056869869,508
15000,-936.7164898805931,10669.99609375,9733.279603869407,299.7327008039239,1394.7435622264015,509
20000,-1060.6831865657587,10763.630859375,9702.947672809241,302.3630111567424,1394.0797045882694,508
25000,-1238.0246875555458,10388.322265625,9150.297578069454,291.82015271038335,1394.126155058993,450
30000,-990.6135903700051,10867.703125,9877.089534629995,305.2865231224906,1393.2668582096196,461
35000,-878.6590171734715,10446.04296875,9567.383951576528,293.441594938473,1394.0503714368388,465
40000,-1251.1886163538002,10705.021484375,9453.8328680212,300.7166050937196,1393.7391912636417,467
45000,-1019.271544068557,10695.9365234375,9676.664979368943,300.46139788890247,1394.1834204950658,469
50000,-1105.498426608814,10849.34765625,9743.849229641186,304.7708964835847,1393.6344476119832,473
55000,-1140.3402332375263,10606.8076171875,9466.467383949974,297.957662409031,1393.7886061529448,476
60000,-915.1034801037458,10366.140625,9451.037144896254,291.19704441733654,1393.996696186653,478
65000,-1021.3776190312346,10489.05078125,9467.673162218765,294.6497348180972,1393.6354393001018,480
70000,-1195.569506927277,10488.52734375,9292.957836822723,294.6350308449937,1393.900153396453,482
75000,-1122.3398122365033,10767.8046875,9645.464875263497,302.4802588825715,1393.8007032569292,483
80000,-1186.3202859782323,10927.02734375,9740.707057771768,306.95300998460255,1392.563796870719,482
85000,-902.1473077423434,10610.1845703125,9708.037262570157,298.05252498177714,1392.7395632051453,482
90000,-958.775251577681,10713.2392578125,9754.464006234819,300.94745198488755,1392.9429799302684,483
95000,-1367.4447853854072,10618.30859375,9250.863808364593,298.2807383255236,1392.3842349501135,484
100000,-815.2150013555947,10373.724609375,9558.509608019405,291.41008743062355,1392.3365955420763,485
105000,-1115.9993287264952,10610.5419921875,9494.542663461005,298.0625653813217,1391.6561291057308,486
110000,-1240.8380237159727,10673.732421875,9432.894398159027,299.83765864178594,1393.0242782167577,487
115000,-1063.81003677861,10992.498046875,9928.68801009639,308.7921587995382,1393.156087192267,486
120000,-1183.3720419680321,10458.396484375,9275.024442406968,293.7886196768301,1392.8542626291874,486
125000,-918.4854151883628,10637.33984375,9718.854428561637,298.815348452093,1392.5174281600518,485
130000,-968.627448603409,10336.978515625,9368.351067021591,290.37784657252865,1392.777416789686,486
135000,-1108.5132614273316,10555.3818359375,9446.868574510168,296.5130519171824,1392.315651728478,486
140000,-969.9332682463864,10679.70703125,9709.773763003614,300.00549242433675,1391.8197741744575,487
145000,-1075.5625443088647,10595.0869140625,9519.524369753635,297.6284141157692,1391.318058483169,487
150000,-866.9420814281912,10546.0966796875,9679.154598259309,296.252220991309,1391.8588129456214,488
155000,-875.4449943229702,10367.6494140625,9492.20441973953,291.2394280711517,1391.1082609834668,488
160000,-1348.077433493716,10425.939453125,9077.862019631284,292.8768636132699,1391.9325551221075,487
165000,-1182.6771192708547,10581.6640625,9398.986943229145,297.25135047713536,1392.1150534909568,487
170000,-1110.04244128328,10557.4931640625,9447.45072277922,296.572361599738,1392.2129725025452,487
175000,-1058.722020922578,10686.9541015625,9628.232080639922,300.20907112657767,1392.5444013522858,487
180000,-1334.5537317926355,10618.3974609375,9283.843729144864,298.2832347090169,1392.5437324352401,487
185000,-1125.6545866815577,10447.265625,9321.611038318442,293.47594078609535,1391.401482533754,488
190000,-1157.8147200089297,10833.701171875,9675.88645186607,304.33136839204656,1392.0270429680427,482
195000,-1180.886371773653,10090.2109375,8909.324565726347,283.4458559689356,1391.0212914037652,465
200000,-985.6642160053452,10649.0390625,9663.374846494655,299.1439932240707,1390.3479080637703,465
205000,-1157.0368269556202,10634.8115234375,9477.77469648188,298.74432497006876,1390.1229325367237,466
210000,-971.3322436566523,10698.66015625,9727.327912593348,300.5379079280549,1390.0886110995293,466
215000,-1013.0618748890702,10884.88671875,9871.82484386093,305.76923041862744,1390.0394892644952,467
220000,-1117.321398106622,10607.669921875,9490.348523768378,297.98188555875186,1389.1121509715613,466
225000,-1233.203050727825,10739.447265625,9506.244214897175,301.68366565313175,1389.7680829141188,464
230000,-972.095326244962,10584.099609375,9612.004283130038,297.3197678445237,1389.6263104032366,463
235000,-879.6261416024208,10691.4443359375,9811.81819433508,300.3352070749545,1389.6983844287925,463
240000,-1102.0012974828423,10634.94140625,9532.940108767158,298.74797353055897,1389.9614055125478,463
245000,-978.2281583267759,10628.1328125,9649.904654173224,298.5567121490708,1389.3541615481104,464
250000,-1329.7673921790556,10504.763671875,9174.996279695944,295.09112833905886,1389.9166998669384,465
255000,-1011.4164730081247,10779.974609375,9768.558136366875,302.8221262572281,1388.8744971576014,465
260000,-1219.077658722861,10708.623046875,9489.545388152139,300.81777720716315,1388.928056700448,466
265000,-945.6441045364918,10814.9677734375,9869.323668901008,303.8051252650976,1388.704647925578,466
270000,-968.6402733816358,10518.6083984375,9549.968125055864,295.4800429410896,1388.7833560913016,466
275000,-1128.8064091499837,10982.0947265625,9853.288317412516,308.49991733410593,1388.5338691229142,466
280000,-880.5865913437447,10781.744140625,9901.157549281255,302.87183446480935,1387.6851628071313,466
285000,-913.2698853978363,10633.93359375,9720.663708352164,298.7196628957776,1388.5677066458234,467
290000,-1084.1416727616452,10379.9208984375,9295.779225675855,291.5841484555149,1389.1788780322006,467
295000,-1080.4444304219069,10801.3857421875,9720.941311765593,303.4235900824043,1389.5338670073693,467
300000,-1253.6675171480456,10660.3271484375,9406.659631289454,299.4610887932936,1389.9476793805793,468
305000,-785.0751804766187,10739.86328125,9954.788100773381,301.6953520198147,1389.438203624232,468
310000,-930.7614805769554,10579.6669921875,9648.905511610545,297.19525043049975,1389.2426961611898,468
315000,-1148.0162953543331,10803.529296875,9655.513001520667,303.48380504688606,1388.8725716113852,468
320000,-866.2694647045719,10506.7998046875,9640.530339982928,295.14832569712013,1388.4363979669222,468
325000,-1178.4473171729478,10473.677734375,9295.230417202052,294.2178879065385,1388.1568531090982,469
330000,-833.1410171348689,10800.001953125,9966.860935990131,303.3847178251512,1387.2304329793265,469
335000,-1187.4197153161804,10406.103515625,9218.68380030882,292.31964887133245,1388.172581049214,469
340000,-941.2499000454554,10989.41796875,10048.168068704545,308.70563579362687,1387.6078709337876,469
345000,-861.8368422125204,10501.3720703125,9639.53522809998,294.99585427452814,1387.5223548955194,470
350000,-1181.4148310774326,10488.56640625,9307.151575172567,294.6361281564193,1387.2532771164028,470
355000,-1200.4021385274245,10690.7080078125,9490.305869285075,300.3145227545813,1387.0177713080348,470
360000,-1287.114263444426,10642.15625,9355.041986555574,298.9506469508738,1387.2480046708442,470
365000,-1091.799781548587,10350.560546875,9258.760765326413,290.7593817552219,1387.0857295694727,470
370000,-1128.6559819735849,10531.6826171875,9403.026635213915,295.84731307524964,1387.0034284084759,470
375000,-1144.4415217073692,10398.091796875,9253.65027516763,292.09459029793464,1387.7594088040241,470
380000,-1166.316462120507,10512.5029296875,9346.186467566993,295.3085331652628,1387.404507059007,470
385000,-757.3232887821068,10591.2197265625,9833.896437780393,297.51978028463134,1387.4250869280336,471
390000,-1120.3317391612072,10751.7421875,9631.410448338793,302.02904442435033,1387.6218407065858,471
395000,-1222.6629726571264,10463.1591796875,9240.496207030374,293.92240937240064,1387.7976544724163,470
400000,-1090.8501925060118,10451.001953125,9360.151760618988,293.58089862395735,1387.3114846804046,471
405000,-994.4552864502912,10753.0078125,9758.552526049709,302.06459731454095,1388.5519326548538,471
410000,-1125.1129180004646,10426.7041015625,9301.591183562035,292.89834348442673,1388.1122188278098,471
415000,-1251.3961290423176,10620.607421875,9369.211292832682,298.3453151029222,1388.7202650289066,471
420000,-1015.9210161749506,10801.529296875,9785.60828070005,303.42762270189354,1388.246170605258,471
425000,-1050.9456409671693,10477.0146484375,9426.06900747033,294.3116257350734,1387.8082742893262,471
430000,-1054.5640539165615,10500.689453125,9446.125399208438,294.97667875736516,1387.6086779869502,471
435000,-1128.1958972020802,10555.7294921875,9427.53359498542,296.5228179888706,1388.0579409332495,471
440000,-1279.2263483478455,10661.8095703125,9382.583221964655,299.5027317618964,1387.5689428188448,471
445000,-1055.257490257165,10494.4287109375,9439.171220680335,294.80080716862153,1387.493883144981,471
450000,-901.4624934348831,10593.9189453125,9692.456451877617,297.59560450414267,1387.9633844126563,472
455000,-1223.2585566179332,10625.8310546875,9402.572498069567,298.4920530733153,1386.889013170294,471
460000,-1358.0503372966778,10565.24609375,9207.195756453322,296.79015048494097,1387.8038168424055,471
465000,-968.9415217325004,10602.4091796875,9633.467657955,297.8341051425045,1388.1302035056478,467
470000,-915.2573286264378,10392.064453125,9476.807124498562,291.9252751449592,1387.3746727758692,463
475000,-1280.4870186606422,10653.93359375,9373.446575089358,299.2814863457027,1387.6648433329494,464
480000,-1196.8450058162416,10736.44921875,9539.604212933758,301.5994470012143,1388.067862905076,464
485000,-932.9633411967661,10728.59375,9795.630408803234,301.37877767351904,1388.2134153573973,464
490000,-925.2437921033124,10599.1708984375,9673.927106334188,297.7431380253193,1387.3247432572387,464
495000,-1142.127675434589,10479.376953125,9337.249277690411,294.3779856435387,1387.4431731745321,464
500000,-1084.4464151568245,10195.87109375,9111.424678593175,286.41397364413587,1387.6226240971498,464
505000,-754.2999801177939,10768.490234375,10014.190254257206,302.4995166980914,1387.4574674059716,464
510000,-1173.4773098017467,10638.9140625,9465.436752698253,298.8595701025461,1387.7113799621993,464
515000,-1388.2039155961247,10760.60546875,9372.401553153875,302.2780243868269,1386.9798698209527,464
520000,-1111.335177674715,10642.529296875,9531.194119200285,298.9611262749886,1388.110885733956,465
525000,-1132.419518021823,10543.1875,9410.767981978177,296.1704987228848,1387.6592003711453,465
530000,-1063.5446305668884,10698.58984375,9635.045213183112,300.53593276748876,1387.245974934817,465
535000,-937.5491060724016,10615.9208984375,9678.371792365098,298.21366516463166,1387.103216079462,465
540000,-1194.0942786470405,10511.353515625,9317.25923697796,295.2762447765635,1387.441448265203,465
545000,-969.6800886444689,10681.1943359375,9711.514247293031,300.0472725568678,1387.4432363066694,465
550000,-841.7105523669743,10567.0458984375,9725.335346070526,296.84070910887704,1387.312086052338,465
555000,-1047.1170525431808,10565.4609375,9518.34388495682,296.79618569778194,1386.8983824238153,465
560000,-678.966371336559,10667.6923828125,9988.726011475941,299.66798686259705,1386.7390318071236,465
565000,-992.946075931075,10689.16015625,9696.214080318925,300.2710417893404,1385.9669879200774,465
570000,-1087.1585252154473,10534.41796875,9447.259443534553,295.9241523078298,1386.5855912877025,465
575000,-1058.862161004843,10574.14453125,9515.282370245157,297.0401180277006,1386.1024613266377,466
580000,-1160.1789532960101,10843.705078125,9683.52612482899,304.6123898481517,1387.062798461929,466
585000,-1071.3800847201055,10596.3046875,9524.924602779894,297.66262279946335,1386.6986977685006,465
590000,-880.8053422666999,10617.6181640625,9736.8128217958,298.26134334607553,1385.5882997005417,465
595000,-1059.5647232612973,10397.576171875,9338.011448613703,292.0801057871163,1386.321462107594,466
600000,-1399.700735441933,10428.08203125,9028.381295808067,292.937051144966,1386.313965771977,466
605000,-1071.791773674253,10492.681640625,9420.889866950747,294.75172991510993,1386.5637679820668,466
610000,-1125.4835878106387,10843.1328125,9717.649224689361,304.59631423576616,1385.9118861710294,466
615000,-1107.6812707115605,10579.4296875,9471.74841678844,297.188584263589,1385.0232455234968,466
620000,-1085.8387386666,10817.142578125,9731.3038394584,303.8662180787199,1386.2623895628794,466
625000,-1071.6477272975462,10646.1279296875,9574.480202389954,299.0622160900752,1385.9387987759762,466
630000,-869.1687889947789,10392.80859375,9523.639804755221,291.94617892761755,1386.2496494973507,466
635000,-1453.348283835032,10872.421875,9419.073591164968,305.41907834270734,1385.8648927598417,466
640000,-1014.9774286368047,10787.453125,9772.475696363195,303.0322065296659,1386.0581384292195,466
645000,-891.093709423003,11019.26953125,10128.175821826997,309.54420118509717,1386.2139970873525,466
650000,-1041.170512693876,10418.3974609375,9377.226948243624,292.6650002097654,1386.1779595793123,466
655000,-1150.9809066246526,10511.83984375,9360.858937125347,295.2899063038127,1385.4334187424524,466
660000,-1160.6589028499002,10744.814453125,9584.1555502751,301.83443624301395,1385.9205087723199,466
665000,-1255.4327668814221,10801.9736328125,9546.540865931078,303.4401046193601,1386.031757281943,466
670000,-1004.2040911513759,10482.04296875,9477.838877598624,294.4528771483383,1384.7505623404718,466
675000,-1263.0975375362614,10361.37890625,9098.281368713739,291.0632821545516,1385.661541718475,466
680000,-1034.1749090301892,10615.935546875,9581.76063784481,298.21407665641624,1385.6804572306971,466
685000,-1310.3136840220395,10456.4931640625,9146.17948004046,293.735153177616,1386.1564055369402,466
690000,-934.7900289214595,10761.056640625,9826.26661170354,302.29069833379305,1385.5561800161677,466
695000,-1062.86661077787,10483.4296875,9420.56307672213,294.4918317039483,1385.9536040627318,466
700000,-1150.858521825794,10746.26953125,9595.411009424206,301.8753110936189,1386.07876899859,466
705000,-1068.0145724884205,10789.900390625,9721.88581813658,303.10095309048194,1384.3530750565506,466
710000,-1102.9627010628028,10332.3544921875,9229.391791124697,290.2479523325191,1384.7370871209594,466
715000,-1007.6821227133478,10804.3984375,9796.716314786652,303.5082202261064,1385.1759022565332,466
720000,-1063.1103517005395,10622.53125,9559.42089829946,298.39935769063476,1385.5316241565295,466
725000,-1076.3711282108852,10288.6220703125,9212.250942101615,289.01945732594936,1384.7782241386624,467
730000,-1118.600034898409,10635.5126953125,9516.912660414091,298.76402171015894,1385.1755172183496,467
735000,-1142.8583183796436,10570.439453125,9427.581134745356,296.9360380389791,1385.1152377938704,467
740000,-1061.6469480238738,10518.9814453125,9457.334497288626,295.4905222652044,1385.5587439285075,467
745000,-1234.747527817497,10580.572265625,9345.824737807503,297.22068062278885,1385.0820820194854,466
750000,-759.5961591133964,10619.7685546875,9860.172395574104,298.3217503400567,1385.0900974234596,466
755000,-1036.460137535978,10559.4697265625,9523.009589026522,296.6278855578752,1385.302113814238,466
760000,-969.447816696731,10861.8125,9892.364683303269,305.12104855950486,1384.7370369660798,466
765000,-801.7538218425179,10735.671875,9933.918053157482,301.57761050384414,1384.587510369034,466
770000,-1323.9962832114543,10598.4970703125,9274.500787101046,297.7242094032271,1383.7869980399723,466
775000,-1418.9297393999586,10766.8115234375,9347.881784037541,302.4523597395747,1384.2501917384677,466
780000,-1004.1512175836542,10521.0703125,9516.919094916346,295.54920099369025,1385.0778603886292,466
785000,-899.0550908981822,10542.259765625,9643.204674726818,296.144437576526,1384.8870224381112,466
790000,-757.2626409400837,10513.921875,9756.659234059916,295.348393002799,1385.7921338288238,466
795000,-966.0294345731818,10589.15625,9623.126815426818,297.46181480857217,1385.553301709793,466
800000,-1145.300425243302,10500.947265625,9355.646840381698,294.9839210127743,1385.6293868607338,466
805000,-1157.3490867061628,10785.6171875,9628.268100793837,302.9806328926611,1385.88578895766,466
810000,-1163.9261458559922,10847.12890625,9683.202760394008,304.7085691946086,1385.6185683194533,466
815000,-1000.9217642649746,10918.564453125,9917.642688860025,306.71527746423874,1385.683213143221,465
820000,-1190.6793857202138,10372.23046875,9181.551083029786,291.36811526859304,1385.034460439022,464
825000,-1317.5009999750328,10692.640625,9375.139625024967,300.3688122373646,1384.7686669165898,463
830000,-1154.934196559203,10487.1328125,9332.198615940797,294.5958568270985,1385.0262042248357,463
835000,-925.1944159294944,10681.435546875,9756.241130945506,300.05404845492114,1385.5865485827949,462
840000,-1113.6006353384873,10643.8203125,9530.219677161513,298.99739241760585,1384.8557552215475,462
845000,-1206.3274167935015,10392.275390625,9185.947973831499,291.93120062665764,1385.2245425580359,462
850000,-976.771778424285,10716.990234375,9740.218455950715,301.0528213145341,1385.2197005614273,462
855000,-884.0136094053014,10592.1572265625,9708.143617157199,297.54611575884655,1384.8824651950417,462
860000,-1102.3264702246815,10591.021484375,9488.695014150318,297.5142114291462,1385.0057755647777,462
865000,-837.063252797423,10347.126953125,9510.063700327577,290.6629280809086,1385.461504851417,462
870000,-1186.769225282871,10589.16796875,9402.398743467129,297.46214400199983,1385.6461167321315,462
875000,-993.33741880249,10595.30078125,9601.96336244751,297.6344218958246,1386.2354027871097,462
880000,-951.9109256200609,10543.466796875,9591.55587125494,296.1783444995781,1385.3496389148052,462
885000,-1079.6047876398516,10813.255859375,9733.651071735148,303.75703559186917,1386.0191871044701,462
890000,-1229.829138087458,10504.8095703125,9274.980432225042,295.092417679984,1386.0191463982235,462
895000,-960.1999622143339,10470.623046875,9510.423084660666,294.13207815305384,1385.4136614970066,462
900000,-1043.076951176481,10986.3828125,9943.305861323519,308.620374695855,1385.8301051046367,462
905000,-1230.2306763094239,10330.8203125,9100.589636190576,290.2048554262773,1385.141720108186,462
910000,-1118.3582817569113,10583.431640625,9465.073358868089,297.3010038191453,1385.7034549044017,462
915000,-1140.9337789873825,10321.8330078125,9180.899228825117,289.95239150002425,1384.572840338535,462
920000,-848.89339955576,10522.6337890625,9673.74038950674,295.59312088350134,1385.7107153312695,462
925000,-1517.3933866689767,10382.4140625,8865.020675831023,291.65418435725604,1384.7234115599597,462
930000,-800.574085600907,10662.193359375,9861.619273774093,299.51351284665327,1384.573320661424,462
935000,-1192.4475670978863,10809.7880859375,9617.340518839614,303.6596217700584,1384.4354745182375,462
940000,-1078.4448778913502,10620.91796875,9542.47309085865,298.354038728756,1384.1522615057172,462
945000,-1176.5299934353534,10443.6484375,9267.118444064647,293.3743297480816,1384.3653792551422,463
950000,-819.5621029257018,10432.091796875,9612.529693949298,293.0496901628074,1384.2520607763197,463
955000,-1138.9639472234994,10503.236328125,9364.2723809015,295.04822346231657,1383.800339543079,463
960000,-1116.740555095268,10438.8310546875,9322.090499592232,293.23900381651515,1384.7824796579162,463
965000,-1109.896915196994,10579.814453125,9469.917537928006,297.1993927811315,1383.5695343465213,463
970000,-912.0367078909476,10496.208984375,9584.172276484052,294.8508171368448,1384.8269191750037,463
975000,-1273.365823030239,10500.796875,9227.431051969761,294.97969636378565,1384.2420844596631,463
980000,-981.5607138694904,10604.90234375,9623.34162988051,297.9041410442456,1384.0408160954141,463
985000,-1019.2587347139197,10552.025390625,9532.76665591108,296.4187654329347,1384.2442368791899,463
990000,-1132.1715210999828,10684.025390625,9551.853869525017,300.1268002024407,1383.0588938290814,463
995000,-974.0686921675806,10783.8984375,9809.82974533242,302.9323511899332,1384.2181550971857,463
1000000,-1164.7114932066906,10895.814453125,9731.10295991831,306.0762032899488,1382.7567917522003,463
1005000,-1059.7716699670564,10605.158203125,9545.386533157944,297.91132843408354,1383.5919196636637,463
1010000,-995.1824670112546,10444.060546875,9448.878079863745,293.385906383622,1383.6535598540095,463
1015000,-851.8022094445914,10329.998046875,9478.195837430409,290.18175702076763,1384.1305020302327,463
1020000,-1234.0185464383976,10663.1533203125,9429.134773874102,299.54047927493826,1384.121497971514,463
1025000,-1151.0331992008432,10774.6875,9623.654300799157,302.6736051557684,1384.0423924140102,463
1030000,-1312.070866197333,10616.1328125,9304.061946302667,298.2196180791157,1384.2733115830379,463
1035000,-1188.0969306572515,10343.5302734375,9155.433342780248,290.5618931313933,1384.4076544837606,463
1040000,-911.548064083443,10579.5068359375,9667.958771854057,297.1907514536546,1383.9706411730488,463
1045000,-944.9310232905991,10432.763671875,9487.8326485844,293.0685639193283,1384.5552407597104,463
1050000,-1209.1736788757553,10197.328125,8988.154446124245,286.454903360312,1384.7263930009558,463
1055000,-868.7383970694063,10650.494140625,9781.755743555594,299.1848680746756,1383.7343053739296,463
1060000,-1095.5711833301466,10856.89453125,9761.323347919853,304.9828970510174,1383.2656043908219,463
1065000,-812.6919471236615,10512.1337890625,9699.441841938838,295.2981635722906,1382.6225224092645,463
1070000,-1186.5204090703774,10481.8232421875,9295.302833117123,294.4467047715691,1382.4469693491546,463
1075000,-1283.1532294031495,10498.9873046875,9215.83407528435,294.9288634119931,1382.6852543783264,463
1080000,-628.276457226515,10678.263671875,10049.987214648485,299.9649467671596,1382.479865968294,463
1085000,-1294.913492870226,10710.552734375,9415.639241504774,300.8719843915895,1383.055143880551,463
1090000,-1087.3155792073521,10425.392578125,9338.076998917648,292.861501253311,1382.8073746319692,463
1095000,-1103.7628601616889,10557.4248046875,9453.661944525811,296.57044130474316,1382.5448012763718,463
1100000,-1026.3960731851403,10697.349609375,9670.95353618986,300.50109312972484,1382.5163259798305,463
1105000,-1101.7675867586513,10441.625,9339.857413241349,293.31748901623365,1381.2716689009303,463
1110000,-990.5014807728003,10488.904296875,9498.4028161022,294.64561990025106,1382.1014260246168,463
1115000,-844.8166592025373,10237.765625,9392.948965797463,287.5908401481295,1382.6374100932544,463
1120000,-1240.9334186282795,10749.998046875,9509.06462824672,301.98004946919576,1381.9097882056258,463
1125000,-1075.6793726320611,10756.724609375,9681.045236742939,302.1690064966901,1381.2706246849186,463
1130000,-1038.967280933808,10594.408203125,9555.440922191192,297.6093483297488,1381.0013137089418,463
1135000,-1065.462503984716,10697.6259765625,9632.163472577784,300.5088566080612,1380.5570379420278,463
1140000,-1045.994126612306,10639.400390625,9593.406264012694,298.8732316297952,1380.8294029561723,463
1145000,-1092.631086425652,10612.7744140625,9520.143327636848,298.12527672929673,1380.7238830001747,463
1150000,-1216.1323362022376,10521.787109375,9305.654773172762,295.56933665835066,1379.9931079009382,463
1155000,-965.7843501403113,10511.7890625,9546.004712359689,295.2884797989593,1380.9925641801233,463
1160000,-977.1389958259388,10627.5517578125,9650.412761986561,298.5403896416145,1380.7586846434479,463
1165000,-1277.029778407581,10358.298828125,9081.269049717419,290.9767591486402,1380.719080392977,463
1170000,-1322.7308796443394,10555.5,9232.76912035566,296.51637128424494,1380.1599156144487,463
1175000,-1275.7740538801008,10901.041015625,9625.2669617449,306.22302355869886,1379.6023820583237,463
1180000,-893.8848873331881,10321.00390625,9427.119018916812,289.9291010650152,1379.6583395962498,463
1185000,-1182.3754182729608,10787.181640625,9604.80622235204,303.0245802152578,1379.8044704308086,463
1190000,-1476.386135719673,10553.251953125,9076.865817405327,296.45322101169967,1379.7713742802066,463
1195000,-926.0151623109559,10563.87109375,9637.855931439044,296.7515251227586,1380.1850349993779,463
1200000,-883.7832942267123,10516.095703125,9632.312408898288,295.40945838363564,1379.7946132381383,463
1205000,-1039.2071629550774,10504.72265625,9465.515493294923,295.08997616206193,1380.1433408610296,463
1210000,-1128.5907792504731,10469.8095703125,9341.218791062027,294.109226642615,1380.4563248275908,463
1215000,-1156.7403657731484,10561.857421875,9405.117056101852,296.6949587187671,1380.310397804235,463
1220000,-1186.5795649464999,10663.0205078125,9476.440942866,299.53674841609114,1380.2024012819122,463
1225000,-1091.3687479892833,10534.9375,9443.568752010717,295.93874654979066,1380.182958969229,463
1230000,-1029.81234573471,10405.50390625,9375.69156051529,292.3028051409489,1379.6564962097684,463
1235000,-1248.3528334839648,10400.619140625,9152.266307141035,292.16558634717325,1379.5399352608229,463
1240000,-771.4567104810849,10636.0546875,9864.597977018915,298.77924690618954,1380.4665470181199,462
1245000,-894.6450843266066,10486.4921875,9591.847103173393,294.5778609197181,1379.9338071399984,461
1250000,-1334.8262542036537,10770.771484375,9435.945230171346,302.56359968534844,1380.051668549441,461
1255000,-977.613346955055,10892.119140625,9914.505793669945,305.9723976290838,1379.590764520342,461
1260000,-1356.330928189418,10530.1611328125,9173.830204623082,295.80457279522113,1380.0610430085462,461
1265000,-1230.8558813585987,10775.59765625,9544.741774891401,302.6991725119857,1379.9334232786675,461
1270000,-1098.5083110528503,10703.5390625,9605.03075144715,300.6749621251167,1379.1680086650686,461
1275000,-1149.9445406821906,10803.6015625,9653.65702181781,303.48583507302345,1380.1892875943656,461
1280000,-890.0344803133194,10703.375,9813.34051968668,300.67035341712904,1379.4442469358933,461
1285000,-779.0587995856476,10594.962890625,9815.904091039352,297.6249301519928,1378.8998971708,461
1290000,-1492.6270379408525,10588.421875,9095.794837059148,297.4411853537702,1379.9686190476891,462
1295000,-852.1412826178275,10697.91015625,9845.768873632172,300.5168395486827,1379.6836069289454,462
1300000,-1333.3265048761386,10556.8037109375,9223.477206061361,296.55299405307557,1379.2121135913735,462
1305000,-1132.573992444988,10781.0810546875,9648.507062242512,302.85320760335924,1379.860215137547,462
1310000,-1256.9384874672687,10516.556640625,9259.618153157731,295.4224066584581,1379.8314628774963,462
1315000,-754.0762054596998,10583.9150390625,9829.8388336028,297.31458304803755,1378.3300490174654,462
1320000,-1092.0240338580916,10697.0537109375,9605.029677079408,300.4927809956757,1378.9069390250952,462
1325000,-1025.5817338570196,10594.080078125,9568.49834426798,297.60013091377346,1377.7351898888805,462
1330000,-930.9534191078856,10537.423828125,9606.470409017114,296.00859042203234,1378.2570818255822,462
1335000,-1081.1151418568916,10728.365234375,9647.250092518108,301.3723584016791,1378.0792793437486,462
1340000,-1407.204954949455,10524.4921875,9117.287232550545,295.6453254745759,1377.0679574283672,462
1345000,-901.8063764348772,10927.546875,10025.740498565123,306.9676042265635,1376.7410106419973,462
1350000,-940.7103744018241,10825.5546875,9884.844313098176,304.1025240942304,1377.1391841424531,462
1355000,-1309.5913174772577,10418.826171875,9109.234854397742,292.67704320266176,1377.2307954381158,462
1360000,-953.4719606020517,10457.8115234375,9504.339562835448,293.7721874382312,1377.9063201512206,462
1365000,-1053.230931216356,10801.1806640625,9747.949732846144,303.41782919741974,1377.5703441258797,462
1370000,-1061.3484588694992,10403.712890625,9342.3644317555,292.2524934120836,1377.795535201791,462
1375000,-1175.2673022009985,10546.388671875,9371.121369674001,296.2604233942156,1377.0497858835236,462
1380000,-1100.9126796368073,10655.470703125,9554.558023488193,299.3246655503015,1376.6343123577567,462
1385000,-938.0363211655058,10587.2548828125,9649.218561646994,297.40840317492933,1376.4831326549827,462
1390000,-858.2988692323997,10350.396484375,9492.0976151426,290.75477304723427,1376.0869456606663,462
1395000,-864.6875765248406,10839.7705078125,9975.08293128766,304.5018631548046,1376.4614961082254,462
1400000,-990.0464316954458,10744.724609375,9754.678177679554,301.831912426735,1375.6321297399825,462
1405000,-1026.4743082699133,10683.2822265625,9656.807918292587,300.105923852568,1375.449616580794,462
1410000,-1070.2347293511993,10574.765625,9504.5308956488,297.0575652793682,1375.0804384772807,462
1415000,-1024.78177614171,10605.5849609375,9580.80318479579,297.9233165614086,1375.182433193572,462
1420000,-959.3956056776951,10690.203125,9730.807519322305,300.3003400044049,1375.0348601951343,462
1425000,-997.8763936715841,10723.681640625,9725.805246953416,301.2407907617454,1374.941718332449,462
1430000,-1131.0094815268967,10578.087890625,9447.078409098103,297.1508916161185,1375.2939765599235,462
1435000,-1159.3140393804642,10552.8173828125,9393.503343432036,296.4410134220895,1375.3321937820263,462
1440000,-1461.071121743138,10875.06640625,9413.995284506862,305.4933663262228,1375.2633317538728,462
1445000,-1490.7100728758815,10931.314453125,9440.604380249119,307.073439913566,1375.218245929066,462
1450000,-924.1797385076788,10494.0810546875,9569.901316179821,294.7910410969333,1375.5544946912776,462
1455000,-984.5421510195738,10603.033203125,9618.491052105426,297.851634692529,1374.3177391298047,462
1460000,-996.3273169922177,10820.818359375,9824.491042382782,303.9694750838721,1374.8372096752748,462
1465000,-1014.5683463287714,10247.208984375,9232.640638046229,287.8561151852767,1374.5950053240945,462
1470000,-1240.5372314851265,10881.2001953125,9640.662963827373,305.66567165283317,1374.426951197566,462
1475000,-1020.9625162768352,10756.9375,9735.974983723165,302.1749868439598,1375.0917795199866,462
1480000,-963.3425515808922,10912.0185546875,9948.676003106608,306.5313955020879,1374.7525197235725,462
1485000,-1206.5695367263543,10544.7763671875,9338.206830461146,296.2151318651225,1374.327766395886,462
1490000,-1152.250726653001,10380.9111328125,9228.660406159499,291.61196530015474,1374.4455598084028,462
1495000,-1192.3994979270647,10595.53515625,9403.135658322935,297.64100576437835,1374.423724607746,462
1500000,-958.4343097641831,10794.2724609375,9835.838151173317,303.22376967179616,1374.3972910271943,462
1505000,-1524.5040424020553,10799.12109375,9274.617051347945,303.35997345250314,1374.4684631116509,462
1510000,-925.5599339411419,10717.224609375,9791.664675433858,301.05940518308796,1374.3301316301797,462
1515000,-1010.1880789502902,10687.1220703125,9676.93399136221,300.21378956570794,1373.98204330698,462
1520000,-1261.3922019862803,10611.705078125,9350.31287613872,298.09523782902,1374.7060595628625,462
1525000,-1034.561547896039,10491.814453125,9457.252905228961,294.72736960146085,1374.6202991114112,462
1530000,-1059.622612490668,10343.3017578125,9283.679145321832,290.55547385955333,1374.4424408983953,462
1535000,-1081.985022950641,10373.642578125,9291.657555174359,291.4077830766297,1374.927307688908,461
1540000,-1528.641439324725,10638.888671875,9110.247232550275,298.8588568501194,1374.792773555523,461
1545000,-883.3397612123954,10604.9638671875,9721.624105975105,297.905869309741,1375.6183335624555,461
1550000,-1003.273515788911,10592.771484375,9589.497968586089,297.56337098101466,1375.0805576611224,461
1555000,-911.2314361026365,10722.123046875,9810.891610772363,301.19700803586255,1375.1138899299672,461
1560000,-705.3838810821617,10802.4765625,10097.092681417838,303.4542325039652,1375.7726800179134,461
1565000,-824.5882504981128,10487.826171875,9663.237921376887,294.6153341049035,1375.5736231611538,462
1570000,-1171.0513648246706,10653.6630859375,9482.61172111283,299.27388746408025,1374.7968160978253,462
1575000,-1092.7892930997477,10743.3369140625,9650.547620962752,301.79293043833934,1374.6442324388977,462
1580000,-1266.794043135902,10464.1201171875,9197.326074051598,293.94940323347123,1374.1851374637738,462
1585000,-1239.0286962642567,10739.896484375,9500.867788110743,301.69628473452656,1374.1246968922217,462
1590000,-1425.2644398240664,10875.1064453125,9449.842005488434,305.4944910704341,1374.317843808115,462
1595000,-1244.1276753054117,10571.275390625,9327.147715319588,296.9595205034877,1374.8484969157253,462
1600000,-1095.3259334779577,10798.0859375,9702.760004022042,303.3308946997238,1374.8244823302166,462
1605000,-1027.6761882902501,10594.9306640625,9567.25447577225,297.62402487006665,1373.8543781026194,462
1610000,-1164.671421974519,10547.091796875,9382.420374900481,296.28017499987703,1373.5420382648051,462
1615000,-995.0780986893224,10662.099609375,9667.021510685678,299.51087929923176,1374.2467577605446,462
1620000,-1254.043562277744,10715.4794921875,9461.435929909756,301.0103827951477,1373.6356253523018,462
1625000,-1131.5896925285924,10637.8984375,9506.308744971408,298.83104000547957,1373.709053107689,462
1630000,-1096.0149021114194,10575.912109375,9479.89720726358,297.0897713697106,1372.8318709759678,462
1635000,-971.1227649710199,10774.7626953125,9803.63993034148,302.67571748026273,1372.890741789968,462
1640000,-784.3548205921397,10552.0263671875,9767.67154659536,296.4187928657204,1372.145544288293,462
1645000,-1065.583498168111,10646.7451171875,9581.161619019389,299.07955361060027,1371.510518884222,462
1650000,-1036.4424478501169,10667.533203125,9631.090755274883,299.6635153185376,1372.3180750959382,462
1655000,-992.1494009399175,10543.0546875,9550.905286560082,296.1667678640377,1371.46348510855,462
1660000,-1066.9572702391742,10759.095703125,9692.138432885826,302.2356133002262,1371.9100354368986,462
1665000,-1173.0207198675926,10370.1162109375,9197.095491069907,291.3087232876805,1371.9774215141401,462
1670000,-1220.2720688249246,10468.7822265625,9248.510157737575,294.0803673521208,1371.9362848883975,462
1675000,-1116.5361319633957,10971.837890625,9855.301758661604,308.21179078651977,1371.8922672974768,462
1680000,-931.4158600354713,10563.896484375,9632.480624339529,296.75223837518524,1371.9156554350582,462
1685000,-883.2930608749884,10672.75390625,9789.460845375012,299.81017099057374,1371.5261078772423,462
1690000,-961.8829319557699,10827.9248046875,9866.04187273173,304.16910346498076,1371.8350487753466,462
1695000,-1194.0192286388046,10556.2412109375,9362.221982298695,296.5371927685464,1371.0113663599504,462
1700000,-1393.8101116071193,10593.30859375,9199.49848214288,297.57845901311714,1372.0869278052971,462
1705000,-1159.3493585720134,10529.7763671875,9370.427008615487,295.7937642776787,1371.1808362478696,462
1710000,-955.5169632998586,10355.353515625,9399.836552325141,290.89402186714733,1371.7823544458668,462
1715000,-1064.3666475607606,10554.794921875,9490.42827431424,296.4965648130123,1371.4461246021533,462
1720000,-1048.0034857742867,10649.1376953125,9601.134209538213,299.1467639354204,1371.2840284010886,462
1725000,-1031.7086919423746,10458.6630859375,9426.954393995125,293.79610882731004,1371.3762716099588,462
1730000,-1224.1229990068969,10727.7109375,9503.587938493103,301.3539784352997,1370.1959315171985,462
1735000,-1109.6682411985385,10623.4658203125,9513.797579113962,298.42561086649306,1370.4004505644568,462
1740000,-987.8019435697352,10790.333984375,9802.532040805265,303.11313324730656,1370.3492293253375,462
1745000,-913.5658920870774,10641.6015625,9728.035670412923,298.9350651286298,1370.0744885556785,462
1750000,-1026.941096325172,10800.71484375,9773.773747424828,303.40474375866904,1369.9994212520457,462
1755000,-1079.956311134214,10453.8125,9373.856188865786,293.6598501810318,1370.736349257196,462
1760000,-1412.915916587648,10594.0849609375,9181.169044349852,297.6002680777016,1369.2543743472656,462
1765000,-1252.4823828280933,10532.69921875,9280.216835921907,295.8758706051018,1370.9299034817357,462
1770000,-998.8925711825577,10710.689453125,9711.796881942442,300.8758249815792,1371.2632890571003,462
1775000,-1009.8834213256196,10575.009765625,9565.12634429938,297.06442347577837,1370.6525762058702,462
1780000,-948.281724545348,10575.505859375,9627.224134829652,297.078359330884,1371.0545888815188,462
1785000,-1057.5227379215066,10764.45703125,9706.934293328493,302.3862192933946,1370.865907664055,462
1790000,-1277.2897551342612,10626.95703125,9349.667276115739,298.52368307515917,1371.0445547850536,462
1795000,-1114.8985087147303,10544.2734375,9429.37492878527,296.20100398051744,1371.3958120041868,462
1800000,-1208.9113309457316,10485.130859375,9276.219528429268,294.5396196165347,1370.0793989952388,462
1805000,-1127.5156088141957,10515.443359375,9387.927750560804,295.3911332828275,1370.1456800712813,462
1810000,-1078.0671644214308,10929.1142578125,9851.04709339107,307.01163384751715,1370.767392121179,462
1815000,-1389.242311103706,10453.97265625,9064.730345146294,293.6643491578769,1370.3937029702577,462
1820000,-1485.8235543897172,10394.75,8908.926445610283,292.0007153054716,1370.9079928571336,462
1825000,-1420.6397013983806,10574.791015625,9154.15131422662,297.0582785317948,1370.5334584134534,462
1830000,-1364.5254191568674,10362.052734375,8997.527315218133,291.08221077664376,1370.9100405703498,462
1835000,-901.0594317244977,10511.9482421875,9610.888810463002,295.2929513430188,1370.6030103595751,462
1840000,-1060.5912623828044,10509.380859375,9448.789596992196,295.2208305495689,1370.5148011933913,462
1845000,-1052.481902106636,10488.408203125,9435.926301018364,294.6316840451455,1370.6679720875159,462
1850000,-946.5674318192468,10683.041015625,9736.473583805753,300.0991479545147,1370.3639733470934,462
1855000,-985.6648036898259,10552.2353515625,9566.570547872674,296.4246634818475,1370.2618929260273,462
1860000,-1103.54501833416,10549.37109375,9445.82607541584,296.3442031215628,1370.738260446558,462
1865000,-1282.2351587762678,10558.0712890625,9275.836130286232,296.5886018088374,1370.2640910343625,462
1870000,-1276.6221991689526,10593.236328125,9316.614128956047,297.57642898697975,1369.7760665739006,462
1875000,-1188.986495382036,10785.65625,9596.669754617964,302.9817302040867,1370.0852153843414,462
1880000,-1048.1709010981867,10904.123046875,9855.952145776813,306.30960143018143,1369.6299122012726,462
1885000,-947.9254051509342,10687.2080078125,9739.282602661566,300.21620365084436,1369.670804141577,462
1890000,-1080.7880074010318,10696.2509765625,9615.462969161468,300.47023124587884,1369.0279404815856,462
1895000,-872.0130735005368,10564.2548828125,9692.241809311963,296.76230620751545,1368.9497183087074,462
1900000,-737.5382509371557,10356.693359375,9619.155108437844,290.93165964904665,1369.0921862221455,462
1905000,-1212.0927631918894,10636.837890625,9424.74512743311,298.8012480002736,1368.9066600438364,462
1910000,-1068.979572185286,10605.501953125,9536.522380939714,297.9209847746291,1369.5495186642995,462
1915000,-950.2663110447756,10657.5390625,9707.272751455224,299.38276819028886,1369.476008158336,462
1920000,-1170.847266259254,10814.0654296875,9643.218163428246,303.77977737116544,1369.292990526114,462
1925000,-681.2295155592292,10808.0078125,10126.77829694077,303.6096118018351,1369.650012819025,462
1930000,-869.8600264822599,10457.416015625,9587.55598914274,293.7610771600466,1369.1436978200675,462
1935000,-1221.0697563343856,10628.673828125,9407.604071790614,298.57190991231585,1368.8524648622063,462
1940000,-862.606685423787,10664.634765625,9802.028080201213,299.5820948107555,1368.6584454323906,462
1945000,-1246.025991446004,10606.32421875,9360.298227303996,297.94408318013876,1367.7420737704279,462
1950000,-1073.9525408206246,10546.744140625,9472.791599804375,296.2704089281889,1367.9928439287912,463
1955000,-909.831228244846,10662.560546875,9752.729318630154,299.5238275740543,1367.7190099534246,462
1960000,-1336.6789348045568,10839.21484375,9502.535908945443,304.48625389977497,1367.685954777456,462
1965000,-1055.2722495741327,10507.7021484375,9452.429898863367,295.1736735910523,1368.1878060561496,462
1970000,-1045.5542030903598,10857.78125,9812.22704690964,305.0078060203793,1367.5679778170716,463
1975000,-1049.7396282665286,10577.5283203125,9527.788692045971,297.1351726299462,1367.012174981175,463
1980000,-1065.753588972264,10439.37109375,9373.617504777736,293.25417414697455,1368.0409274272672,463
1985000,-959.7422980580013,10652.03125,9692.288951941999,299.22804727927434,1368.0742103531577,463
1990000,-1377.73935362068,10696.279296875,9318.53994325432,300.47102679666244,1368.0421171137507,463
1995000,-1096.0294033198443,10515.322265625,9419.292862305156,295.38773161740806,1366.8065030784562,463
2000000,-1428.1713005482598,10884.833984375,9456.66268382674,305.76774904820286,1367.2463704063935,463
2005000,-931.4308270443144,10785.982421875,9854.551594830686,302.99089275449074,1366.7633727541424,463
2010000,-998.9929720558575,10752.685546875,9753.692574819142,302.05554449527943,1367.3192808302242,463
2015000,-999.0096326435887,10765.244140625,9766.234507981411,302.4083301186211,1367.5884357604427,463
2020000,-1150.9062958254508,10435.775390625,9284.86909479955,293.1531666302448,1366.7450466097503,463
2025000,-1016.622299677023,10670.9609375,9654.338637822977,299.7598043961371,1367.1994047560463,463
2030000,-707.94833841949,10988.900390625,10280.95205220551,308.6910964172372,1366.6602126955668,463
2035000,-1248.0307338839339,10527.3505859375,9279.319852053566,295.72562123814674,1366.3687389931374,463
2040000,-1167.7552101168112,10646.927734375,9479.172524258189,299.0846835415151,1365.8008127560108,463
2045000,-1170.517020472529,10650.4375,9479.92047952747,299.18327697310843,1366.130558193354,463
2050000,-903.9562056823634,10540.873046875,9636.916841192637,296.1054830209159,1366.957624195281,463
2055000,-987.1408940315159,10868.490234375,9881.349340343484,305.3086339477171,1366.9266043026648,463
2060000,-971.8976417529339,10595.748046875,9623.850405122066,297.64698611164806,1366.3563673334313,463
2065000,-947.3759386187157,10652.71875,9705.342811381284,299.2473599603655,1366.363191985087,463
2070000,-1185.5085920238635,10419.359375,9233.850782976137,292.6920215036217,1366.2026218260917,463
2075000,-1226.41301039682,10436.4521484375,9210.03913804068,293.17217755069396,1365.736160636516,463
2080000,-873.0089133570582,10499.359375,9626.350461642942,294.9393153033223,1365.595508161423,463
2085000,-1190.6599014062522,10805.42578125,9614.765879843748,303.5370795166006,1365.3884043553771,463
2090000,-1114.430739075542,10299.6728515625,9185.242112486958,289.32988672826156,1365.3876158017047,463
2095000,-1199.5781292205502,10500.564453125,9300.98632390445,294.97316736080313,1365.5851218570633,463
2100000,-906.9720312594873,10510.0986328125,9603.126601553013,295.240993647015,1365.467913632076,463
2105000,-1177.5237708558998,10674.623046875,9497.0992760191,299.8626773422904,1365.0723533994503,463
2110000,-1156.7919006969896,10728.4970703125,9571.70516961551,301.37606182774056,1364.9828084960814,463
2115000,-1143.9008182052348,10605.1044921875,9461.203673982265,297.9098196308733,1365.0363908461627,463
2120000,-1041.393212265626,10631.423828125,9590.030615859374,298.64916063668056,1365.416166725901,463
2125000,-962.4095553831285,10889.169921875,9926.760366491872,305.88955061644833,1365.2603018349714,463
2130000,-1089.1120757575409,10695.3310546875,9606.21897892996,300.4443895618051,1365.547158616485,463
2135000,-1119.1902471647918,10628.2021484375,9509.011901272708,298.5586598768513,1365.5292235992215,463
2140000,-1118.4974559518305,10734.73828125,9616.24082529817,301.55138476077144,1365.1643563812174,463
2145000,-1136.3122414329264,10341.0849609375,9204.772719504574,290.4932014361485,1366.0786556652454,463
2150000,-1215.6899858310353,10420.609375,9204.919389168965,292.727135469242,1365.3097280159,463
2155000,-847.8351645972143,10500.779296875,9652.944132277786,294.9792025736441,1366.1370866048353,463
2160000,-1108.4742157233559,10856.298828125,9747.824612401644,304.96616305177645,1365.2850972922552,463
2165000,-1134.1533120392996,10656.4765625,9522.3232504607,299.35292131951155,1365.5363513697234,463
2170000,-855.1020182443608,10744.76171875,9889.65970050564,301.83295487258937,1365.7095622248194,463
2175000,-1087.1195861986635,10629.03125,9541.911663801337,298.5819503118604,1365.1370021023013,463
2180000,-1406.0250687855587,10415.376953125,9009.351884339441,292.5801506037782,1365.2829186662268,463
2185000,-1001.6727635007701,10824.95703125,9823.28426774923,304.08573522941816,1365.9921523711466,463
2190000,-1119.8049525242823,10620.2197265625,9500.414774038218,298.3344242870228,1365.14508588358,463
2195000,-1123.8637103548099,10569.8837890625,9446.02007870769,296.9204287839495,1365.498462676492,463
2200000,-1588.6261094750225,10813.6748046875,9225.048695212477,303.7688042569091,1365.0878446478582,463
2205000,-926.6810055331443,10787.365234375,9860.684228841856,303.02973757895825,1365.5894624072378,463
2210000,-1051.4812877333752,10579.345703125,9527.864415391625,297.1862250440239,1366.049742979301,463
2215000,-1039.7559281850408,10864.919921875,9825.16399368996,305.2083396834141,1365.4034593448882,463
2220000,-1120.7826867681288,10609.462890625,9488.680203856871,298.0322521531885,1365.621677294254,463
2225000,-1147.0002861486719,10702.560546875,9555.560260726328,300.64747447390454,1365.2180015516096,463
2230000,-880.3681720191089,10723.783203125,9843.415031105891,301.24364377145207,1364.8098747888869,463
2235000,-841.0387582082767,10862.791015625,10021.752257416723,305.148536210717,1365.6786569196493,463
2240000,-1185.551982776582,10733.7109375,9548.158954723418,301.52252547027723,1365.6918347163455,463
2245000,-1115.7349699870101,10702.9697265625,9587.23475657549,300.6589688110881,1365.3517618695264,463
2250000,-870.4866307919292,10873.037109375,10002.55047858307,305.4363609976611,1364.1157167712638,463
2255000,-1313.5431756620528,10553.6484375,9240.105261837947,296.4643587226699,1364.5648891827534,463
2260000,-1096.452435707819,10641.38671875,9544.934283042181,298.9290299157888,1365.2715312666355,463
2265000,-1252.6780912087415,10621.8271484375,9369.149057228758,298.37957865218766,1364.8891610819683,463
2270000,-1065.376927853853,10664.041015625,9598.664087771147,299.5654156770858,1364.2514690007363,463
2275000,-1064.4188189807464,10375.6484375,9311.229618519254,291.46413001833605,1363.9246938189415,463
2280000,-1115.5518416415434,10930.8115234375,9815.259681795957,307.05931202896096,1363.923708673525,463
2285000,-1079.26888020552,10939.3984375,9860.12955729448,307.3005285131012,1363.2756120230272,463
2290000,-740.9938764102117,10540.8486328125,9799.854756402288,296.1047972012749,1364.192392198489,463
2295000,-1129.3310869858396,10616.98046875,9487.64938176416,298.243429737052,1364.2861815949832,463
2300000,-929.4560787427472,10808.2587890625,9878.802710319753,303.6166620277448,1364.2231253014832,463
2305000,-1102.6266533775924,10745.9365234375,9643.309870059908,301.86595651371533,1364.614895498162,463
2310000,-1214.7899743010057,10690.57421875,9475.784244448994,300.3107644629484,1363.918596311127,463
2315000,-929.7654706610338,10447.80078125,9518.035310588966,293.4909739526266,1364.0557479930467,463
2320000,-1233.611587746258,10722.1337890625,9488.522201316242,301.19730979650467,1364.2544386065429,463
2325000,-949.9748810143938,10607.45703125,9657.482150235606,297.97590521148214,1363.5258558916312,463
2330000,-781.9897685809992,10647.5166015625,9865.5268329815,299.1012255112566,1363.0265931359218,463
2335000,-996.1539759969892,10582.396484375,9586.24250837801,297.271925066366,1363.3117200921533,463
2340000,-1054.9574707869178,10711.951171875,9656.993701088082,300.9112681406272,1363.4551739194872,463
2345000,-1025.7543434120744,10503.6015625,9477.847219087926,295.05848332414627,1362.986283090072,463
2350000,-983.3604865235247,10449.140625,9465.780138476475,293.5286117345259,1362.6482619069955,463
2355000,-1078.4493590532948,10593.025390625,9514.576031571705,297.5705035052813,1362.4742245106195,463
2360000,-1274.8264023007505,10581.1923828125,9306.36598051175,297.23810044167084,1362.625677950447,463
2365000,-1281.8702867154352,10809.123046875,9527.252760159565,303.640940043037,1362.4482654642645,463
2370000,-1398.4931810158596,10318.998046875,8920.50486585914,289.8727541233088,1362.7547711713294,463
2375000,-1197.6038987088832,10456.12109375,9258.517195041117,293.72470128628686,1362.4183908398172,463
2380000,-963.608065789711,10411.80859375,9448.200527960289,292.4799112050464,1363.1834906104264,463
2385000,-1127.62142237823,10899.615234375,9771.99381199677,306.18297169166317,1363.0449656738806,463
2390000,-1218.407019222126,10663.794921875,9445.387902652874,299.5585026151043,1362.7524805249182,463
2395000,-1152.1162210669863,10526.515625,9374.399403933014,295.7021662064238,1362.9417281600927,463
2400000,-1060.52734701398,10382.431640625,9321.90429361102,291.6546781473976,1362.4773793064953,463
2405000,-933.7297491395875,10602.087890625,9668.358141485412,297.82507975602863,1362.7086864331575,463
2410000,-1039.326164703496,10577.3681640625,9538.041999359004,297.13067365310116,1361.898018765491,463
2415000,-865.975435583212,10516.76953125,9650.794095666788,295.4283870057278,1362.2479834657254,463
2420000,-787.6277742415405,10729.1533203125,9941.52554607096,301.39449665969124,1362.5427432388715,463
2425000,-849.8815305798926,10711.15234375,9861.270813170107,300.888828121973,1362.3511558653474,463
2430000,-1338.6712112385285,10748.712890625,9410.041679386472,301.9439479232924,1362.5901958947873,463
2435000,-1253.4812341988581,10562.287109375,9308.805875176142,296.70702914444905,1363.3611279145273,463
2440000,-1256.0506566512922,10579.259765625,9323.209108973708,297.18381095888753,1362.1530503370443,463
2445000,-861.4314255855134,10821.6728515625,9960.241425976987,303.9934787713079,1362.4758619754623,463
2450000,-1216.0759087566257,10564.279296875,9348.203388118374,296.76299202715643,1363.2419743318117,463
2455000,-1043.1603948576521,10417.24609375,9374.085698892348,292.63265695549484,1363.29495757967,463
2460000,-1169.67453232166,10489.4423828125,9319.76785049084,294.6607353651392,1362.9232952395143,463
2465000,-1003.9090338167298,10436.5908203125,9432.68178649577,293.17607300625497,1362.8357715764034,463
2470000,-1086.3832524374302,10775.517578125,9689.13432568757,302.69692302356316,1364.096602324181,463
2475000,-761.4425670005585,10749.3759765625,9987.933409561942,301.9625747847425,1362.5494092139818,463
2480000,-817.8275475735281,10772.54296875,9954.715421176472,302.613362758501,1363.3585899596228,463
2485000,-1153.0758919423242,10667.201171875,9514.125279932676,299.6541881714197,1363.3223083676062,463
2490000,-956.192995916208,10782.0185546875,9825.825558771292,302.87954307757445,1364.2159812799403,463
2495000,-896.7727612697054,10554.044921875,9657.272160605295,296.47549643364005,1363.133871017856,463
2500000,-904.8796634833416,10558.5537109375,9653.674047454158,296.602153604944,1363.490422020406,463
2505000,-966.5095097992162,10670.505859375,9703.996349575784,299.74702071802847,1363.2795572145837,463
2510000,-1128.1334540163662,10664.0166015625,9535.883147546134,299.56472985744483,1362.3968567499073,463
2515000,-1043.5972724319436,10656.34375,9612.746477568056,299.34919046066443,1362.463223970968,463
2520000,-1261.04624653075,10540.0302734375,9278.98402690675,296.0818085269079,1363.051614412261,463
2525000,-1270.5129831219092,10898.056640625,9627.54365750309,306.1391889657803,1362.3188977774203,463
2530000,-934.5712115637725,10690.6318359375,9756.060624373727,300.31238299730126,1363.296506121008,463
2535000,-1117.1072392309725,10730.435546875,9613.328307644028,301.43051590723775,1362.2703766366024,463
2540000,-954.95343588377,10698.486328125,9743.53289224123,300.53302489221085,1361.973815820589,463
2545000,-1502.7145444228372,10763.1357421875,9260.421197764663,302.34910273442244,1362.282004284529,463
2550000,-881.0080889496603,10301.263671875,9420.25558292534,289.37457473607054,1362.7681202597992,463
2555000,-1018.1618384331814,10764.357421875,9746.195583441819,302.3834211492592,1361.56432308642,463
2560000,-811.144684009385,10584.6669921875,9773.522308178115,297.33570629298106,1362.5113347533677,463
2565000,-1275.068100713499,10667.025390625,9391.957289911501,299.64925027000436,1361.4744156257889,464
2570000,-1069.9131847620301,10791.7919921875,9721.87880742547,303.1540903962683,1361.7278609802358,463
2575000,-1113.3793642373057,10589.296875,9475.917510762694,297.4657651297044,1361.8516666128446,463
2580000,-1201.5475944071513,10839.169921875,9637.622327467849,304.48499199163547,1361.1861273232587,463
2585000,-1231.5379032575001,10760.623046875,9529.0851436175,302.2785181769685,1361.4223855300752,464
2590000,-1010.7670514073106,10571.0078125,9560.24076109269,296.95200392022207,1361.6135485117218,464
2595000,-1273.73604495771,10796.125,9522.38895504229,303.27580966615693,1361.4662971673522,464
2600000,-879.1058727241325,10546.89453125,9667.788658525868,296.2746335771776,1361.3266038705979,464
2605000,-1290.3730361454946,10959.68359375,9669.310557604505,307.87036233643346,1362.0854218701518,464
2610000,-1241.628977571614,10633.28515625,9391.656178678386,298.7014475261121,1362.0071073609797,464
2615000,-941.0588522649487,10284.419921875,9343.361069610051,288.90141404933667,1362.4198705153399,464
2620000,-1184.6221724390343,10806.2578125,9621.635640060966,303.56045224996666,1362.7304975338616,464
2625000,-1080.115260980223,10624.689453125,9544.574192144777,298.45998414690104,1361.5268626892403,464
2630000,-1269.870590486331,10763.7939453125,9493.923354826169,302.36759243194444,1361.6020717947276,464
2635000,-1172.671615921703,10621.955078125,9449.283462203297,298.3831723471066,1361.6725538057854,464
2640000,-1030.7801850534888,10559.025390625,9528.245205571511,296.61540364040854,1361.2050882530102,464
2645000,-1392.884809666124,10890.1171875,9497.232377833876,305.91616041852,1361.012603903586,464
2650000,-1131.6801525580377,10497.38671875,9365.706566191962,294.88390107632773,1360.736568987321,464
2655000,-1034.3631191630702,10842.0400390625,9807.67691989943,304.565616948634,1360.478005647843,464
2660000,-1053.3248597463535,10614.330078125,9561.005218378647,298.1689771568227,1360.9813629678697,464
2665000,-1330.707115598867,10903.93359375,9573.226478151133,306.30427946976715,1361.2948014408591,464
2670000,-1216.8985302950896,10428.927734375,9212.02920407991,292.96080793733097,1360.00436946007,464
2675000,-1191.9364720506856,10525.7333984375,9333.796926386814,295.68019254512546,1359.3337757423799,464
2680000,-1052.8709601943992,10673.19140625,9620.3204460556,299.8224608785409,1360.3450592627462,464
2685000,-914.2126526055217,10490.560546875,9576.347894269478,294.692145904698,1360.744276552489,464
2690000,-1264.2573835513322,10544.7431640625,9280.485780511168,296.21419915041076,1359.8928131251432,464
2695000,-1341.7368760565878,10627.966796875,9286.229920818412,298.5520485755119,1359.7569401932092,464
2700000,-1211.388850997173,10332.9404296875,9121.551578690327,290.2644120039036,1359.8217508676132,464
2705000,-1143.76030890728,10609.5986328125,9465.83832390522,298.03606531039264,1360.2939041872023,464
2710000,-1094.4594680945738,10765.8486328125,9671.389164717926,302.42531101293287,1359.5577580530405,464
2715000,-1111.2602805526985,10485.419921875,9374.159641322301,294.5477397210844,1359.217195241612,464
2720000,-864.0288776163652,10733.763671875,9869.734794258635,301.5240068407019,1359.1314284685498,464
2725000,-684.16967326343,10995.6630859375,10311.49341267407,308.88106845780027,1358.880704588876,464
2730000,-1011.7301515223371,10722.693359375,9710.963207852663,301.2130287826769,1359.367219598125,464
2735000,-1493.0624823068065,10669.484375,9176.421892693194,299.7183260242481,1359.1019251153084,464
2740000,-957.6321760981082,10521.939453125,9564.307277026892,295.5736161729106,1358.575197189854,464
2745000,-974.1426943432452,10725.046875,9750.904180656755,301.27914179607137,1359.0452729124113,464
2750000,-1364.4395824592357,10371.615234375,9007.175651915764,291.3508326136392,1358.0271093519336,464
2755000,-1066.662616308182,10658.421875,9591.759258691818,299.40756742850823,1358.5449434810089,464
2760000,-808.6018898977927,10797.275390625,9988.673500727207,303.30812548764186,1357.8244068436009,464
2765000,-875.1416788030183,10832.642578125,9957.500899321982,304.3016312524118,1357.6001437897842,464
2770000,-1050.1388461283495,10794.580078125,9744.44123199665,303.23241099927304,1358.0669750553704,464
2775000,-1218.4268888288352,10604.017578125,9385.590689296165,297.879286940455,1358.3649835700535,464
2780000,-1242.1304713818972,10604.71875,9362.588278618103,297.89898368054514,1357.7005062419826,464
2785000,-1137.035924013806,10611.966796875,9474.930872861194,298.1025898155718,1358.1416485161262,464
2790000,-895.3061119165941,10750.490234375,9855.184122458406,301.99387559315875,1357.9015823579439,464
2795000,-1054.7008786655351,10689.3037109375,9634.602832271965,300.27507440882965,1356.935486071761,464
2800000,-1039.6447407395026,10753.3623046875,9713.717563947997,302.0745554157286,1357.128555457141,464
2805000,-936.9589911849616,10715.453125,9778.494133815038,301.00964210993544,1357.3289080302932,464
2810000,-1116.5593418702483,10777.04296875,9660.483626879752,302.7397730347342,1357.2392086132993,464
2815000,-1064.302464806664,10423.046875,9358.744410193336,292.79560770220166,1357.5139569016983,464
2820000,-1162.3319082922826,10526.7236328125,9364.391724520217,295.70800938976527,1356.6906475039611,464
2825000,-1101.502951815608,10631.8359375,9530.332985684392,298.660737272221,1357.3800155981564,464
2830000,-1237.0620082118257,10592.943359375,9355.881351163174,297.56819915128744,1357.8353767908109,464
2835000,-1034.360543248782,10460.888671875,9426.528128626218,293.85862814578564,1357.6626396898478,464
2840000,-1282.2982998053776,10677.208984375,9394.910684569622,299.9353193586674,1357.2311995772789,464
2845000,-1352.7211802757229,10682.46484375,9329.743663474277,300.0829626109866,1357.1934795218658,464
2850000,-1445.7651594531053,10261.8251953125,8816.060035859395,288.2667016879637,1356.9320735040994,464
2855000,-1352.684524445198,10758.8544921875,9406.169967742302,302.22883740217287,1357.3402057736155,464
2860000,-1139.8268627304642,10951.841796875,9812.014934144536,307.65007706773724,1357.13480452534,464
2865000,-1200.757348870713,10834.1552734375,9633.397924566787,304.34412463736953,1357.5413727767664,464
2870000,-960.3813606704643,10346.4296875,9386.048326829536,290.64334107196106,1357.6812122391048,464
2875000,-1249.7007294402283,10592.0244140625,9342.323684622272,297.5423848999994,1356.9478208164596,464
2880000,-1007.8400426367298,10439.9482421875,9432.10819955077,293.2703869232883,1356.999497889461,464
2885000,-1013.353644905379,10887.892578125,9874.538933219621,305.85366853283006,1357.9797421768171,464
2890000,-1127.5723644357495,10660.8701171875,9533.29775275175,299.4763414221099,1357.565535150739,464
2895000,-1069.1765867537324,10472.94921875,9403.772631996268,294.19742304845045,1356.3416871061006,464
2900000,-925.1061491316359,10650.0966796875,9724.990530555864,299.1737029309198,1356.1636507371286,464
2905000,-1122.0043079789466,10544.3720703125,9422.367762333553,296.2037746918672,1356.5798498456522,464
2910000,-1163.3362673632364,10554.384765625,9391.048498261764,296.4850430430431,1356.706185717477,464
2915000,-1155.8169536112837,10243.6630859375,9087.846132326216,287.7565067406147,1356.9505107864707,464
2920000,-944.7984725866263,10526.662109375,9581.863636788374,295.7062811242699,1357.0529001170153,464
2925000,-937.3377325913752,10399.736328125,9462.398595533625,292.14078710895393,1356.962150986875,464
2930000,-990.6573637136898,10628.7509765625,9638.09361284881,298.57407710238147,1356.7025666083844,464
2935000,-1117.7059645270056,10573.486328125,9455.780363597994,297.02162833017866,1356.2776721063672,464
2940000,-818.1685946612415,10888.70703125,10070.538436588758,305.8765474760546,1357.099803051321,464
2945000,-892.091645672117,10627.0703125,9734.978666827883,298.52686527829354,1356.8215958258138,464
2950000,-1323.1765656055068,10679.638671875,9356.462106269493,300.00357212934193,1355.9239311072402,464
2955000,-1201.829819074017,10801.8125,9599.982680925983,303.4355782097294,1356.6085981966978,464
2960000,-1206.2376952930208,10691.611328125,9485.37363283198,300.33989808129905,1356.8877939282681,464
2965000,-1170.5750237666361,10391.0615234375,9220.486499670864,291.89710167410607,1357.298859131875,464
2970000,-1274.2385344926442,10613.611328125,9339.372793632356,298.14878662659095,1357.0151867327002,464
2975000,-1040.2853732081567,10544.552734375,9504.267361166843,296.2088497572107,1357.5267255206877,464
2980000,-1029.512315950502,10394.103515625,9364.591199674498,291.9825548013774,1356.530297074129,464
2985000,-1052.5267086343083,10731.544921875,9679.018213240692,301.46167955172575,1357.1857747574147,464
2990000,-1245.524354394176,10937.158203125,9691.633848730824,307.23759770284096,1357.2555358197599,464
2995000,-963.3088358617242,10399.6494140625,9436.340578200776,292.13834559103185,1357.12585821651,464
3000000,-881.1637293397362,10563.46875,9682.305020660264,296.7402228150745,1357.1633304025088,464
3005000,-1375.7347097585152,10610.50390625,9234.769196491485,298.0614955026817,1357.212824518582,464
3010000,-1504.7547321537568,10724.3955078125,9219.640775658743,301.2608441280489,1356.9564961667359,464
3015000,-1124.0939779557375,10703.6796875,9579.585709544262,300.678912446249,1357.4122132368666,464
3020000,-735.9321808571985,10899.46875,10163.536569142801,306.178856773817,1357.5025062637706,464
3025000,-729.9724789466272,10678.99609375,9949.023614803373,299.9855213563902,1356.8704133236301,464
3030000,-1118.0983297536586,10548.9208984375,9430.822568683841,296.3315566073824,1357.309735611305,464
3035000,-1432.2498135506903,10484.087890625,9051.83807707431,294.51032140147026,1355.8277500140998,464
3040000,-1265.1833776483109,10484.9697265625,9219.78634891419,294.535093206904,1356.3605291039871,464
3045000,-1064.71268232273,10669.6103515625,9604.89766923977,299.7218648535958,1356.1759225186395,464
3050000,-1335.4234985104413,10695.5244140625,9360.100915552059,300.4498212533621,1356.0876764625395,464
3055000,-943.4515586222406,10723.099609375,9779.64805075276,301.22444082150344,1356.797314699541,464
3060000,-976.8523350012983,10499.85546875,9523.003133748702,294.95325115842786,1357.0164101260902,464
3065000,-1163.5577151388425,10862.8994140625,9699.341698923658,305.15158124992314,1357.1743660006555,464
3070000,-1202.2406231257191,10482.958984375,9280.71836124928,294.4786091012694,1356.7454500866288,464
3075000,-1168.0783051830367,10398.431640625,9230.353335441963,292.1041369073377,1356.834562391036,464
3080000,-894.6578765608283,10475.30859375,9580.650717189172,294.2637006585588,1356.5051376722652,464
3085000,-1169.5976126909081,10287.529296875,9117.931684184092,288.98876003881725,1356.7029991069412,464
3090000,-1352.8334158907383,10640.5859375,9287.752521609262,298.9065350315633,1357.2244265189925,464
3095000,-942.0818304940185,10785.6513671875,9843.569536693481,302.98159304015854,1355.8364858918003,464
3100000,-1109.1131642359687,10702.0078125,9592.894648264031,300.6319475172318,1355.9466911585666,464
3105000,-1096.340586862294,10550.22265625,9453.882069387706,296.3681245106417,1356.5819009658678,464
3110000,-935.9824822135706,10558.7734375,9622.79095528643,296.6083259817132,1356.2457144591888,464
3115000,-1192.59750783247,10426.4482421875,9233.85073435503,292.89115609458884,1357.0219014811612,464
3120000,-679.1263781434973,10758.61328125,10079.486903106503,302.22206150411955,1357.59603315306,464
3125000,-1323.5976662115863,10691.2783203125,9367.680654100914,300.3305435013955,1356.5346903105285,464
3130000,-1260.3541134491097,10689.134765625,9428.78065217589,300.2703285369138,1356.3613590136374,464
3135000,-886.4868275205372,10589.6025390625,9703.115711541963,297.47435159161,1356.3027004602534,464
3140000,-899.4834303176467,10821.2734375,9921.790007182353,303.98225876198075,1356.4068404374311,464
3145000,-1203.1541029736836,10868.4833984375,9665.329295463816,305.3084419182177,1357.2199488434715,464
3150000,-882.8075529402558,10634.337890625,9751.530337684744,298.7310200690329,1357.0275574713878,464
3155000,-1374.6459495163435,10405.158203125,9030.512253608656,292.29309393483203,1356.848889523242,464
3160000,-1112.084555736641,10744.689453125,9632.604897388359,301.830924846452,1356.9813210473208,464
3165000,-982.2633929816075,10732.1318359375,9749.868442955893,301.47816665589596,1357.056655533725,464
3170000,-1063.4090851883375,10323.52734375,9260.118258561663,289.9999873831112,1356.8333033067863,464
3175000,-1113.4171924007096,10458.294921875,9344.87772947429,293.7857666671234,1356.9161425058078,464
3180000,-810.5840136821644,10591.837890625,9781.253876942836,297.537145237942,1357.2191562002533,464
3185000,-724.1275365369511,10793.7470703125,10069.619533775549,303.2090108331214,1356.0261612939612,464
3190000,-1252.0442023963842,10252.486328125,9000.442125728616,288.00436195888,1356.767678827975,464
3195000,-1222.8839021235617,10590.015625,9367.131722876438,297.4859556599361,1357.7183897064328,464
3200000,-1127.5896920144296,10389.814453125,9262.22476111057,291.8620700068426,1357.3224598525178,464
3205000,-914.6933868859342,10625.333984375,9710.640597489066,298.47808978542406,1357.1991164738804,464
3210000,-884.2666347032937,10529.01953125,9644.752896546706,295.772503868807,1356.772314501335,464
3215000,-1145.7431827096152,10488.00390625,9342.260723540385,294.62032687189014,1356.8479127364856,464
3220000,-1289.7657538383792,10753.6015625,9463.83580866162,302.0812764482106,1357.3207086169741,464
3225000,-1430.4844743162685,10863.83984375,9433.355369433732,305.17799902249527,1357.111171000448,464
3230000,-845.8195263292582,10829.5,9983.680473670742,304.2133525482195,1358.0719556910926,464
3235000,-1516.5482215570519,10425.0771484375,8908.528926880448,292.85264046354905,1357.680713415736,464
3240000,-953.1784418221359,10396.482421875,9443.303980052864,292.0493810671985,1358.202871566885,464
3245000,-1138.7637629583915,10756.140625,9617.376862041609,302.15260169087685,1357.1698870990447,464
3250000,-1073.192646689582,10522.298828125,9449.106181435418,295.58371143802646,1357.2729447220054,464
3255000,-1117.5813201784185,10507.078125,9389.496804821581,295.15614404102774,1357.5492202804976,464
3260000,-1068.5429001968005,10679.46484375,9610.9219435532,299.99868909349783,1356.3710268890427,464
3265000,-1033.0142966245621,10876.154296875,9843.140000250438,305.5239264494267,1356.782690124211,464
3270000,-1192.4297173283849,10756.52734375,9564.097626421615,302.16346507399066,1356.749891426365,464
3275000,-1165.4061886178679,10422.4453125,9257.039123882132,292.7787091062469,1356.1927686833844,464
3280000,-1079.8959592832834,10697.6533203125,9617.757361029217,300.50962472605914,1356.8613239414678,464
3285000,-827.8113138430926,10696.01953125,9868.208217406907,300.463729675682,1356.319666867919,464
3290000,-881.2304036449204,10678.634765625,9797.40436198008,299.97537122570304,1356.7917821989377,464
3295000,-1055.468902026245,10573.1494140625,9517.680512036255,297.01216401913257,1356.9831898100276,464
3300000,-1033.832786211904,10702.958984375,9669.126198163096,300.658667050446,1357.6589594055185,464
3305000,-929.7696528401721,10827.072265625,9897.302612784828,304.1451546431163,1356.6187519278453,464
3310000,-1247.4167894738785,10364.0068359375,9116.590046463622,291.1371037807112,1356.602683095606,464
3315000,-1192.224638851665,10497.4482421875,9305.223603335835,294.8856293418231,1356.2041649706896,464
3320000,-1075.4728939898778,10487.4267578125,9411.953863822622,294.6041140955764,1356.7869308753473,464
3325000,-1304.1185658752802,10707.1806640625,9403.06209818722,300.7772589827715,1357.0129960629633,464
3330000,-1106.992267151014,10848.552734375,9741.560467223986,304.748566196073,1357.3790440208404,464
3335000,-1283.6577458915854,10352.33203125,9068.674285358415,290.8091448283745,1356.9414764075564,464
3340000,-900.426146993399,10297.875,9397.448853006601,289.2793829698967,1356.761221416861,464
3345000,-1116.6272835430136,10661.521484375,9544.894200831986,299.49463909013235,1357.5829838932486,464
3350000,-889.8779106831789,10700.759765625,9810.881854941821,300.5968884171828,1355.982682353148,464
3355000,-1269.1564286382636,10678.6171875,9409.460758861736,299.97487743556155,1356.970899306975,464
3360000,-1004.6879719249264,10788.77734375,9784.089371825074,303.06940538699496,1357.4551416673019,464
3365000,-1078.5992737594206,10563.59765625,9484.99838249058,296.74384394277916,1357.2770942557797,464
3370000,-926.7361380909133,10524.216796875,9597.480658784087,295.6375894290251,1356.9364172575545,464
3375000,-935.9870273162378,10734.13671875,9798.149691433762,301.53448616481666,1357.5196517802701,464
3380000,-1051.119755929656,10736.251953125,9685.132197195344,301.5939055785148,1357.432552613296,464
3385000,-1160.5338773127733,10361.720703125,9201.186825812227,291.0728836295259,1356.8681390894646,464
3390000,-820.5834713224613,10441.392578125,9620.809106802539,293.31096001325113,1356.8836599986755,464
3395000,-1213.2560907100706,10805.2705078125,9592.01441710243,303.5327177036837,1356.9413174577949,464
3400000,-1277.278729634796,10636.189453125,9358.910723490204,298.78303263060803,1356.731141269512,464
3405000,-1141.4819646849792,10561.658203125,9420.17623844002,296.6893624304964,1356.6479760411034,464
3410000,-1114.1144514160987,10764.353515625,9650.239064208901,302.38331141811665,1356.137700750323,464
3415000,-1139.625848180891,10877.345703125,9737.71985494411,305.55739444790856,1356.829798203935,464
3420000,-945.4080286144454,10833.482421875,9888.074393260555,304.325223448063,1356.6558232301115,464
3425000,-1055.8934354969824,10448.166015625,9392.272580128018,293.50123381445627,1355.9619840127605,464
3430000,-1329.9045514708705,10392.126953125,9062.22240165413,291.92703084324023,1356.4936841110107,464
3435000,-915.5787373365893,10551.43359375,9635.85485641341,296.4021411648364,1355.4207111925052,464
3440000,-845.7889733006887,10653.859375,9808.070401699311,299.27940145399407,1355.953211376448,464
3445000,-660.5656591795705,10805.27734375,10144.71168457043,303.5329097331832,1356.1177311090935,464
3450000,-1080.911020875952,10616.8603515625,9535.949330686548,298.2400555044182,1355.4905155484385,464
3455000,-1191.5760428517242,10639.142578125,9447.566535273276,298.865989374386,1356.2701710468964,464
3460000,-866.2720754152397,10689.6689453125,9823.39686989726,300.28533427065935,1356.8283504695405,464
3465000,-948.8293950017687,10536.6875,9587.858104998231,295.9879061016591,1357.2225502066196,464
3470000,-1067.0324640630279,10214.8525390625,9147.820074999472,286.94718469863756,1357.0568543546242,464
3475000,-1310.9486656359659,10633.5810546875,9322.632389051534,298.7097596601613,1355.7081740968194,464
3480000,-872.0975989449507,10800.1171875,9928.01958855505,303.38795489385683,1355.9354659293817,464
3485000,-1316.4863206107548,10531.5546875,9215.068366889245,295.8437193803307,1355.3925510218176,464
3490000,-1046.5912161094166,10648.5361328125,9601.944916703083,299.1298653394656,1354.9253062765788,464
3495000,-1147.5570346595778,10246.0693359375,9098.512301277922,287.8241011244338,1354.7934243978505,464
3500000,-1132.6273975646036,10728.220703125,9595.593305560396,301.3682983494042,1354.5818532502228,464
3505000,-1046.4069483495405,10406.359375,9359.95242665046,292.32683626117034,1354.9613628334528,464
3510000,-588.8526978728623,10439.064453125,9850.211755252138,293.24556025228327,1354.4834701059413,464
3515000,-1001.2921345465002,10715.8349609375,9714.542826391,301.02036832912097,1355.168189277262,464
3520000,-1312.292819736278,10425.064453125,9112.771633388722,292.8522838373357,1354.146975330831,464
3525000,-1201.4332006159675,10712.4951171875,9511.061916571532,300.9265482022292,1353.7909688684547,464
3530000,-905.1354241879162,10918.48828125,10013.352857062084,306.7131377069587,1354.322314832787,464
3535000,-1073.9280156649766,10653.48828125,9579.560265585023,299.26897699545054,1354.5029155774946,464
3540000,-1245.4930590141448,10397.0458984375,9151.552839423355,292.0652097845133,1354.627745273796,464
3545000,-1035.9620324221469,10851.7197265625,9815.757694140353,304.8375307199064,1353.8348832697502,464
3550000,-1323.6401636924274,10650.6279296875,9326.987765995073,299.18862636630837,1354.4566275156571,464
3555000,-1014.6739218609146,10252.20703125,9237.533109389085,287.9965161821867,1353.2658959950215,464
3560000,-645.9753970078309,10478.7421875,9832.76679049217,294.3601543328721,1353.5225097308307,464
3565000,-1108.720958290447,10676.7080078125,9567.987049522053,299.9212463396336,1353.6096015470462,464
3570000,-1026.6539833915012,10522.5546875,9495.900704108499,295.5908988278644,1354.1730755119356,464
3575000,-1262.8816392262233,10398.685546875,9135.803907648777,292.11126943160434,1353.6285713703028,464
3580000,-981.8362579100794,10819.552734375,9837.71647646492,303.93392219368155,1354.4594793114334,464
3585000,-1136.0618619070738,10529.3759765625,9393.314114655426,295.7825168355659,1354.7954882336917,464
3590000,-755.6803924174164,10575.5625,9819.882107582584,297.07995043245114,1354.231184048282,465
3595000,-1167.5510923052207,10646.943359375,9479.39226706978,299.08512246608535,1353.5554308563524,465
3600000,-1136.9751977652923,10617.5810546875,9480.605856922208,298.2603009002212,1353.9179975477712,465
3605000,-1208.3312663844263,10767.82421875,9559.492952365574,302.48080753828435,1354.6029102195412,465
3610000,-1066.8396138178505,10582.90234375,9516.06272993215,297.28613524932797,1353.8522415991017,465
3615000,-940.1711940554815,10560.4384765625,9620.267282507019,296.65509888123086,1353.2932051344542,464
3620000,-711.5401010809583,10706.5625,9995.022398919042,300.75989402946084,1353.5821886956924,465
3625000,-1177.390291035248,10615.55078125,9438.160490214752,298.2032681388738,1354.3537838360573,465
3630000,-1011.5806517834717,10330.4033203125,9318.822668529028,290.1931416268086,1354.2947552829369,465
3635000,-789.5460385420738,10832.12109375,10042.575055207926,304.28698214487963,1353.5067436061622,465
3640000,-1102.5108558637585,10658.1201171875,9555.609261323742,299.3990906977452,1353.068592018892,465
3645000,-1086.5603163485794,10774.2412109375,9687.68089458892,302.66106837273054,1353.465696936941,465
3650000,-1012.1215439664957,10473.166015625,9461.044471658504,294.20351312686273,1352.8841978959329,465
3655000,-1255.677279388401,10831.9296875,9576.252408111599,304.28160531889404,1352.7949669975635,465
3660000,-1173.8735099238693,10735.490234375,9561.61672445113,301.5725080057149,1352.9320409780871,465
3665000,-1186.7617107031838,10782.1435546875,9595.381843984316,302.8830544741365,1352.4731379886598,465
3670000,-1175.118313331579,10374.306640625,9199.188327293421,291.4264373708655,1352.6895491730718,465
3675000,-1023.3339887499606,10721.478515625,9698.14452687504,301.17890239733964,1353.234982609231,465
3680000,-829.5181574695162,10651.796875,9822.278717530484,299.22146341072056,1352.3998487961203,465
3685000,-1242.1717225096218,10676.173828125,9434.002105615378,299.90624060588806,1352.827780805302,465
3690000,-1118.5924269648094,10788.234375,9669.64194803519,303.05415275817865,1352.380648490781,465
3695000,-980.9891194497468,10778.1904296875,9797.201310237753,302.77200655786226,1352.4211920926266,465
3700000,-1295.0486638405127,10687.462890625,9392.414226784487,300.2233636078966,1352.9566326154807,465
3705000,-1127.5035596505331,10268.75,9141.246440349467,288.46122757094315,1352.784182278068,465
3710000,-1271.7489971047617,10399.947265625,9128.198268520238,292.1467125906523,1353.1967404926386,465
3715000,-1066.6365627136693,10805.78515625,9739.14859353633,303.5471747817164,1352.1771229234653,465
3720000,-1205.9352016863122,10327.4990234375,9121.563821751188,290.11155652231264,1352.321663837541,465
3725000,-1043.6478796111332,10679.533203125,9635.885323513867,300.0006093884927,1352.4330871144814,465
3730000,-888.4993470416084,10762.1376953125,9873.638348270892,302.3210664274975,1353.073912055165,465
3735000,-1016.664242772531,10618.02734375,9601.363100977469,298.272837683259,1353.2286760498944,465
3740000,-952.1709541420714,10524.0673828125,9571.896428670429,295.6333922128221,1352.5474710863532,465
3745000,-1141.5437859738013,10670.611328125,9529.067542151199,299.74998345887764,1352.3790649305326,465
3750000,-921.5399810402305,10769.0986328125,9847.55865177227,302.51660732354566,1351.9092524286361,465
3755000,-846.4956283981446,10477.3046875,9630.809059101855,294.3197732724087,1352.7826561500767,465
3760000,-1202.1165186565777,10555.10546875,9352.988950093422,296.50528843884604,1352.6928277887764,465
3765000,-1042.1552326587844,10818.365234375,9776.210001716216,303.9005639263422,1353.086302811008,465
3770000,-1106.9416686628538,10814.9140625,9707.972393837146,303.8036164618874,1352.1171049046443,465
3775000,-1040.0093605332659,10678.96875,9638.959389466734,299.9847532383922,1352.1743952612683,465
3780000,-932.9564360146614,10892.203125,9959.246688985339,305.9747568486489,1351.9608424684227,465
3785000,-1156.7404577909765,10600.072265625,9443.331807834023,297.7684584864659,1351.9493851024388,465
3790000,-1147.4579145821917,10649.1416015625,9501.683686980308,299.14687366656295,1351.779448890305,465
3795000,-935.4964886368834,10531.326171875,9595.829683238117,295.83730010849075,1352.5922981285455,465
3800000,-1416.7695567014161,10733.396484375,9316.626927673584,301.51369211330086,1352.8144152128518,465
3805000,-1282.9829435248248,10506.689453125,9223.706509600175,295.1452257923427,1352.3312982222947,465
3810000,-1209.445187180172,10753.8955078125,9544.450320632328,302.0895337166885,1353.1007760286686,465
3815000,-1139.3449517628178,10648.4111328125,9509.066181049682,299.1263539429036,1351.4949135349248,465
3820000,-983.9400172452588,10647.130859375,9663.190842129741,299.09038956092843,1351.4696261638344,465
3825000,-1193.789622452401,10453.087890625,9259.298268172599,293.63949505408624,1352.7962017153977,465
3830000,-1309.615438835157,10692.09375,9382.478311164843,300.35344987740564,1352.4005609372305,465
3835000,-697.7022358023823,10783.77734375,10086.075107947618,302.92894952451365,1351.8829272171956,465
3840000,-1126.3991397252103,10463.576171875,9337.17703214979,293.93412317186926,1352.3972765840028,465
3845000,-1361.1394667374407,10610.5,9249.36053326256,298.0613857715391,1352.7004415974793,465
3850000,-1081.1412003980513,10465.130859375,9383.989658976949,293.97779616660955,1351.8153493010032,465
3855000,-1333.3825568278116,10338.51171875,9005.129161922188,290.4209160459848,1352.0657033161037,465
3860000,-981.0379471647902,10578.890625,9597.85267783521,297.1734413659152,1351.827621508266,465
3865000,-1237.0289543571125,10622.599609375,9385.570655017887,298.4012779856296,1351.8055312621823,465
3870000,-1116.328908011652,10728.46875,9612.139841988348,301.375266276957,1351.411645298394,465
3875000,-1109.4640126256272,10676.291015625,9566.827002999373,299.909532540165,1351.886925882787,465
3880000,-1080.1345318268723,10750.171875,9670.037343173128,301.9849325050398,1352.6821601716458,465
3885000,-930.2503941562463,10810.81640625,9880.566012093754,303.6885084933383,1352.252827098721,465
3890000,-1049.379845372241,10524.4375,9475.057654627759,295.64378923858,1352.7575309590502,465
3895000,-1185.8820694060123,10564.853515625,9378.971446218988,296.77912250511326,1351.692573950403,465
3900000,-830.5534335058474,10578.5166015625,9747.963168056653,297.16293460901477,1351.6712761940328,465
3905000,-1398.227478992223,10820.2822265625,9422.054747570277,303.9544144845553,1352.2625573503435,465
3910000,-1237.833892255032,10808.5576171875,9570.723724932468,303.6250564601509,1351.7061378762155,465
3915000,-891.6628153280326,10499.9248046875,9608.261989359467,294.95519888620834,1351.0690182224678,465
3920000,-1278.7115247860202,10547.1640625,9268.45253771398,296.2822050260144,1351.131260980915,465
3925000,-1269.0258446143416,10995.140625,9726.114780385658,308.86639191748236,1350.3960423021397,465
3930000,-1242.9827702815091,10377.9697265625,9134.98695628099,291.5293377498044,1351.0282974349118,465
3935000,-1220.0506124519598,10787.3291015625,9567.27848911054,303.02872256588955,1351.6961570162582,465
3940000,-1596.0883490376582,10469.474609375,8873.386260337342,294.09981719714017,1351.4664078650833,465
3945000,-1393.1142486398167,10795.564453125,9402.450204485183,303.26006324719907,1351.301461085642,465
3950000,-954.1385519917094,10605.572265625,9651.43371363329,297.9229599351953,1350.8803904288102,465
3955000,-1187.2221121669572,10546.837890625,9359.615778458043,296.27304247561045,1350.421537119268,465
3960000,-612.8527000986796,10495.37109375,9882.51839365132,294.8272798067649,1351.2237219697513,465
3965000,-1096.0734786114917,10707.525390625,9611.451912013508,300.7869427561028,1350.5275364954907,465
3970000,-1222.1118888497003,10630.693359375,9408.5814705253,298.6286409130212,1350.733397923998,465
3975000,-1065.7442618624336,10808.4111328125,9742.666870950066,303.62094154230476,1351.0981775092603,465
3980000,-803.2500961847545,10621.2587890625,9818.008692877745,298.3636127709447,1350.7064588692565,465
3985000,-998.2095160214085,10537.494140625,9539.284624603592,296.01056558259853,1350.104946162607,465
3990000,-1129.5500393624825,10652.28125,9522.731210637518,299.2350700723984,1350.4583430248101,465
3995000,-1222.7031821720302,10886.021484375,9663.31830220297,305.80110731554214,1350.6996564349636,465
4000000,-1100.067254087553,10691.65234375,9591.585089662447,300.3410502582959,1349.8219224354807,465
4005000,-950.1269618086808,10697.1064453125,9746.97948350382,300.49426236610026,1350.2151719466176,465
4010000,-1108.816419054885,10520.9345703125,9412.118151257615,295.54538783648616,1349.483437263566,465
4015000,-1128.6330740053672,10685.62109375,9556.988019744633,300.1716253741779,1350.0203019064732,465
4020000,-801.4107119282417,10491.6767578125,9690.266045884258,294.7235015786855,1349.618701326053,465
4025000,-1427.8331030187546,10342.1953125,8914.362209481245,290.5243925134222,1349.3781610237083,465
4030000,-1001.1960335987242,10658.2265625,9657.030528901276,299.40208087138006,1349.5777271082327,465
4035000,-930.0194220707344,10600.6982421875,9670.678820116766,297.7860429020617,1349.028890642823,465
4040000,-912.6823769935727,10753.046875,9840.364498006427,302.0656946259666,1349.2384597805255,465
4045000,-1196.7461540611548,10705.0517578125,9508.305603751345,300.71745551007444,1348.335378976363,465
4050000,-1219.690892068451,10600.0693359375,9380.378443869049,297.7683761881089,1348.3218673245344,465
4055000,-1087.3424662658072,10664.7509765625,9577.408510296693,299.58535931224674,1348.3653711463212,465
4060000,-1094.7950808101305,10367.03125,9272.23616918987,291.222063117841,1347.5681211404135,465
4065000,-899.4299288744951,10843.55859375,9944.128664875505,304.6082749303056,1347.5240849659974,465
4070000,-986.1523141607759,10718.353515625,9732.201201464224,301.0911174832888,1347.367080460435,465
4075000,-1174.9954158516048,10305.5810546875,9130.585638835895,289.4958550813888,1347.284375176697,465
4080000,-863.3090231486276,10484.3544921875,9621.045469038872,294.5178105519502,1347.1842062056398,465
4085000,-1136.3033405891038,10610.94921875,9474.645878160896,298.07400485293397,1347.430916500016,465
4090000,-1149.499797854136,10741.654296875,9592.154499020864,301.7456637486801,1346.5012786903405,465
4095000,-1407.8782468497375,10545.7353515625,9137.857104712763,296.2420708606219,1346.8677077860802,465
4100000,-1134.1560917021561,10684.857421875,9550.701330172844,300.1501729358068,1347.4322883161572,465
4105000,-1228.0982954358624,10725.65234375,9497.554048314138,301.29615012316873,1346.878761971581,465
4110000,-1308.9132741866342,10683.34765625,9374.434382063366,300.10776184920593,1347.2361787088307,465
4115000,-1232.4492642808327,10637.8359375,9405.386673219167,298.8292843071986,1346.8991486143395,465
4120000,-1135.9631532961794,10543.8857421875,9407.92258889132,296.190113164618,1346.0785794081014,465
4125000,-1208.0866418912192,10607.552734375,9399.46609248378,297.97859362447497,1346.5473426274282,465
4130000,-792.6047715707537,10431.3359375,9638.731165929246,293.02845718672137,1346.871405662401,465
4135000,-1090.550614968568,10741.1357421875,9650.585127218932,301.73109693950477,1346.4996015686638,465
4140000,-1199.1630836012628,10164.61328125,8965.450197648737,285.5359050413427,1345.7787427423416,465
4145000,-1384.4558301683428,10637.9375,9253.481669831657,298.83213731690523,1346.0735260699669,465
4150000,-1219.495666416391,10653.302734375,9433.807067958609,299.2637647661788,1346.0540299907486,465
4155000,-1193.5682789327548,10782.259765625,9588.691486692245,302.8863189756277,1346.0754594998482,465
4160000,-1107.3878515421093,10295.07421875,9187.68636720789,289.20070574067864,1346.0785493167166,465
4165000,-1009.2436392938835,10785.7568359375,9776.513196643617,302.98455578100777,1346.3679172664104,465
4170000,-1142.5129299155524,10413.59375,9271.080820084448,292.530058337198,1346.160301392314,465
4175000,-1096.7199859828688,10549.943359375,9453.223373392131,296.3602787339484,1346.3544368683383,465
4180000,-1061.4361347566737,11032.08984375,9970.653708993326,309.90433879499057,1346.189283452856,465
4185000,-1143.783889347993,10703.5009765625,9559.717087214507,300.6738922464767,1346.33460661926,465
4190000,-1172.0430330472445,10643.5771484375,9471.534115390255,298.9905616539813,1345.855209281189,465
4195000,-1231.483683565617,10331.736328125,9100.252644559383,290.23058737920843,1345.4577026790723,465
4200000,-1027.5500336738041,10676.568359375,9649.018325701196,299.91732345128696,1346.018643665831,465
4205000,-1164.8002198033937,10643.595703125,9478.795483321606,298.9910828769085,1345.759689659728,465
4210000,-1272.0847430847934,10351.009765625,9078.925022540207,290.77200083661677,1345.070885113021,465
4215000,-1546.2355696385348,10688.4638671875,9142.228297548965,300.25148221317846,1344.6644327224399,465
4220000,-1289.471737185857,10665.3076171875,9375.835880001643,299.6009960000621,1345.0695895424135,465
4225000,-852.2621977826057,10516.24609375,9663.983895967394,295.4136830326243,1345.4490750816954,465
4230000,-1030.3198634176806,10827.455078125,9797.13521470732,304.15590829508756,1346.0489728874477,465
4235000,-1109.091049800205,10520.158203125,9411.067153324795,295.52357877190167,1346.0980344441414,465
4240000,-1024.2433315924864,10753.810546875,9729.567215282514,302.0871470643378,1345.4374993766148,465
4245000,-1183.5586262507568,10996.091796875,9812.533170624243,308.8931114506966,1345.4428923846458,465
4250000,-1266.5885641564237,10499.7548828125,9233.166318656076,294.95042558150686,1344.6838178741405,465
4255000,-1326.1280436102534,10868.64453125,9542.516487639747,305.31296832784835,1345.0129588134962,465
4260000,-1116.2835444361262,10746.0185546875,9629.735010251374,301.8682608677092,1344.5070608739916,465
4265000,-906.6047919203702,10532.177734375,9625.57294245463,295.86122149756955,1342.9155858709328,465
4270000,-1068.8884769148572,10459.3271484375,9390.438671522643,293.81476312154587,1343.955822169485,465
4275000,-971.2575658390851,10513.634765625,9542.377199785915,295.34032776382065,1344.2545447242858,465
4280000,-799.7629238656664,10240.3193359375,9440.556412071834,287.66257688258037,1344.3100699663955,465
4285000,-861.6731504847558,10634.361328125,9772.688177640244,298.7316784558883,1343.3827684948317,465
4290000,-1173.6261586181645,10666.732421875,9493.106263256836,299.64102043431205,1343.7761883255607,465
4295000,-1101.7946241409372,10689.91796875,9588.123344609063,300.29232963099776,1343.652438511021,465
4300000,-964.995802318168,10834.640625,9869.644822681832,304.3577587318331,1343.62224795942,465
4305000,-946.3969560807745,10358.40625,9412.009293919225,290.97977675506075,1343.3020211000628,465
4310000,-1309.9189914154704,10618.296875,9308.37788358453,298.28040913209594,1343.6431217535373,465
4315000,-1280.886694454719,10834.650390625,9553.763696170281,304.3580330596895,1342.9776461415581,465
4320000,-845.10517640131,10635.8779296875,9790.77275328619,298.7742815719886,1342.853578479626,465
4325000,-1176.4295729182195,10479.078125,9302.64855208178,294.36959121113256,1343.3000717947104,465
4330000,-1027.3109916567191,10764.31640625,9737.00541459328,302.3822689722623,1342.910019596836,465
4335000,-1390.5405345694453,10696.361328125,9305.820793555555,300.4733311506563,1342.6422257539743,465
4340000,-883.2614551359438,10756.037109375,9872.775654239056,302.14969381559894,1341.9304167948885,465
4345000,-1084.0090574580681,10524.31640625,9440.307348791932,295.6403875731605,1342.3189444828279,465
4350000,-991.1007362058008,10696.3642578125,9705.2635216067,300.4734134490132,1342.2991866793616,465
4355000,-1002.197607506052,10590.9013671875,9588.703759681448,297.5108371965124,1342.8102671967306,465
4360000,-1135.5263681405195,10616.455078125,9480.92870998448,298.2286708983772,1342.6026026796137,465
4365000,-956.3735501298361,10890.13671875,9933.763168620164,305.9167090742328,1341.441187830579,465
4370000,-729.1698340787552,10623.6494140625,9894.479579983745,298.43076823019356,1341.753402745087,465
4375000,-969.8118342446833,10736.28515625,9766.473322005317,301.5948382932266,1342.114673782869,465
4380000,-1054.0785663354764,10890.9482421875,9836.869675852024,305.9395057191004,1342.608330844175,465
4385000,-1126.7310706057178,10763.7578125,9637.026741894282,302.36657741887575,1342.3731249561918,465
4390000,-1204.1133545843768,10410.3974609375,9206.284106353123,292.44027082979534,1342.9129141697,465
4395000,-1140.5909926223103,10737.203125,9596.61213237769,301.620625111729,1342.1598055262632,465
4400000,-1267.2233508758654,10803.078125,9535.854774124135,303.47113109991994,1342.337848951539,465
4405000,-875.3990110373124,10801.583984375,9926.184973337688,303.4291589378894,1341.3843590946062,465
4410000,-1132.2523740039906,10641.1337890625,9508.88141505851,298.9219248243078,1341.8905026646994,465
4415000,-732.3302753733442,10722.2734375,9989.943162126656,301.2012326848513,1341.4301614609506,465
4420000,-990.0855421391752,10627.515625,9637.430082860825,298.5393746285458,1342.7853375374336,465
4425000,-1204.4125721395685,10520.2890625,9315.876490360431,295.52725476517753,1341.5430758768919,465
4430000,-1042.383087099719,10625.099609375,9582.716522275281,298.4715059168702,1341.631327846232,465
4435000,-1115.6315307367768,10667.861328125,9552.229797388223,299.6727327345129,1342.0053268575712,465
4440000,-1011.2182796525012,10595.923828125,9584.705548472499,297.6519240130634,1341.52169003983,465
4445000,-1188.4210185529664,10487.1552734375,9298.734254884534,294.59648778116826,1341.5806230736434,465
4450000,-1204.1925524952676,10488.10546875,9283.912916254732,294.6231798815968,1342.1390413206184,465
4455000,-980.6655867394293,10568.9921875,9588.32660076057,296.89538265065937,1341.938226530182,465
4460000,-980.9089928081085,10686.44140625,9705.532413441892,300.1946689141162,1341.8983104787808,465
4465000,-1278.5517706986284,10239.35546875,8960.803698051372,287.6355007231528,1342.3374521293515,465
4470000,-916.7022689559817,10521.66015625,9604.957887294018,295.5657703962173,1341.7821957934466,465
4475000,-972.9765994693007,10466.5263671875,9493.5497677182,294.0169976172904,1342.325012921641,465
4480000,-956.0246290156356,10683.2734375,9727.248808484364,300.1056769574972,1341.4318127729105,465
4485000,-1083.6310624757316,10981.76953125,9898.138468774268,308.4907822164875,1342.31959759198,465
4490000,-971.3519177870039,10489.166015625,9517.814097837996,294.65297188680285,1342.062958648891,465
4495000,-1206.37727250834,10655.498046875,9449.12077436666,299.32543366829947,1341.781538712534,465
4500000,-1057.1032060143625,10549.2490234375,9492.145817423137,296.3407740233577,1341.6492515042783,465
4505000,-890.1953414417512,10852.4912109375,9962.295869495749,304.85920262056266,1341.6342246376375,465
4510000,-1064.3367066683131,10588.92578125,9524.589074581687,297.4553406711609,1341.0087683159145,465
4515000,-859.7238196050021,10706.23046875,9846.506649144998,300.750566882343,1341.8027378611962,465
4520000,-1154.0410708944837,10736.7490234375,9582.707952543016,301.607868866406,1341.4940189078986,465
4525000,-1222.8570425049838,10507.5986328125,9284.741590307516,295.17076571577434,1341.763402256112,465
4530000,-1100.8474861455325,11132.681640625,10031.834154479468,312.73008031271473,1341.2201286143734,465
4535000,-1149.8091732609028,10504.3828125,9354.573639239097,295.0804295526589,1341.828961430571,465
4540000,-1303.1198660016962,10555.826171875,9252.706305873304,296.525533834649,1341.5576101365418,465
4545000,-622.7751386694872,10832.607421875,10209.832283205513,304.3006436721288,1341.770369639332,465
4550000,-1052.919932985591,10611.630859375,9558.710926389409,298.09315293731123,1341.507448241663,465
4555000,-1100.3016587686143,10750.01171875,9649.710059981386,301.98043352819474,1341.071470039121,465
4560000,-1250.3378648206417,10621.2021484375,9370.864283616858,298.3620216693775,1341.5036504977516,465
4565000,-926.7493897816457,10515.271484375,9588.522094593354,295.3863051125547,1341.5212790055884,465
4570000,-985.0597669245908,10581.919921875,9596.86015495041,297.25853786697326,1342.1263756421597,465
4575000,-1024.0218643140106,11034.93359375,10010.91172943599,309.9842230667768,1341.8870281147003,465
4580000,-1019.612681608487,10846.6015625,9826.988880891513,304.69375549036255,1341.0767762263354,465
4585000,-1008.2977842648543,10878.451171875,9870.153387610146,305.5884483612541,1341.3720313077285,465
4590000,-995.1652890864207,10410.66015625,9415.49486716358,292.4476502491328,1341.1553992790864,465
4595000,-1073.3167673561256,10346.083984375,9272.767217018874,290.63362986584417,1341.2129652891363,465
4600000,-1003.6357045379118,10481.0166015625,9477.380897024588,294.4240452906297,1341.1367369876361,465
4605000,-1011.3366762949008,10793.9912109375,9782.6545346426,303.21586902953163,1341.737776559961,465
4610000,-884.1562668832194,10679.1015625,9794.94529561678,299.98848409723945,1341.6974671416424,465
4615000,-793.3171810208587,10606.54296875,9813.225787729141,297.9502281241223,1341.260271160635,465
4620000,-678.458658112344,10820.65234375,10142.193685637656,303.96481151031315,1341.0762635433105,465
4625000,-1171.7275760850898,10202.708984375,9030.98140828991,286.60605800919325,1340.365426865337,465
4630000,-1004.4532276723039,10653.5400390625,9649.086811390196,299.2704309330895,1340.199553851773,465
4635000,-899.8545555690071,10833.1279296875,9933.273374118493,304.3152653468754,1340.0993810528018,465
4640000,-1102.916081709569,10459.94140625,9357.025324540431,293.83201834371397,1340.38092746873,465
4645000,-987.0679668847442,10706.673828125,9719.605861240256,300.76302136702395,1340.0266534073878,465
4650000,-1071.4171300506569,10701.234375,9629.817244949343,300.61022075100425,1340.0306420779234,465
4655000,-1260.4716941816878,10714.244140625,9453.772446443312,300.975680321312,1340.1771360499665,465
4660000,-1099.622800874713,10284.0107421875,9184.387941312787,288.8899197121532,1341.1018145347502,465
4665000,-1117.2546199339413,10435.5224609375,9318.267841003559,293.14606153876383,1340.8087945751847,465
4670000,-1329.9829751959187,10731.0234375,9401.040462304081,301.4470304441935,1340.233347515363,465
4675000,-1026.4218130954687,10680.6474609375,9654.225647842031,300.03191019690894,1340.4355565729297,465
4680000,-944.5461496628122,10624.744140625,9680.197990962188,298.461520382897,1340.4607616636065,465
4685000,-1206.3081710827391,10461.5546875,9255.24651641726,293.8773373055927,1340.3218958310758,465
4690000,-1197.7472455804673,10551.9296875,9354.182441919533,296.41607701994195,1340.682318230893,465
4695000,-1173.9488822034327,10412.484375,9238.535492796567,292.4988946927099,1340.3850955580015,465
4700000,-1064.4597970620089,10790.85546875,9726.395671687991,303.1277823548387,1340.5828748377705,465
4705000,-899.1815231459186,10615.357421875,9716.175898729081,298.19783644731683,1341.1111497135398,465
4710000,-1095.4162674026156,10840.970703125,9745.554435722384,304.53557804835725,1340.7192385665107,465
4715000,-830.9473653163732,10630.30859375,9799.361228433627,298.6178323954787,1339.8043572354852,465
4720000,-1070.223066141276,10373.8037109375,9303.580644796224,291.4123094862605,1340.2855182524845,465
4725000,-923.0444989956886,10449.0263671875,9525.981868191811,293.52540209860587,1340.9608792215242,465
4730000,-1127.478939645196,10135.517578125,9008.038638479804,284.7185726259584,1340.321294689875,465
4735000,-894.2682135545911,10811.435546875,9917.167333320409,303.7059008794346,1339.8429557006914,465
4740000,-1097.3883972279873,10310.326171875,9212.937774647013,289.6291509868179,1339.9962443392076,465
4745000,-1315.3728056397813,10803.35546875,9487.982663110219,303.47892201104196,1339.8226085747747,465
4750000,-1265.1336637818022,10609.791015625,9344.657351843198,298.0414695691639,1339.515760308291,465
4755000,-1126.2768031385494,10529.015625,9402.73882186145,295.77239413766443,1339.6543157262468,465
4760000,-1477.2390204827825,10614.916015625,9137.676995142217,298.1854368282072,1338.9989379549604,465
4765000,-991.4380775092286,10655.6484375,9664.210359990771,299.32965831728814,1338.7712790073615,465
4770000,-1201.9250514805171,10381.31640625,9179.391354769483,291.6233499061957,1339.1945745795313,465
4775000,-1232.4605346858589,10481.4033203125,9248.942785626641,294.4349086737435,1338.7237023491566,465
4780000,-1110.8876382761373,10630.865234375,9519.977596098863,298.63346908329396,1338.6504648918933,465
4785000,-988.0722159928264,10651.74609375,9663.673877757174,299.2200369058672,1338.2338781211513,465
4790000,-1035.9052291782427,10959.8037109375,9923.898481759257,307.8737365690673,1338.4549076427625,465
4795000,-872.545522956425,10434.880859375,9562.335336418575,293.1280381985978,1338.380310437196,465
4800000,-1092.9163177051087,10337.3056640625,9244.389346357391,290.38703655571834,1338.5454792666803,465
4805000,-955.1245765392814,11041.4609375,10086.336360960719,310.16758380600044,1338.4001198967783,465
4810000,-1233.0502263358067,10843.6533203125,9610.603093976693,304.61093591051275,1337.7569897442972,465
4815000,-1061.7375530170393,10773.5546875,9711.81713448296,302.641783124425,1338.4234015352586,465
4820000,-930.2744876337383,10723.572265625,9793.297777991262,301.2377182897537,1338.2552551631848,465
4825000,-1326.811545322329,10471.1669921875,9144.355446865171,294.1473582146558,1338.2379423691482,465
4830000,-883.4354086807725,10575.8779296875,9692.442521006727,297.08881122221317,1337.9736213008516,465
4835000,-1280.0189177574211,10542.06640625,9262.047488492579,296.1390058849691,1337.675277871968,465
4840000,-1234.8042481682787,10552.390625,9317.586376831721,296.4290252947645,1337.9328316272192,465
4845000,-1085.1708101153345,10675.53125,9590.360439884666,299.88818983293635,1338.3559926720256,465
4850000,-1064.0960088071442,10563.26171875,9499.165709942856,296.7344070645186,1338.0875624141672,465
4855000,-844.5447366246663,10584.7705078125,9740.225771187834,297.33861416825897,1337.784907637327,465
4860000,-1054.2156563575409,10619.255859375,9565.04020301746,298.3073481275952,1337.3248653364085,465
4865000,-895.8675156567624,10626.24609375,9730.378578093238,298.50371200721264,1337.6885010157173,465
4870000,-1156.6046209623164,10364.240234375,9207.635613412684,291.14366021647936,1338.041686666717,465
4875000,-1133.3294787049963,10493.359375,9360.029896295004,294.77076826834474,1338.4940335967842,465
4880000,-1140.2947476521222,10648.8701171875,9508.575369535378,299.1392473521548,1338.2310139273784,465
4885000,-1017.2709581335366,10369.017578125,9351.746619991463,291.2778614038345,1337.536520030124,465
4890000,-1082.5477413628687,10609.13671875,9526.588977387131,298.02308960278447,1336.9672139087847,465
4895000,-1315.400434322728,10721.740234375,9406.339800052272,301.18625438389137,1336.8293769178406,465
4900000,-1043.454647789942,10759.482421875,9716.027774085058,302.24647668334,1336.983719643855,465
4905000,-1240.6452699935471,10468.306640625,9227.661370631453,294.0670075855137,1336.5141688343501,465
4910000,-889.3828616291721,10690.646484375,9801.263622745828,300.3127944890859,1336.2006321118351,465
4915000,-914.0352239421045,10577.8369140625,9663.801690120396,297.14384139020876,1335.5225545443964,465
4920000,-1160.134547710506,10415.84765625,9255.713108539494,292.5933732064571,1335.9414062599528,465
4925000,-970.8443397871597,10640.4287109375,9669.58437115034,298.9021183530751,1336.4802300314357,465
4930000,-1460.0932285067393,10589.8115234375,9129.71829493076,297.4802222077372,1335.5459063732496,465
4935000,-1484.3313874410378,10884.98046875,9400.649081308962,305.771863966049,1336.6507428745206,465
4940000,-1207.10856385855,10591.45703125,9384.34846739145,297.52644645154203,1336.7339272801603,465
4945000,-1158.124333395317,10627.1533203125,9469.028986917183,298.52919706507305,1336.9353366179305,465
4950000,-1048.0801210330683,10806.62890625,9758.548785216932,303.5708767085102,1336.2592261110078,465
4955000,-931.1913122596452,10470.5703125,9539.379000240355,294.13059678262925,1335.7053508014108,465
4960000,-1026.3480887484475,10954.21484375,9927.866755001553,307.71673873684455,1336.372334313162,465
4965000,-972.2405770622136,10356.865234375,9384.624657312786,290.9364878193195,1337.5329097218555,465
4970000,-1203.759213736339,10477.408203125,9273.648989388661,294.3226811476867,1337.6550083209777,465
4975000,-736.036804731455,10809.2861328125,10073.249328081045,303.64552131823905,1337.032408444525,465
4980000,-1308.8684831970022,10706.9375,9398.069016802998,300.77042821914694,1337.0019429461906,465
4985000,-1300.621393846508,10805.689453125,9505.068059278492,303.54448636872365,1336.4545184943865,465
4990000,-1204.3910719598643,10646.7734375,9442.382365540136,299.0803491613839,1337.2941941887007,465
4995000,-1104.6389440356434,10268.9453125,9164.306368464357,288.4667141280713,1337.1049027550223,465
5000000,-1156.783609859005,10712.03125,9555.247640140995,300.91351762904975,1337.2251516412234,465
