3.534670275128036554e+00
3.497177867977790289e+00
3.424275287768258735e+00
3.314666481526815645e+00
3.256712261666775632e+00
3.186735923311687202e+00
3.161113437418017647e+00
3.149015125606942522e+00
3.140174562400149139e+00
3.141073673419145784e+00
3.204783858978592193e+00
3.209875136698931986e+00
3.234479356757787194e+00
3.313189649153954530e+00
3.352543043988698290e+00
3.389838822182940525e+00
3.457958338683125188e+00
3.571233945021517364e+00
3.694227556390706102e+00
3.835316599004895632e+00
3.924447702824980677e+00
4.032214959370890917e+00
4.176238704105701416e+00
4.328404292107940421e+00
4.412115243829330957e+00
4.465698115715508898e+00
4.524218006493607724e+00
4.594529749842036992e+00
4.641200050148888145e+00
4.642674420933625257e+00
4.671894284611882497e+00
4.697667763779345584e+00
4.689982692553593679e+00
4.754952358369944676e+00
4.782173074576234306e+00
4.762433440824922926e+00
4.762920041876120614e+00
4.699741803447746058e+00
4.622210380366814420e+00
4.521562544697376396e+00
4.388765315328551075e+00
4.246540347536754467e+00
4.124505506524998033e+00
4.015836516928277256e+00
3.859347144094442239e+00
3.685895377425178587e+00
3.538498008319562516e+00
3.425814467150625653e+00
3.378922837122483980e+00
3.318147510624380736e+00
3.310366946881267758e+00
3.275003462758129036e+00
3.267783771264545223e+00
3.319416686605575872e+00
3.462295726727524059e+00
3.534823355182321603e+00
3.527298674444544258e+00
3.483965709466377625e+00
3.500103511034961201e+00
3.493372719758515821e+00
3.499241095055693140e+00
3.513377430741420060e+00
3.515405334270174542e+00
3.557461182735373040e+00
3.573272996620846076e+00
3.600221738128481785e+00
3.709889114841628199e+00
3.869477048510663320e+00
4.052567807472117423e+00
4.229412541292386862e+00
4.365118542203491714e+00
4.445422581277600926e+00
4.464660646807697475e+00
4.368644739345047157e+00
4.214628140576357040e+00
4.091238462799532627e+00
3.999023535125423745e+00
3.946798239399710084e+00
3.890889498182882100e+00
3.915392003552504718e+00
3.955088034935293262e+00
3.941024900663740116e+00
3.966478865076113358e+00
3.969955140654153780e+00
3.947785361339539278e+00
3.906397884209484417e+00
3.865846601167970409e+00
3.870707623001492514e+00
3.855303568795655611e+00
3.788255087320508974e+00
3.657305585159795758e+00
3.598900101763564674e+00
3.516878978321035465e+00
3.493594268494598420e+00
3.541372323209596829e+00
3.591616372380268984e+00
3.662535010586713380e+00
3.716317532029783877e+00
3.705511105427436558e+00
3.699324694099938249e+00
3.662441965570632618e+00
3.600915656797825104e+00
3.475974332778407394e+00
3.397257840668626905e+00
3.377594084494044857e+00
3.385518855282245720e+00
3.457809627248018103e+00
3.538292446539012204e+00
3.574465119631964338e+00
3.644055776655965584e+00
3.744302241805786746e+00
3.851993424066767702e+00
3.970950676924628109e+00
4.119444932599400921e+00
4.269806300554805034e+00
4.406355184171357742e+00
4.437584951735698446e+00
4.446945116492051042e+00
4.445584017559779610e+00
4.444841736910066565e+00
4.419273690712262059e+00
4.383502494954204742e+00
4.424638258473605923e+00
4.419672577273118463e+00
4.390672017852207176e+00
4.431984922393090720e+00
4.488686307395679975e+00
4.536014273956499032e+00
4.577860504232607930e+00
4.622362804303049799e+00
4.682853189639205382e+00
4.679619084606453150e+00
4.664891463899778934e+00
4.652759802231238417e+00
4.673436013355771301e+00
4.750430750162180971e+00
4.887720972458755142e+00
5.014569895174786573e+00
5.163349136754900925e+00
5.294745826005633482e+00
5.416029703747526014e+00
5.511897764944263756e+00
5.561297777808740683e+00
5.582593207346962849e+00
5.549435390675160562e+00
5.513958775926580458e+00
5.506534984718482129e+00
5.454130209467690449e+00
5.340491093188327376e+00
5.172853164890983457e+00
4.994466240834552373e+00
4.808150992772937116e+00
4.641800485345761729e+00
4.431655262975467302e+00
4.230386676521654010e+00
4.189978993789234885e+00
4.173893394986420091e+00
4.149944965127812857e+00
4.136169805619638318e+00
4.161867977273030483e+00
4.203557034037356033e+00
4.256919081769317437e+00
4.374709790668538822e+00
4.485944891684135349e+00
4.565569235628989198e+00
4.602885041009400879e+00
4.608685479272735641e+00
4.640301594354431458e+00
4.685233281941601824e+00
4.692711279332008267e+00
4.696175805989832419e+00
4.687110805132070901e+00
4.657882619919282874e+00
4.605597577706403989e+00
4.517961576572745663e+00
4.472488764033520248e+00
4.427083033457017258e+00
4.387501455214673385e+00
4.399053025370202263e+00
4.390716219098039552e+00
4.326418111340609940e+00
4.287154486966287870e+00
4.245134745311998081e+00
4.242280935462090952e+00
4.182665457183965430e+00
4.062283722943535125e+00
3.993956826725518106e+00
3.913246935393270842e+00
3.767570625376374771e+00
3.590692099153510508e+00
3.368119316686714271e+00
3.234149710114349041e+00
3.111780173578480024e+00
3.063828817062598908e+00
3.057342213549848697e+00
3.011471920259812141e+00
2.989684846621435188e+00
2.953950033837311029e+00
2.960710153510770493e+00
3.046316947191604285e+00
3.106502815338449519e+00
3.187870189076148275e+00
3.286096760981805254e+00
3.360978616447127809e+00
3.420478197768383577e+00
3.397883084822738375e+00
3.333899199306369798e+00
3.278988011730151531e+00
3.264297300068931040e+00
3.256168734958604816e+00
3.175100374869565645e+00
3.164562275249409140e+00
3.218305849156162246e+00
3.346410152893918521e+00
3.420290643116012941e+00
3.440430991364922697e+00
3.379241566649125339e+00
3.300449576200667590e+00
3.308382123142601827e+00
3.314466752206189692e+00
3.302903435828139944e+00
3.288812472070739457e+00
3.175448918702700851e+00
3.157593460358409487e+00
3.192708946123270497e+00
3.255954440024667829e+00
3.344619635814912950e+00
3.501265083016547486e+00
3.576240238488018974e+00
3.631479195330684195e+00
3.662956306342867840e+00
3.729245675267020221e+00
3.757183962369247343e+00
3.715827447525984706e+00
3.671571048117653557e+00
3.638721623314929321e+00
3.554159853951718517e+00
3.560342148943110629e+00
3.590259436638413071e+00
3.614582413592589916e+00
3.620371169999659244e+00
3.644970444518534247e+00
3.704415286558673692e+00
3.780010790751561434e+00
3.857792288474222619e+00
3.915103973230754431e+00
4.008699932007706579e+00
4.082900957630255512e+00
4.206900450585513873e+00
4.376438988451365475e+00
4.480365587216581957e+00
4.557532768414075619e+00
4.539031627667020174e+00
4.478922482584599685e+00
4.444219369867045799e+00
4.393988652369268166e+00
4.315115086222154339e+00
4.236385102266830849e+00
4.166627209182024671e+00
4.110683520464558427e+00
4.043054776574522613e+00
3.998021127156803356e+00
4.025066757181441801e+00
4.049815764143478880e+00
4.114091456570306171e+00
4.101846359509307760e+00
4.041659369861409168e+00
4.028061518779902705e+00
3.968106537405385659e+00
3.932954363395939179e+00
3.920526378537093848e+00
3.921169667406624981e+00
3.930451215858321135e+00
4.017140891833079763e+00
4.117854469587726385e+00
4.267519589377464229e+00
4.468438083551125040e+00
4.646434569640407020e+00
4.788485114532302411e+00
4.895076788810601265e+00
4.971763468873997560e+00
5.071698257457152081e+00
5.139525235959656158e+00
5.181111175454300444e+00
5.187402494088498628e+00
5.202053765985952261e+00
5.257279151539639983e+00
5.297359099628967449e+00
5.331904534113445671e+00
5.357404971815936001e+00
5.409732001850241723e+00
5.444361807401245201e+00
5.492072046256066820e+00
5.479446742536747905e+00
5.447171728161315229e+00
5.430324064467884071e+00
5.377529219179993270e+00
5.339568546398217208e+00
5.326325981776325769e+00
5.315486928115175758e+00
5.346101564724422772e+00
5.418641060497796147e+00
5.575008417298674246e+00
5.755564516331361347e+00
5.866882813067919145e+00
5.934624766933314532e+00
6.009614609557155873e+00
6.104037789195364105e+00
6.198693741042736072e+00
6.336572344995092365e+00
6.489678780762360155e+00
6.611191243693695263e+00
6.679420780913228661e+00
6.638417308427358776e+00
6.614100592187565297e+00
6.592496938156803488e+00
6.553180415099711276e+00
6.536592630703420781e+00
6.498727803714903217e+00
6.446628840071672251e+00
6.366081194926881182e+00
6.253686460770912170e+00
6.134610050072826226e+00
6.076672383290620871e+00
5.982868763352568564e+00
5.894057493985331853e+00
5.844185273115666490e+00
5.776392379703331414e+00
5.690502527626668972e+00
5.599628121212002263e+00
5.463957430979477614e+00
5.391938404310862687e+00
5.297481374324308767e+00
5.206795406015900518e+00
5.144251629994602837e+00
5.084200531467897299e+00
5.031855825207436794e+00
4.940420292033305572e+00
4.812561281624213372e+00
4.693513452213021075e+00
4.626512111985769948e+00
4.620956067932852740e+00
4.621631010381915594e+00
4.622819834556358032e+00
4.665095108947188152e+00
4.698863238608733006e+00
4.757879693754225592e+00
4.830461591400278643e+00
4.891459147876728863e+00
4.966410045067701340e+00
5.055333420548253187e+00
5.157538632690781277e+00
5.248724845899571001e+00
5.272380182810991300e+00
5.217825244465155166e+00
5.120092789207728146e+00
5.081138348226845736e+00
5.055741177529855968e+00
4.976703806606934677e+00
4.909686599389027961e+00
4.918163399710094197e+00
4.935870041472035119e+00
4.906211558537653339e+00
4.845335133804193006e+00
4.744367020478549968e+00
4.642083823650246188e+00
4.545592675316386888e+00
4.543642372613586389e+00
4.541539595415955866e+00
4.491338170692036336e+00
4.455495648052190560e+00
4.447937067940626044e+00
4.484914862637955579e+00
4.513209327952303340e+00
4.471660694028967598e+00
4.409372711962790348e+00
4.419721418253753420e+00
4.391127868499912879e+00
4.409942737179592953e+00
4.427089844592908108e+00
4.437967237896866202e+00
4.445974379577672941e+00
4.448027363113793875e+00
4.421925104139428520e+00
4.433618635093049321e+00
4.445838376076546083e+00
4.484711434657527640e+00
4.539899841036606709e+00
4.574345307237690506e+00
4.639637340207098504e+00
4.731109651870151644e+00
4.775411172610995791e+00
4.860785330841059348e+00
4.911522550009381760e+00
4.915264376362329379e+00
4.969004301200437901e+00
4.978675661687064213e+00
4.952978152853179772e+00
4.892024673537485491e+00
4.886636246647449333e+00
4.836075504913357470e+00
4.823446003284584727e+00
4.846405159288842412e+00
4.889422545241258966e+00
5.035124387654339451e+00
5.164232445693300200e+00
5.264085859237018106e+00
5.352087363036377887e+00
5.422400061665015869e+00
5.460601584783606022e+00
5.480061896097884855e+00
5.441942545884968396e+00
5.418766165791159217e+00
5.434483335796994830e+00
5.443262206930464586e+00
5.479416046769672199e+00
5.538073225026757029e+00
5.617912191385260989e+00
5.703222151257307360e+00
5.806181662339072069e+00
5.904176777906632978e+00
6.029366802247094981e+00
6.166554011406967462e+00
6.324933457348354437e+00
6.492449897833941996e+00
6.674141048074481830e+00
6.741076053158931103e+00
6.728827295411415221e+00
6.722228600753439309e+00
6.688086415973380383e+00
6.675521974461700481e+00
6.669628749451034011e+00
6.613398551202557485e+00
6.552226082025618403e+00
6.507341301824535407e+00
6.430469687839006632e+00
6.308247139781285817e+00
6.210280855147133572e+00
6.065551550047786122e+00
5.888331933914157545e+00
5.765023346312199592e+00
5.664711346430523875e+00
5.572212207821825913e+00
5.542780051787940643e+00
5.503861932030264192e+00
5.467657517190339433e+00
5.426008291722071775e+00
5.393869941557362324e+00
5.374635911700607949e+00
5.352594601501611926e+00
5.339519151865721902e+00
5.295017450675502779e+00
5.262987128521540825e+00
5.212864406276780826e+00
5.130783506801277483e+00
4.981256790039530813e+00
4.780736375509842873e+00
4.659226238622730776e+00
4.568822366660889145e+00
4.502954202883675983e+00
4.426276793445585334e+00
4.438204972071718046e+00
4.446167945095826468e+00
4.470106900583314946e+00
4.532994144587957130e+00
4.545093438365217509e+00
4.555177870061736911e+00
4.549985731950154211e+00
4.475297027977078734e+00
4.420420046424254679e+00
4.390734254257695035e+00
4.275209136665147902e+00
4.164502341604856994e+00
4.016302637717451773e+00
3.872237509269571554e+00
3.784797139322090054e+00
3.701732779611563551e+00
3.573532452186477304e+00
3.524992837183572814e+00
3.541770601899433046e+00
3.602838152553650808e+00
3.607998864715813436e+00
3.644293414060651326e+00
3.641174411106961273e+00
3.521549660127009318e+00
3.399280034181493715e+00
3.316967101805160301e+00
3.277096929610758380e+00
3.306108887429785703e+00
3.384653799926767626e+00
3.440211348120985946e+00
3.493323094172845256e+00
3.603890747793394134e+00
3.746362664254152985e+00
3.829703476959158248e+00
3.888255703542954134e+00
3.840334525775734420e+00
3.718478685129061656e+00
3.571528924093264834e+00
3.500617849205144516e+00
3.451984314588506741e+00
3.391578862164766672e+00
3.353380308002302801e+00
3.388866451664120483e+00
3.460703782936013440e+00
3.524407823043000043e+00
3.602390349261875180e+00
3.690464709245341535e+00
3.760551393591340830e+00
3.773559713448547459e+00
3.779019390902762066e+00
3.855973102037639322e+00
3.923715473180428681e+00
4.091981418712201446e+00
4.271864105346645069e+00
4.426866542058440324e+00
4.568094624247216906e+00
4.631907831593167657e+00
4.648352217306094047e+00
4.615640963321947510e+00
4.548254827840082726e+00
4.492385263207440360e+00
4.406307431520989581e+00
4.337846215692951368e+00
4.306919852241527735e+00
4.299855421106563824e+00
4.363538657804693521e+00
4.396720213384098130e+00
4.436444004409748842e+00
4.446790298570261868e+00
4.473154527428525817e+00
4.492895503814265723e+00
4.506143373717618417e+00
4.472166549461776164e+00
4.351195204466669963e+00
4.228862451704626046e+00
4.146244022937910501e+00
4.069043411974613278e+00
4.012685015154799473e+00
3.970648055408036114e+00
3.862018645175167020e+00
3.738569109375656119e+00
3.633084033177141681e+00
3.583288945234492928e+00
3.541654577322577602e+00
3.508051019177893082e+00
3.544542736002983752e+00
3.563883053202827167e+00
3.565163601912344937e+00
3.559038455893227759e+00
3.578189634143882358e+00
3.649049018357421126e+00
3.789851056310758359e+00
3.997074162350930493e+00
4.189876897725005378e+00
4.268596726105712058e+00
4.355677803261596814e+00
4.405080521588740083e+00
4.396737283813498820e+00
4.421349398053679991e+00
4.467363116971387882e+00
4.514219895736894195e+00
4.487337081643411274e+00
4.469143279879775221e+00
4.444088466687506234e+00
4.429071437970420355e+00
4.461927611332606070e+00
4.464513251753014167e+00
4.431313811793333279e+00
4.325076953193294216e+00
4.252067829786723152e+00
4.238627457710875568e+00
4.204908329963876312e+00
4.143375637422447966e+00
4.074054362358504378e+00
4.017716173795710333e+00
4.035026174089062501e+00
4.038380525126027187e+00
4.047260904303345619e+00
4.050122031800471589e+00
4.001967187957967909e+00
3.910615136096818656e+00
3.794959536156834012e+00
3.707954170429641483e+00
3.674217389569044201e+00
3.765800299003204898e+00
3.828494623382700635e+00
3.779273625042920859e+00
3.731170448140745943e+00
3.637567898840168290e+00
3.573741284003358665e+00
3.501185585946801293e+00
3.421820405480616945e+00
3.383460789268970981e+00
3.361386930322282307e+00
3.374475778201291742e+00
3.229399532717898591e+00
2.980682979285231848e+00
2.887050367780369164e+00
2.904257399333251666e+00
3.018908526343969445e+00
3.155686564288607610e+00
3.263589114150340365e+00
3.285532108748122404e+00
3.349185489356797163e+00
3.379348020249476559e+00
3.379478750505742646e+00
3.293458089830565427e+00
3.148068025082175758e+00
3.099710374653403377e+00
3.113790554991068493e+00
3.070837921902037415e+00
3.057890860336654804e+00
3.055494295288569973e+00
3.035130291774436273e+00
3.022266203054679856e+00
3.060196362607062515e+00
3.067438330615779307e+00
3.101261514846353595e+00
3.134550991441247270e+00
3.253691791245601816e+00
3.322795527449515784e+00
3.443353704561470607e+00
3.539371873282223468e+00
3.678668105843639236e+00
3.880694969459401289e+00
4.081285800093861660e+00
4.270944935672754461e+00
4.424597815348492169e+00
4.610242586531184017e+00
4.739807435111194067e+00
4.833053180317948616e+00
4.846236574238928618e+00
4.871644405457265847e+00
4.875328856474852479e+00
4.831600679913988117e+00
4.731243184570397275e+00
4.608534721446076787e+00
4.506072558970934949e+00
4.416571299339055123e+00
4.396123272762509693e+00
4.378893770947394515e+00
4.407502012244161271e+00
4.463259427903942367e+00
4.552980090655506906e+00
4.693800721997601677e+00
4.788345526480203063e+00
4.893932806033704175e+00
4.965042309033974810e+00
5.020659450516014033e+00
5.118620395246933796e+00
5.197731235595296262e+00
5.221651623685704458e+00
5.187051463778824534e+00
5.169599703751323716e+00
5.129777894226934087e+00
5.065445417725575439e+00
5.013239623300814074e+00
4.961629194938266707e+00
4.857744183967459328e+00
4.829279900946388260e+00
4.733765311996124048e+00
4.614559062144909518e+00
4.572661248356356900e+00
4.480690511413133237e+00
4.408308056037490985e+00
4.345969609103520703e+00
4.339015201031501512e+00
4.346735892029282233e+00
4.347250219316289410e+00
4.395669888265842040e+00
4.422953793439744707e+00
4.454560514822652806e+00
4.496522123207529198e+00
4.550622293596270573e+00
4.603259559742295615e+00
4.699364385397405641e+00
4.756091007652399227e+00
4.824548204971365273e+00
4.891598555555941807e+00
4.944230550646216749e+00
4.900626839282712588e+00
4.801074824054594181e+00
4.697344792160256688e+00
4.556497527918854651e+00
4.451093849046483086e+00
4.405509569139222315e+00
4.353176042507394428e+00
4.330938619921990806e+00
4.358015913140961040e+00
4.414765728045072279e+00
4.455733872334869616e+00
4.515275912743459408e+00
4.559849148049173628e+00
4.598434393192370351e+00
4.648067520230336314e+00
4.689332522531739933e+00
4.734419618263268958e+00
4.766397214504805468e+00
4.787328056253208786e+00
4.782656931288600255e+00
4.718386327653049328e+00
4.661568079995461744e+00
4.563370950317731989e+00
4.437577290039870448e+00
4.284449316421637732e+00
4.131591977072849531e+00
4.070444870316990205e+00
3.995424074760056232e+00
3.998362405603620218e+00
3.995657769938756321e+00
4.005363197704301825e+00
4.023862871824468002e+00
3.973588701884290142e+00
3.954046230993693012e+00
3.941427476342852732e+00
3.918581278871816398e+00
3.929809436762345953e+00
3.999910939496474693e+00
4.093625266991996803e+00
4.195537140249043340e+00
4.265260891564569334e+00
4.312503213708692940e+00
4.330963396309093660e+00
4.396501365784860837e+00
4.465518115595983772e+00
4.504332382662921574e+00
4.536737782497437976e+00
4.561645263268589545e+00
4.572925183353852674e+00
4.558103305500144309e+00
4.530359362598209039e+00
4.483625606777291495e+00
4.399239127459847687e+00
4.385900570190452541e+00
4.420024990811302956e+00
4.428275572182990949e+00
4.416671418651944236e+00
4.404946775559972494e+00
4.360283447773466214e+00
4.328648761798485900e+00
4.303714085734231531e+00
4.229186843532962037e+00
4.165635133458388317e+00
4.070454312572416633e+00
3.970764603414596916e+00
3.897773475508525376e+00
3.854169087395095339e+00
3.821582362661839927e+00
3.783038768659391593e+00
3.748520118432213444e+00
3.759063881126097684e+00
3.734067994264553381e+00
3.768487641484345563e+00
3.834696851791949967e+00
3.914588628237177126e+00
3.992250886896452133e+00
4.037359908104930284e+00
4.063154386002134189e+00
4.108925988733600931e+00
4.144330893679338601e+00
4.189396671381908632e+00
4.270924461498651681e+00
4.340849297659531203e+00
4.418699273598225119e+00
4.558366576865335418e+00
4.678895662719160242e+00
4.777585112072149087e+00
4.870713443945334120e+00
4.912840951263092393e+00
4.930187413741651703e+00
4.966807352049502633e+00
4.936171635752190312e+00
4.912814644965023625e+00
4.929345283262813737e+00
4.849506375358594745e+00
4.704232876585831669e+00
4.572826701080044742e+00
4.481809510281876463e+00
4.405387723454239790e+00
4.282031937006642863e+00
4.165608390678873008e+00
4.116571345590329223e+00
4.134326695727642331e+00
4.227913135099829134e+00
4.350656545258198449e+00
4.424458685455592288e+00
4.481740561437640658e+00
4.575057058067502957e+00
4.662281546688571865e+00
4.703437085256184425e+00
4.720665294716890337e+00
4.704474895718953498e+00
4.703050377408129812e+00
4.769839974229841850e+00
4.875785615549657948e+00
4.956637252879588118e+00
5.017281148426526727e+00
5.092386719609938162e+00
5.183732425063104721e+00
5.304806881520665485e+00
5.427749640342524273e+00
5.524318598013191028e+00
5.606041013449075905e+00
5.660467023691550636e+00
5.719840139679844171e+00
5.774406738386744564e+00
5.844357711091959118e+00
5.907885264587849683e+00
5.975096671063594655e+00
6.038620457654809037e+00
6.042952875255883427e+00
5.969909372660032076e+00
5.894795171535482936e+00
5.804987340724540701e+00
5.740754501474919280e+00
5.699977648822220466e+00
5.654559680636855212e+00
5.680336898567011517e+00
5.746011473470212572e+00
5.818567398543912361e+00
5.888714549465870363e+00
6.027526909840744018e+00
6.137645761583003789e+00
6.201832731172474134e+00
6.245784457007267143e+00
6.217842940537355645e+00
6.136156677559164940e+00
6.046885031652555753e+00
5.954547047932988946e+00
5.887799890407283243e+00
5.797338530296394232e+00
5.689442588730889483e+00
5.606011018105367505e+00
5.518554348106340157e+00
5.447886062771596372e+00
5.383815636124733572e+00
5.264622029356733179e+00
5.148172002882763110e+00
5.070778169015247805e+00
5.014888278351110174e+00
4.906228010535458317e+00
4.729174989425186659e+00
4.596577711636966157e+00
4.532079344357828887e+00
4.483625793355857425e+00
4.500281697714648921e+00
4.575718506486557757e+00
4.650309543040863858e+00
4.773623174989954698e+00
4.907900909201309503e+00
5.022941049637774213e+00
5.092209728684186310e+00
5.162900989071121494e+00
5.272012389125221077e+00
5.338155014952269184e+00
5.358941214321538915e+00
5.382259508752438748e+00
5.361610606124979306e+00
5.330883543731911089e+00
5.323243275461819302e+00
5.338014089438054555e+00
5.345338645967248503e+00
5.366269075406590261e+00
5.362709851880127943e+00
5.362134335394712181e+00
5.349238699299120547e+00
5.387013273916973155e+00
5.484222891663086408e+00
5.582684420541028203e+00
5.636965433446373019e+00
5.677928252408819709e+00
5.702271470139738341e+00
5.696341956493900405e+00
5.692871039004137934e+00
5.683138086235005382e+00
5.655858307345255298e+00
5.633189684487230231e+00
5.583090620838897067e+00
5.506268901031437402e+00
5.409854091854401581e+00
5.332933303822342985e+00
5.297376035850608567e+00
5.278437016794400805e+00
5.225960079634925926e+00
5.155125120855116982e+00
5.154913581353587126e+00
5.142036290286309708e+00
5.137194022673034155e+00
5.205194424197136627e+00
5.186172633738060256e+00
5.143829490084323552e+00
5.065434865305364021e+00
5.009714274307758508e+00
4.937731143973937975e+00
4.900858159329945174e+00
4.883994079529857757e+00
4.901912260623764617e+00
4.802568678692133552e+00
4.731677870824430698e+00
4.644305301988424617e+00
4.563981643260450305e+00
4.526793157156117964e+00
4.443339744681425785e+00
4.349300148719081882e+00
4.201250191982167870e+00
4.071001773493516218e+00
3.956956927029938065e+00
3.832345075340831020e+00
3.781901726661937690e+00
3.789065730628534023e+00
3.872949024121396189e+00
3.853781400634891607e+00
3.815425468219348915e+00
3.792334102124025108e+00
3.827234634057503637e+00
3.882325425378719164e+00
3.966413016010490011e+00
4.013689940013652091e+00
4.026410700844912149e+00
4.071075579313656156e+00
4.094040232361327192e+00
4.091590529096321482e+00
4.079256175944872886e+00
4.063135559899707872e+00
4.072506099351109299e+00
4.121585008138548112e+00
4.168630548936524960e+00
4.175281179492717598e+00
4.121087361486930334e+00
4.066649906594978603e+00
4.094210574640084310e+00
4.152010422487573571e+00
4.213290124856967189e+00
4.307152028516952669e+00
4.388060833774041214e+00
4.359362683315985088e+00
4.340562217307521564e+00
4.322820940480587737e+00
4.321448805745076172e+00
4.312855838005297926e+00
4.255187079513362391e+00
4.210151681253123890e+00
4.193947193125876716e+00
4.185744766026386010e+00
4.229559897918139910e+00
4.245409521807097519e+00
4.301152644627803667e+00
4.334589695438011425e+00
4.375104490822674386e+00
4.392620530316214023e+00
4.358119499523378515e+00
4.379785298724651277e+00
4.428705878307959587e+00
4.452837289118759756e+00
4.401192905952992618e+00
4.314691155176081594e+00
4.254238013926027406e+00
4.249106084336498945e+00
4.213186313072426969e+00
4.160857886062397704e+00
4.090392086053481258e+00
4.083401604665189311e+00
4.109760662231209949e+00
4.135962571377016062e+00
4.189264636526208285e+00
4.250389674393362682e+00
4.305345864790106170e+00
4.317176658809755097e+00
4.280970139887517512e+00
4.273315825476977636e+00
4.250484306747872587e+00
4.252777571753243002e+00
4.317876897540745773e+00
4.324840581597630518e+00
4.337798652179856163e+00
4.308145713485643569e+00
4.252944736384627333e+00
4.203887658745134814e+00
4.185340103978039572e+00
4.127253445990040071e+00
4.044745360932536116e+00
3.945426388612232493e+00
3.823786141403068051e+00
3.713260068059414998e+00
3.628615519694041502e+00
3.522469311037222273e+00
3.423377333481990803e+00
3.344931184812971470e+00
3.307341078302437509e+00
3.303963492362850918e+00
3.243363028397370229e+00
3.239990347000063053e+00
3.265623375510393167e+00
3.253159626889696288e+00
3.201045059133048376e+00
3.203420935106463752e+00
3.250471227892679504e+00
3.257829208765632867e+00
3.247118872525216027e+00
3.299867562206813432e+00
3.359748106448652294e+00
3.405556739753448081e+00
3.483405336527781948e+00
3.451551632210330567e+00
3.399631954242336995e+00
3.378686736014469894e+00
3.373404146773296919e+00
3.366160908689427522e+00
3.497744726891674816e+00
3.678012070964893798e+00
3.817493971256280094e+00
3.971810860852631020e+00
4.107321964417637083e+00
4.164131741994681946e+00
4.180857182828766838e+00
4.172037195781578056e+00
4.109531887072948919e+00
4.050154828216527392e+00
4.000525032188633645e+00
3.946918585500678756e+00
3.924732920028984662e+00
3.887292803242236694e+00
3.938834075742795093e+00
4.059837338031964116e+00
4.198295328315055919e+00
4.318017763702463263e+00
4.382220727818637585e+00
4.378460628958978695e+00
4.335244669741631363e+00
4.317687534780188408e+00
4.230963652326725111e+00
4.185115874092988797e+00
4.178530405371858159e+00
4.233127918533392098e+00
4.282099088195750802e+00
4.311012409773849363e+00
4.356374046241722198e+00
4.408001384653751131e+00
4.461539473263764322e+00
4.495968589814390626e+00
4.565027950631781906e+00
4.631328333346504067e+00
4.655882855223753225e+00
4.650815943194037239e+00
4.680511990014714740e+00
4.659563185968631061e+00
4.621381539012357820e+00
4.573468944786789336e+00
4.550274627017614648e+00
4.520964891249512618e+00
4.456593490541843394e+00
4.399769379723074358e+00
4.351478505609858161e+00
4.287657563866204669e+00
4.267972317055238385e+00
4.364904469932435305e+00
4.431785870436550034e+00
4.438300359697809228e+00
4.437895589629942350e+00
4.447190224936113268e+00
4.467120897334465823e+00
4.439278363626368851e+00
4.473444158235946766e+00
4.510784670427399057e+00
4.563071783900326750e+00
4.590990534992458905e+00
4.579252088691049494e+00
4.619604845218035827e+00
4.710887256766175923e+00
4.840525430825376674e+00
4.943920290857271915e+00
4.989861750930010054e+00
5.045820140431706236e+00
5.076528626762564222e+00
5.119365350362568456e+00
5.159511769308103624e+00
5.186909032583076673e+00
5.152592743207669024e+00
5.146633858437356324e+00
5.083620507760135077e+00
5.056132649984928840e+00
4.992074330800699400e+00
4.929085796276730491e+00
4.887979076265025924e+00
4.819106193787741077e+00
4.698228030256877297e+00
4.555867720998234560e+00
4.425762027064179094e+00
4.281545526062428664e+00
4.163533723783660712e+00
4.068546255300052650e+00
3.947540920854770707e+00
3.834543895893605114e+00
3.788989823168904980e+00
3.783793079338283682e+00
3.773771783350139852e+00
3.738585516592348057e+00
3.719903007535488637e+00
3.728725218823205179e+00
3.721942304224412190e+00
3.744247600102856843e+00
3.772247358924328609e+00
3.772621371819124381e+00
3.807968399889674060e+00
3.868235057411922639e+00
3.854775755848892871e+00
3.801810360195890581e+00
3.782445372155567753e+00
3.777566869145497552e+00
3.726435084477597748e+00
3.716933335890478141e+00
3.687294601694227847e+00
3.693056315156125091e+00
3.708671831063721669e+00
3.824837285843515566e+00
3.899944556301295329e+00
3.992212382867966536e+00
4.121176274214491286e+00
4.237176270055146965e+00
4.397806335317350879e+00
4.590560151199448491e+00
4.785011242604564785e+00
4.965207964016332021e+00
5.136853345724700759e+00
5.249748100972328579e+00
5.290674548565695190e+00
5.296014407901609822e+00
5.256542169619555338e+00
5.164966907307848132e+00
5.100063883249512209e+00
5.042883979716521026e+00
4.942847708132041440e+00
4.901358234021842009e+00
4.906344968313780974e+00
4.918772669395467645e+00
4.876109861802683909e+00
4.821831804659793441e+00
4.769721518267170168e+00
4.736930396152541078e+00
4.682790944139093803e+00
4.648635345945427488e+00
4.640942476600587341e+00
4.678009142782730834e+00
4.701192897254910186e+00
4.654180776187431867e+00
4.589581629640584914e+00
4.604637204527071148e+00
4.616222582538439312e+00
4.673520717349839870e+00
4.737080117477411534e+00
4.759895124471836603e+00
4.753782011965690835e+00
4.741980168189844136e+00
4.697799174449505344e+00
4.726584047751891227e+00
4.809840953097447525e+00
4.865764072174659560e+00
4.915997995520063668e+00
4.930661985517093449e+00
4.962205978302727694e+00
4.988254817414685682e+00
4.967859431363331524e+00
4.992170436155014990e+00
5.010103002680774686e+00
5.003117440019522633e+00
4.907186184066116397e+00
4.743842700351381225e+00
4.652317567264215192e+00
4.618082676310262258e+00
4.609059767703827859e+00
4.560730659906863771e+00
4.467756394566323230e+00
4.405807244159925418e+00
4.416022452059118919e+00
4.401704195188811397e+00
4.385913469354791872e+00
4.379401819775554650e+00
4.406412186906578654e+00
4.390012191193408242e+00
4.395221680917038576e+00
4.483479227689687541e+00
4.615713254837117141e+00
4.720368122441140457e+00
4.768644004308082884e+00
4.824910256551679488e+00
4.842412888297590534e+00
4.790392395882727250e+00
4.856966030460761807e+00
4.913364798737430483e+00
4.905724781977702342e+00
4.988520462573714731e+00
5.037888181065963700e+00
5.032171582134370880e+00
5.032477520634191848e+00
5.015443701027518131e+00
4.975631723615662416e+00
4.932730159879096909e+00
4.864018903626412538e+00
4.790566501920048736e+00
4.655478977469520885e+00
4.568433763058147079e+00
4.464349012999569766e+00
4.333616261796946922e+00
4.202702135690479679e+00
4.091859451335341902e+00
3.921430484120747462e+00
3.784917478964836324e+00
3.709972539343675102e+00
3.649443551533586128e+00
3.613894348113219745e+00
3.666318986294982984e+00
3.698769249422806382e+00
3.722468210836098912e+00
3.742330381391586247e+00
3.737860008721897831e+00
3.785658304823536380e+00
3.907110064194569077e+00
3.998801449017930665e+00
4.106308325806540260e+00
4.160157848510031009e+00
4.210712541996474378e+00
4.263788588747624786e+00
4.364716811278692710e+00
4.423698429144746314e+00
4.459937560390973665e+00
4.498369709112417958e+00
4.503854368209708525e+00
4.500022293435630871e+00
4.578896508396559817e+00
4.649137550024284415e+00
4.677375757413373414e+00
4.713829325628375422e+00
4.750474456963611480e+00
4.764539765537739946e+00
4.780401278110116614e+00
4.772556928052441805e+00
4.757632244240573627e+00
4.687061172699945821e+00
4.614527250104535128e+00
4.595893852261362156e+00
4.639773195901520708e+00
4.729646745797059459e+00
4.812677812015403234e+00
4.890908210648680310e+00
4.984647834499758012e+00
5.109029858550584891e+00
5.198819087366286951e+00
5.310385542533468062e+00
5.385346221001177547e+00
5.458572135240267187e+00
5.554192476282667101e+00
5.687997987128169619e+00
5.776414385363112913e+00
5.854906151977255391e+00
5.947491401918301612e+00
6.043266406648237776e+00
6.173176810853002294e+00
6.320937429735678847e+00
6.417960751208996228e+00
6.483645383286321895e+00
6.483499096363553704e+00
6.522286934357532928e+00
6.550641950440478034e+00
6.550900197325436380e+00
6.584292236724313518e+00
6.623170892975551283e+00
6.644561993487937634e+00
6.655943882936355749e+00
6.668027622477271876e+00
6.648824665342567108e+00
6.658020033387807679e+00
6.664414467500383132e+00
6.665417247853477001e+00
6.636318149065939309e+00
6.637036776003500727e+00
6.608429636076953884e+00
6.596758580728256049e+00
6.599442713536922689e+00
6.565724573380752105e+00
6.495254863303366655e+00
6.383732783063711835e+00
6.232546735695962958e+00
6.068223610355610198e+00
5.941241536265290613e+00
5.823379625716957442e+00
5.716981251600286917e+00
5.642330855679520418e+00
5.609033881750067785e+00
5.602653878174003843e+00
5.633743486790695698e+00
5.626900932427379765e+00
5.601707873485602285e+00
5.590488690905029756e+00
5.604002931211074845e+00
5.620987900277505389e+00
5.609064295919097276e+00
5.658118907296223909e+00
5.709413186390976946e+00
5.743887903694727015e+00
5.718858762752813796e+00
5.686454579115280517e+00
5.675432282092629066e+00
5.654570206978447366e+00
5.569728985269424726e+00
5.488230300315920296e+00
5.349931572251047207e+00
5.226491755692499908e+00
5.112321354640330995e+00
4.990503539278337009e+00
4.840808491081724618e+00
4.672925158910850918e+00
4.554800759581839387e+00
4.467076360750140473e+00
4.431322552172708207e+00
4.417304585508474268e+00
4.356630080483508749e+00
4.349996588576667378e+00
4.375724302233923169e+00
4.395640201896583221e+00
4.391143062631905458e+00
4.395713914780601250e+00
4.422187576470514081e+00
4.485440303831856212e+00
4.494936380879191340e+00
4.476524411832270012e+00
4.504413680219624183e+00
4.525081570871327230e+00
4.530725690485176926e+00
4.543187895546818567e+00
4.494348751560838906e+00
4.423255073649611013e+00
4.333083437493360890e+00
4.275689574447302910e+00
4.230610827630702175e+00
4.204252914589282852e+00
4.131940758359003318e+00
4.098651003672647342e+00
4.087410997852567007e+00
4.093371133693650243e+00
4.028792941429991892e+00
3.941576124578425322e+00
3.851975685047807296e+00
3.797987309921013743e+00
3.747048105681208163e+00
3.648796934539582981e+00
3.529218807863477636e+00
3.414419796006010088e+00
3.360037131311862879e+00
3.410883428770813630e+00
3.501726366149235492e+00
3.539674594148199294e+00
3.540966154158584178e+00
3.600609799783027754e+00
3.605193422842070561e+00
3.544263329718852606e+00
3.469321775619209181e+00
3.456318827986843978e+00
3.428492068169969098e+00
3.350447621393556119e+00
3.228491519498712936e+00
3.113464531271338487e+00
3.018596474173707023e+00
2.994317672515155682e+00
3.016295834793701225e+00
3.037667684747700658e+00
3.100435759581847694e+00
3.192091838883066135e+00
3.210617973635686795e+00
3.205132519832805116e+00
3.247457811060743271e+00
3.314608020896986584e+00
3.279217629989863436e+00
3.295741901159243703e+00
3.309608235652434338e+00
3.324844864625445595e+00
3.257465783860436837e+00
3.202220997858148621e+00
3.187631928343251708e+00
3.184988906329893066e+00
3.214634800236245038e+00
3.220805021123258172e+00
3.256038460265251011e+00
3.382703513308477739e+00
3.396708838205827252e+00
3.351318987974392982e+00
3.331297075424191512e+00
3.357841160220034649e+00
3.392418924504749800e+00
3.453767119435997124e+00
3.561880366227764938e+00
3.667582139908173833e+00
3.684801414684967913e+00
3.703498585515863528e+00
3.739596227257853123e+00
3.773437453316587753e+00
3.781997519262646712e+00
3.817995844913323555e+00
3.927663198994755689e+00
4.026074813508530248e+00
4.034401958973749203e+00
4.059039165206913324e+00
4.076450205290110596e+00
4.125970443588907521e+00
4.195049407122791507e+00
4.224241094979870326e+00
4.241732770422902199e+00
4.269601468318931836e+00
4.306336324264459670e+00
4.359800843791756364e+00
4.421951972340906423e+00
4.487464354711200976e+00
4.546001303968282947e+00
4.636327161080326498e+00
4.721694304235577455e+00
4.825169255981770711e+00
4.963050369525595862e+00
5.151867281997828840e+00
5.338849123040808387e+00
5.499417691885017945e+00
5.630887526854485792e+00
5.730010956421767609e+00
5.771315736747442138e+00
5.858076053355299351e+00
6.014785938183806913e+00
6.195252998860119042e+00
6.377326822451331978e+00
6.531435448779409292e+00
6.609149994995277666e+00
6.684713162651389595e+00
6.778665801174244443e+00
6.834854484275882491e+00
6.892906319902659895e+00
6.903883824767555133e+00
6.914507280808285472e+00
6.867713176887442650e+00
6.786671886447368962e+00
6.704563454459193217e+00
6.609063771099546791e+00
6.559772886594362973e+00
6.444790206273798283e+00
6.359094506336628427e+00
6.255446322536604598e+00
6.128595723307845411e+00
5.990462055716291090e+00
5.821402608560652503e+00
5.638807321373847437e+00
5.482124828253628124e+00
5.324389068988535811e+00
5.173966832867830767e+00
5.048418100454646229e+00
4.934622875777343154e+00
4.770801694072066113e+00
4.610133403670084284e+00
4.457515587449049299e+00
4.306544818491684801e+00
4.190985687131588477e+00
4.105718475398994372e+00
4.058737034745438343e+00
4.017120657388126403e+00
3.973675360095786591e+00
3.945677181473095985e+00
3.920583193481077977e+00
3.917372497760491790e+00
3.925737287145393051e+00
3.912252579511648953e+00
3.878579709201045222e+00
3.793982251906203196e+00
3.723931412737204294e+00
3.694527708638860375e+00
3.639457148383675733e+00
3.537637667552812282e+00
3.471585664399567950e+00
3.379203226395190551e+00
3.339540378845873292e+00
3.384727880250214760e+00
3.522263968942411339e+00
3.676091855741582037e+00
3.851454002781901309e+00
4.016785536845044469e+00
4.159107820133898237e+00
4.361506034897397299e+00
4.500682709353721833e+00
4.594531372684806492e+00
4.692025236130777266e+00
4.781312913190807201e+00
4.858320918484087869e+00
4.897352244271210076e+00
4.899511133249206729e+00
4.876020702241176785e+00
4.814932440966245508e+00
4.756798581223261380e+00
4.736317832448913023e+00
4.734920218200461939e+00
4.728455819793986770e+00
4.720647658956259818e+00
4.767543934726244714e+00
4.834074998821106917e+00
4.862696361629330610e+00
4.919280493783185548e+00
5.013220451467335970e+00
5.118325799928643782e+00
5.239832718734982464e+00
5.327014901427276072e+00
5.415523893049462245e+00
5.457031296601302373e+00
5.491887716525885921e+00
5.575402141290833669e+00
5.657960982018160223e+00
5.688290805855430676e+00
5.680211032512281655e+00
5.671714957576624805e+00
5.670003053878644117e+00
5.644592080173151949e+00
5.624141530228228270e+00
5.563709631759566676e+00
5.485846813101461272e+00
5.415251223832596494e+00
5.406854636722428609e+00
5.350088029081572216e+00
5.279062751737719772e+00
5.221109847925335501e+00
5.179211184607943608e+00
5.143005046933699198e+00
5.103453533186980806e+00
5.027705231469260738e+00
4.987848897105412682e+00
4.998559693577920626e+00
5.032650077382810672e+00
5.044562473828907656e+00
5.012524525240609208e+00
4.955809917400701536e+00
4.872103094495634501e+00
4.703502455375027758e+00
4.538078093957841119e+00
4.380929695718475791e+00
4.240317446151347092e+00
4.164271777586233014e+00
4.142924823673936885e+00
4.127285533805186368e+00
4.159689390247005569e+00
4.215068900627292336e+00
4.298442683208197224e+00
4.345107595275985446e+00
4.329613608143923820e+00
4.276784657346944130e+00
4.194598478095659111e+00
4.188091407429479496e+00
4.153223048876567347e+00
4.085887003902247905e+00
4.075771098820561988e+00
4.116646578923808697e+00
4.128209302186603757e+00
4.104246650501930382e+00
4.103513953895981281e+00
4.120615643512624438e+00
4.189263701119025463e+00
4.234699123199023418e+00
4.339742293765083581e+00
4.463968686196007063e+00
4.575770864358188916e+00
4.706859032753772709e+00
4.785104289899710928e+00
4.936321519776348588e+00
5.097230908058971721e+00
5.256652676043539252e+00
5.372853069140441917e+00
5.398700357166474895e+00
5.378380826951143945e+00
5.304670690539483147e+00
5.237941261594437847e+00
5.121761440855493674e+00
5.039416624362393016e+00
4.981969575277375384e+00
4.953954996946350775e+00
4.998055707081449306e+00
5.021693181573845699e+00
5.021983711810245055e+00
5.005205859903642640e+00
4.988304114845283799e+00
4.958757156624673534e+00
4.916208148526056476e+00
4.838196005039908876e+00
4.790209170977323794e+00
4.756403910920062650e+00
4.730508062281288062e+00
4.697566345143562749e+00
4.691719406043410423e+00
4.685492809965737138e+00
4.749274424914244008e+00
4.807559237365081728e+00
4.821520254980621090e+00
4.785053076625163548e+00
4.683202615819372916e+00
4.591264572919936171e+00
4.501480779825675960e+00
4.521991336468096812e+00
4.566263435781176661e+00
4.582970900076776211e+00
4.629709197186893554e+00
4.727268877617804677e+00
4.861349682171967501e+00
4.976018721284767743e+00
5.019480669001930906e+00
5.067145154307857169e+00
5.162290393298982316e+00
5.198331855666425305e+00
5.197175760660952548e+00
5.175755128114045256e+00
5.130657685959663539e+00
5.174795533548087079e+00
5.169193265153348094e+00
5.122630757854899741e+00
5.000691325764655026e+00
4.900866819143124609e+00
4.796115939835013720e+00
4.704769548882802965e+00
4.621373522374206289e+00
4.626270984301956268e+00
4.712139572640894336e+00
4.756941640464543930e+00
4.752301052430282446e+00
4.714081495786229148e+00
4.674889766045979833e+00
4.635827097495390348e+00
4.616800254360268418e+00
4.621727238534740323e+00
4.624286458610945338e+00
4.642790543064647224e+00
4.651693208280422986e+00
4.656721697535017412e+00
4.672557984228154382e+00
4.683541580353083766e+00
4.662560890225090127e+00
4.645631832581016418e+00
4.597154235039814019e+00
4.518938749227493723e+00
4.519220343574855470e+00
4.544840894267346165e+00
4.513802192438753913e+00
4.445755567910534722e+00
4.369293994817493143e+00
4.260801085770242302e+00
4.214744386576597002e+00
4.181841280852756526e+00
4.101723500309347514e+00
4.085284811354354062e+00
4.097691997093194871e+00
4.147791247900300071e+00
4.288191920513930278e+00
4.495303946304591847e+00
4.688127300651181883e+00
4.823329955299452187e+00
4.892425638515791597e+00
4.889074504385603426e+00
4.842790972103640179e+00
4.818832814643684515e+00
4.795876274090240088e+00
4.751678951057533240e+00
4.742479849443411055e+00
4.748298375239513369e+00
4.759802843922107840e+00
4.742626754393221233e+00
4.709107095337860649e+00
4.659378142753203278e+00
4.591046471217915759e+00
4.560213497070054522e+00
4.580693083515372521e+00
4.577453607098136423e+00
4.565628309671007301e+00
4.584991731064447684e+00
4.616303223727532767e+00
4.664307646087773485e+00
4.732653588855801452e+00
4.743712095902900217e+00
4.761510690512884558e+00
4.769652632283309046e+00
4.764528608760864259e+00
4.784697643241869081e+00
4.780208166945704384e+00
4.766096527069137778e+00
4.798365585338822292e+00
4.825536909747046188e+00
4.823471190701410727e+00
4.818509375744428169e+00
4.873514605514495557e+00
4.939266828459218495e+00
4.966084048421849140e+00
4.924514882192673859e+00
4.906843207353791314e+00
4.911670246239232540e+00
4.906697842288850531e+00
4.854495170833594386e+00
4.781681754232134374e+00
4.686714220995447100e+00
4.570271997773690309e+00
4.439191528307177670e+00
4.273282626136733597e+00
4.129505690553267883e+00
3.973882618113856235e+00
3.832715258531560920e+00
3.746275327759727158e+00
3.747176357149763160e+00
3.798407641719948380e+00
3.801501485117909418e+00
3.816025761879226597e+00
3.845023671205838767e+00
3.826838584935896570e+00
3.868757824058198125e+00
3.871935868880726606e+00
3.856794253643066384e+00
3.809159355442912176e+00
3.691694787205986650e+00
3.550261479865988168e+00
3.444363101759292167e+00
3.408993283058415980e+00
3.412816686649627229e+00
3.437561409943189261e+00
3.494955053252405630e+00
3.568825963833892168e+00
3.582982078224016487e+00
3.639841963721391682e+00
3.721084973503170357e+00
3.806883874572729365e+00
3.918657811599302043e+00
4.069713312472059918e+00
4.204800202929771302e+00
4.364972947252176994e+00
4.565374875105719710e+00
4.746518503896919761e+00
4.913677017783880885e+00
5.080395704718111638e+00
5.207251775581528186e+00
5.257041517833471289e+00
5.275686450282059958e+00
5.268359218332286709e+00
5.222827389303349221e+00
5.145561704429374217e+00
5.069476655080635830e+00
5.067176328165071908e+00
5.019700876490404973e+00
4.980560044119215490e+00
4.952460695457761908e+00
4.921205298494250258e+00
4.885994758765099810e+00
4.846928973508521032e+00
4.788379290483902651e+00
4.753063625081800581e+00
4.745182339592394882e+00
4.745531677961290384e+00
4.765421046175832842e+00
4.724742048063233391e+00
4.684960267795350575e+00
4.637660865205528005e+00
4.594751730932039813e+00
4.492120750626908077e+00
4.508969493604047862e+00
4.596560031075524577e+00
4.692329509730570614e+00
4.803222349104640188e+00
4.918125610778028012e+00
5.021530674494964153e+00
5.154833800639940122e+00
5.264244300634763007e+00
5.382901410606474535e+00
5.472729588186956207e+00
5.574812080840687578e+00
5.697004365649155133e+00
5.803086229817223440e+00
5.922898308394780820e+00
6.061807822992117067e+00
6.226077206311899204e+00
6.387151609559445831e+00
6.515872692484518502e+00
6.592172324458508648e+00
6.633552228097467918e+00
6.637285241133349167e+00
6.650941311826190194e+00
6.684119510031669265e+00
6.702476370261853056e+00
6.660821872447170833e+00
6.591136085644273557e+00
6.519090600560386584e+00
6.457533812946097740e+00
6.367879531258889614e+00
6.245793877035920261e+00
6.140543364058007825e+00
6.041146685542099881e+00
5.954151254497214829e+00
5.918148363689166302e+00
5.850195069649989144e+00
5.781737451445505549e+00
5.752818621616968109e+00
5.700094688677888932e+00
5.626330410092958978e+00
5.526860763792002196e+00
5.409916440310598595e+00
5.326128854818214187e+00
5.297576912973098295e+00
5.305780609225926092e+00
5.264599503137344705e+00
5.255939328335534455e+00
5.263656235641358982e+00
5.250117794738872412e+00
5.242333454579227947e+00
5.261309858655641492e+00
5.211812499186411429e+00
5.174754912523114037e+00
5.147946938538924044e+00
5.101256550460893102e+00
5.071925401467249017e+00
5.067862727500685338e+00
5.076776307589263126e+00
5.000971391634682739e+00
4.886515468091865877e+00
4.745112464956902976e+00
4.637316744304080807e+00
4.498980000101182597e+00
4.455958638005580674e+00
4.408689153744431266e+00
4.354712157628409130e+00
4.321347281221838976e+00
4.322570372281890450e+00
4.316190039056325034e+00
4.270080241780315866e+00
4.236059564635116459e+00
4.213471921609721171e+00
4.142788112227282049e+00
4.085547191794612232e+00
4.016818573058035469e+00
3.911163127182073929e+00
3.782785430985023734e+00
3.730264633262511786e+00
3.735930523339080711e+00
3.788472887764860353e+00
3.836280014642185598e+00
3.841275184126055731e+00
3.856235230904990097e+00
3.808042435420658567e+00
3.713240836029489511e+00
3.583622966377976393e+00
3.448672704641822406e+00
3.331202488432633224e+00
3.278580245113285052e+00
3.195043719889093303e+00
3.070759072873370243e+00
2.999183576940372298e+00
2.928657870959335607e+00
2.941898413994817219e+00
3.000548846683493309e+00
3.037984065697695968e+00
3.052188103426178412e+00
3.072989866134636205e+00
3.150616038159814725e+00
3.196666945827706829e+00
3.300561358356032482e+00
3.375291806376952142e+00
3.471931178794121386e+00
3.573149491240899867e+00
3.685046203389688468e+00
3.765037343725333940e+00
3.825278345308769534e+00
3.947848625218615570e+00
4.076628059355603462e+00
4.163964680035975974e+00
4.257985800241633534e+00
4.306413882180298636e+00
4.305380866495550407e+00
4.339949438569858486e+00
4.401885032911768469e+00
4.467108918703565301e+00
4.510961521930933138e+00
4.517277334377378217e+00
4.516373142602425617e+00
4.518154330157613252e+00
4.556430115646165291e+00
4.586462559723974763e+00
4.694995705227364091e+00
4.775530874209548138e+00
4.857824373128976525e+00
4.952891259194188045e+00
5.079568172293678074e+00
5.198929820085301579e+00
5.349676796985180616e+00
5.419061447708056534e+00
5.471828816603427903e+00
5.561069110900416668e+00
5.666794781813817572e+00
5.773937002597881119e+00
5.858337378651605754e+00
5.886180135428863203e+00
5.886788701087843023e+00
5.896094172545250700e+00
5.881570400853366465e+00
5.876918200672931469e+00
5.826620057245811779e+00
5.707476791596538312e+00
5.619988685332495848e+00
5.543045980017451413e+00
5.541043085455964246e+00
5.528924520052524549e+00
5.477719148080680611e+00
5.349821307640893586e+00
5.232246982239757038e+00
5.127670836678081656e+00
5.005137941078573682e+00
4.839268389590662522e+00
4.704178521232112331e+00
4.652616088271672723e+00
4.631919223693882870e+00
4.636475132124695087e+00
4.668468241173867384e+00
4.740595767825088735e+00
4.794824888630642157e+00
4.857663119607689595e+00
4.904296905564705433e+00
4.958783995185179982e+00
5.059118868151733395e+00
5.153062128317455581e+00
5.251702490399773104e+00
5.302280314312133314e+00
5.389194509708337577e+00
5.460855606294024334e+00
5.503816355734925558e+00
5.489728514680072280e+00
5.428602252551939067e+00
5.367181380277512126e+00
5.309670335884444370e+00
5.240578249608133454e+00
5.196047031423974616e+00
5.139975517709594044e+00
5.052087967816539127e+00
4.974243995640289739e+00
4.939810664612669378e+00
4.869236969511420376e+00
4.857817851572557188e+00
4.856651849305277935e+00
4.933464908754219280e+00
4.969313960011844777e+00
5.005641246866789018e+00
5.056890757623882848e+00
5.150536318922987356e+00
5.215521424541399220e+00
5.254521562213790631e+00
5.263386654687135291e+00
5.240100451334673615e+00
5.206082231939956451e+00
5.202852635922979196e+00
5.194105821327023698e+00
5.190123339174222750e+00
5.178324458057187663e+00
5.173198594685601392e+00
5.150428840231324301e+00
5.178354484545343972e+00
5.209425978736668128e+00
5.296402481810177143e+00
5.350019851710181129e+00
5.440300817928387822e+00
5.577117337968481969e+00
5.701702073836085738e+00
5.838482762462597897e+00
5.992134154516381095e+00
6.120620251538687384e+00
6.237728142473369708e+00
6.295352713878109796e+00
6.361511643018454620e+00
6.427889964323713734e+00
6.458708998951627756e+00
6.490326269656949698e+00
6.510208415902104306e+00
6.517393693749833794e+00
6.482999194816782662e+00
6.515516451779606477e+00
6.530415840835495089e+00
6.525097930521540412e+00
6.519510286521151166e+00
6.501230293835466689e+00
6.479532690307580722e+00
6.433408041796878862e+00
6.383570122650331413e+00
6.363528273587948370e+00
6.410286479586161157e+00
6.517698942903662029e+00
6.604814943730840326e+00
6.642359943629656094e+00
6.666423132655016737e+00
6.639666995121328519e+00
6.628232803774013249e+00
6.606656833414030316e+00
6.582788552661852144e+00
6.522522381384727730e+00
6.444936474187435316e+00
6.328244327815287562e+00
6.231979199119267676e+00
6.147615161088465285e+00
6.075906313128164982e+00
6.010659416019631607e+00
5.928816471957828682e+00
5.848899754162207643e+00
5.766391136391167294e+00
5.666489043256311753e+00
5.552611034523422084e+00
5.437890634029962200e+00
5.329809172155531627e+00
5.240149813974650073e+00
5.196813017118111055e+00
5.137704384940058766e+00
5.023891980613117703e+00
4.949496417198425036e+00
4.932548524584309924e+00
4.918468247751534683e+00
4.861156106053756254e+00
4.867154105354170923e+00
4.814230085284966876e+00
4.772598388673767289e+00
4.705447902500084822e+00
4.708412286986215278e+00
4.715199821102469713e+00
4.738044882128160218e+00
4.724033698579468421e+00
4.634481625567491214e+00
4.575115228942104650e+00
4.544518158120370188e+00
4.528807962084359318e+00
4.529450815857449797e+00
4.545279911247074089e+00
4.558504195778845691e+00
4.552852462651920895e+00
4.548737459482192769e+00
4.633161673511287937e+00
4.739664115235745712e+00
4.810213304518494937e+00
4.857426631499887293e+00
4.874028566751176683e+00
4.937727432978038955e+00
4.990354346525472273e+00
5.037918979489139915e+00
5.068335397463762604e+00
5.068491699650992111e+00
5.089035384175872423e+00
5.132387501174349609e+00
5.141662707257841802e+00
5.112557021590535378e+00
5.129902931418169665e+00
5.133162734206461408e+00
5.183477103559117616e+00
5.197955179445664875e+00
5.217884155077292085e+00
5.200163355658005138e+00
5.204737275324303525e+00
5.157664280194949491e+00
5.132382945405085550e+00
5.147143425358350122e+00
5.115745760229332362e+00
5.056311932094116557e+00
4.939751668712636601e+00
4.885815564606766692e+00
4.896980169945399197e+00
4.936840964776080476e+00
5.004215128166066506e+00
5.040140527236657952e+00
5.042504236867965339e+00
5.040968075634323142e+00
5.031048459680776297e+00
4.892280440111152373e+00
4.781777852954446573e+00
4.622288107134822077e+00
4.512607660134717591e+00
4.371718558373167696e+00
4.171943361183194199e+00
3.972031261395371882e+00
3.844348118767991096e+00
3.703423521358843118e+00
3.534766313974765595e+00
3.398872966168924314e+00
3.264731012316452574e+00
3.162840635534189815e+00
3.119461682233604538e+00
3.073267798200911560e+00
3.073112141138695907e+00
3.083050807036950669e+00
3.149604846988887541e+00
3.263916742150415384e+00
3.454785645010722384e+00
3.635165814430162623e+00
3.778481976317670910e+00
3.861274079217940081e+00
3.951478643050553963e+00
3.976324443705782308e+00
3.985260836318307298e+00
3.901809872894146825e+00
3.799245579391879790e+00
3.707741891057610761e+00
3.622421059075690675e+00
3.482869072583222980e+00
3.423230842164705745e+00
3.387296070255484626e+00
3.434659381199899109e+00
3.580267522791708235e+00
3.664288146465640938e+00
3.719017189714665328e+00
3.721465260051944224e+00
3.641613804856997483e+00
3.578926538188038631e+00
3.544705294377005433e+00
3.556990476632685638e+00
3.528031607203345299e+00
3.485881735005868620e+00
3.425598209150343187e+00
3.468759070405846856e+00
3.512354391992545288e+00
3.488096883031021278e+00
3.527982273874864294e+00
3.586313053958442687e+00
3.670992574269598130e+00
3.752246780774038726e+00
3.838183460396271229e+00
3.794879458556571272e+00
3.768585653447946715e+00
3.753203276914087727e+00
3.745354659773013406e+00
3.753180742811919490e+00
3.784631287948134304e+00
3.869196199836727246e+00
3.938230112801075489e+00
4.009532122153698808e+00
4.097672081356341423e+00
4.197876542965579993e+00
4.281057776133223136e+00
4.378222569483111393e+00
4.439927001484992530e+00
4.461618572906088431e+00
4.432558840176890946e+00
4.454716221377450047e+00
4.460444249165777642e+00
4.447765652582120310e+00
4.367579892981097167e+00
4.260646076306712438e+00
4.152880485141978717e+00
4.010701360529965953e+00
3.869445202967006114e+00
3.698173977025907888e+00
3.539973250298481755e+00
3.402165831166475307e+00
3.298994587710923021e+00
3.252569768326017741e+00
3.179559310237984882e+00
3.048894923144426894e+00
2.953718158125456572e+00
2.857908946239474890e+00
2.823247291866510800e+00
2.728685603926861880e+00
2.722735049376207250e+00
2.765745152532078865e+00
2.720167271725112190e+00
2.702232824047710480e+00
2.769726496439900210e+00
2.903680136600967021e+00
3.017574094449929412e+00
3.095522567714612094e+00
3.250212022659833888e+00
3.382548436714213125e+00
3.488610509452193753e+00
3.577470410281945234e+00
3.664001658936379968e+00
3.689554577120395251e+00
3.693536465095685450e+00
3.734261660522238735e+00
3.753072222297864968e+00
3.727371357440216748e+00
3.766298403930671501e+00
3.820994639594466058e+00
3.807636317383969793e+00
3.745375488752263227e+00
3.700291020516893958e+00
3.665195155603371724e+00
3.687745915569811572e+00
3.703293298739851469e+00
3.748001950423624606e+00
3.802864071701673065e+00
3.887882776717685562e+00
3.920276031233923764e+00
3.979781743827838003e+00
4.058816671625687711e+00
4.062849165858447797e+00
4.114450128180421551e+00
4.217960216948157814e+00
4.297579105160175494e+00
4.321116014341884970e+00
4.338499742751525723e+00
4.396434542712449378e+00
4.466676488223927599e+00
4.543624993807892309e+00
4.571633693862462877e+00
4.564486650883036845e+00
4.548495259452384865e+00
4.519529616288203044e+00
4.477197337957521839e+00
4.468144309165355210e+00
4.477078785060538024e+00
4.512105369273476718e+00
4.541680790727864014e+00
4.606884188191245677e+00
4.746270958370322646e+00
4.919909337071485922e+00
5.141133826412191077e+00
5.325291040735270265e+00
5.452782390635619869e+00
5.470648696383515919e+00
5.432187932456898238e+00
5.388481486782640495e+00
5.301191685361448691e+00
5.148079515733886780e+00
5.031247225986589910e+00
4.944674098932441808e+00
4.900456299258706849e+00
4.841787947441286377e+00
4.818913593954847308e+00
4.836644510923764351e+00
4.894788000780549098e+00
4.961701071562893084e+00
4.989685386174262050e+00
4.962700966110212164e+00
4.896273548840057721e+00
4.848239491572321924e+00
4.754766612176892338e+00
4.638634558211237824e+00
4.512823066515553094e+00
4.380004544402340549e+00
4.228150305217175386e+00
4.096849375138402749e+00
3.960751866547372657e+00
3.752043626764014039e+00
3.536547536929004920e+00
3.443514293968751527e+00
3.483302227240780979e+00
3.525618326127682334e+00
3.558357440376051173e+00
3.518682782345827320e+00
3.489932335796739338e+00
3.399693179052910796e+00
3.372347344098455491e+00
3.385616534490424989e+00
3.446623320402871116e+00
3.532573641388197405e+00
3.636020535462920478e+00
3.798850078077374626e+00
3.963077451400764062e+00
4.141953596175175889e+00
4.350557697440819105e+00
4.555179453012699220e+00
4.687524535033126938e+00
4.764688106658699240e+00
4.805312609242081479e+00
4.783993683290293397e+00
4.747611150137836411e+00
4.679460867214334741e+00
4.654782866127146868e+00
4.677570964949578247e+00
4.682187100872808649e+00
4.735810490005059492e+00
4.829065653101436872e+00
4.948829090984481205e+00
5.072646966098314003e+00
5.187504678435185923e+00
5.279684985967430855e+00
5.360356668564364213e+00
5.434266382410760876e+00
5.547671634535813467e+00
5.674011317374072938e+00
5.779580058712619817e+00
5.887888920511095137e+00
5.974761476652274084e+00
6.063137388369201908e+00
6.169465146513407383e+00
6.216768407182780898e+00
6.255453904152888711e+00
6.254160043836388461e+00
6.224673896185400679e+00
6.184378995820126512e+00
6.098391395096842693e+00
6.028350582779107292e+00
5.990903900260535764e+00
5.975247098621082387e+00
6.014204159791119331e+00
6.027932234589668425e+00
5.989396968058449566e+00
5.921330116405269628e+00
5.837747587476102673e+00
5.782154927071922579e+00
5.718326656421545806e+00
5.688472813620813362e+00
5.669326588942870337e+00
5.627598071080836206e+00
5.606238290470395569e+00
5.643722036876125614e+00
5.669236667685505715e+00
5.675859856458488117e+00
5.692646266888949036e+00
5.735352122141057052e+00
5.836871788200396871e+00
5.928931554662511871e+00
5.995536861803334006e+00
6.075713713284034867e+00
6.139413601904410100e+00
6.197215705542719277e+00
6.233709701398629122e+00
6.223563205584598634e+00
6.147184319554662046e+00
6.049125592507640370e+00
5.943081257413314944e+00
5.883082978633328963e+00
5.853598775685407318e+00
5.835290440944637780e+00
5.821197354486446152e+00
5.867942628155917717e+00
5.885839601557608880e+00
5.923975505083544313e+00
5.976433496350797903e+00
6.047780824724529936e+00
6.098701071253049832e+00
6.096189000329106378e+00
6.117818219335626750e+00
6.183692838634111233e+00
6.256323250067620911e+00
6.365784885524309544e+00
6.456238188505040831e+00
6.515838064990180811e+00
6.569889727662634904e+00
6.694977549295286323e+00
6.848162809197336109e+00
6.985729786925723772e+00
7.124622340001078413e+00
7.231412979793076623e+00
7.319096474292244636e+00
7.427128182793422795e+00
7.545141670582189874e+00
7.651652201909286077e+00
7.783859963118235470e+00
7.906965699479397536e+00
7.985934723234054289e+00
8.034070922682857940e+00
8.090412461932313448e+00
8.094885027073944528e+00
8.079227820154120110e+00
8.044629879926858962e+00
7.995571299611444971e+00
7.968729019003419900e+00
7.984894752143117280e+00
8.031916193336583021e+00
8.074034576312177691e+00
8.103336839032373007e+00
8.121864414121780840e+00
8.127692091896038917e+00
8.162452147000520242e+00
8.218957435969093339e+00
8.319447363257019390e+00
8.437667395692944439e+00
8.534281799090489784e+00
8.636323317187512671e+00
8.738897547049230496e+00
8.785861096594326014e+00
8.795816669424386447e+00
8.789029110834841063e+00
8.781291014004859008e+00
8.786718824117601301e+00
8.786948814092456317e+00
8.731712233123666067e+00
8.620565299578631269e+00
8.543543458596507989e+00
8.444326579691965762e+00
8.363656586204998078e+00
8.304300730340573367e+00
8.243685970976468269e+00
8.198272813079590549e+00
8.183213699132561914e+00
8.160383876427649952e+00
8.153201184892433062e+00
8.128961358152523076e+00
8.111432873918758446e+00
8.087011082865807055e+00
8.061051345084274899e+00
7.979694070093051650e+00
7.868691497279015401e+00
7.701778785075249267e+00
7.554290858288879917e+00
7.422217468185903222e+00
7.285652348597250416e+00
7.178359171837140451e+00
7.054270332930306253e+00
6.920014501489059278e+00
6.806092433359437699e+00
6.724021343857633504e+00
6.656353717480449461e+00
6.607131274734983073e+00
6.597425952875043187e+00
6.594163977689136757e+00
6.560261617191102346e+00
6.509935598517913036e+00
6.504518354960343807e+00
6.555141094889773257e+00
6.654568237801533392e+00
6.662625743446247029e+00
6.659884108965018257e+00
6.707679162511547943e+00
6.723546886651288190e+00
6.726507679165246500e+00
6.745827167998660556e+00
6.823110529473717101e+00
6.860540274625927637e+00
6.927649066793127197e+00
6.943501237809429405e+00
6.934410384928438198e+00
6.946012271281981398e+00
6.958102022237111939e+00
6.945010550192025178e+00
6.950879533138366817e+00
6.984761395208524348e+00
6.955490191772129016e+00
6.893532276027394268e+00
6.811473451918262256e+00
6.735931669024195045e+00
6.615066165146179067e+00
6.476608993553065297e+00
6.321738689574868175e+00
6.180086375807489318e+00
6.027095756258524339e+00
5.851107641872754783e+00
5.682224261306868307e+00
5.444144526226951442e+00
5.242374413488620100e+00
5.068708908577093553e+00
4.904505326734827086e+00
4.733199037969149536e+00
4.645588857591004484e+00
4.570356201075730596e+00
4.489205327997334294e+00
4.438921156421426595e+00
4.403605120208773371e+00
4.329734777975425608e+00
4.317448677447949912e+00
4.279259710255049143e+00
4.251816741772348252e+00
4.242603936599087078e+00
4.212806089264259590e+00
4.157610313321427498e+00
4.039988101184371239e+00
3.960824205637987649e+00
3.901362436674519873e+00
3.831173138071835904e+00
3.817997242681247183e+00
3.870597922230711418e+00
3.904406854724448817e+00
3.923256190125972154e+00
3.953793156918806950e+00
3.990452966065603846e+00
4.029037324588405689e+00
4.016910014727764100e+00
3.973759663026834144e+00
3.941379820942647605e+00
3.872651391117476471e+00
3.706056173053827063e+00
3.593366663318120047e+00
3.512917753652616604e+00
3.419746662490947831e+00
3.338521472707556281e+00
3.356897829471993333e+00
3.332545964962523311e+00
3.333029294290749789e+00
3.305655413312472479e+00
3.249514970740607023e+00
3.180379675431291631e+00
3.232979932459171479e+00
3.360181513284025812e+00
3.468668607332582088e+00
3.542441880450871494e+00
3.595241100453621552e+00
3.605097028261422309e+00
3.579573015150361304e+00
3.459075796887401744e+00
3.322078174376584148e+00
3.268886215758261216e+00
3.209270361241775227e+00
3.146646221216870654e+00
3.182401366483288196e+00
3.171334506798280550e+00
3.172605694582586011e+00
3.278908840663863788e+00
3.470566210983314637e+00
3.600340725464145297e+00
3.717159011617634956e+00
3.821070113813221703e+00
3.938079619183219471e+00
4.037582599513513060e+00
4.138348094259503895e+00
4.250114165844734337e+00
4.345327396451247104e+00
4.417324036083925876e+00
4.514588624667351446e+00
4.570165258445964440e+00
4.642688779492948115e+00
4.720266591060712003e+00
4.820276223867287158e+00
4.931789337760839942e+00
5.030918434344474832e+00
5.099593824459696556e+00
5.152773018797159210e+00
5.192169027766124323e+00
5.244435911259006211e+00
5.287386048743877076e+00
5.339859262824788289e+00
5.486675494400753195e+00
5.624564188765142525e+00
5.690139010574741363e+00
5.740949311622931539e+00
5.766152756079005570e+00
5.778962768421886054e+00
5.760998033627778625e+00
5.757619460464717953e+00
5.740147457483608662e+00
5.749685565695360268e+00
5.732076975490225657e+00
5.737951038915271695e+00
5.761032502670174971e+00
5.806741427058943472e+00
5.849236783003310514e+00
5.927937401666406814e+00
5.996214488415525068e+00
6.020604307006790279e+00
6.026499395760873234e+00
5.999291336705864452e+00
5.965602845411778432e+00
5.925253581524168034e+00
5.867442926610496379e+00
5.845403505466253868e+00
5.835680314595109053e+00
5.769870650282398650e+00
5.673319895927655843e+00
5.584494974526731603e+00
5.494038280560438636e+00
5.413561372183906428e+00
5.366869431493186404e+00
5.224215664840057727e+00
5.104047914857812174e+00
4.958322050685176841e+00
4.814007624316817058e+00
4.709713028339966634e+00
4.667524087384297360e+00
4.613931199109485348e+00
4.554521485118249835e+00
4.551105185288943034e+00
4.604370004167768649e+00
4.628179005153311820e+00
4.681351879973888686e+00
4.768479822863898043e+00
4.875346672064469367e+00
4.958639533205809968e+00
5.008626550003130617e+00
5.065099000942824503e+00
5.100304190622483524e+00
5.116339112898306674e+00
5.117136070700140316e+00
5.140536627632173783e+00
5.157029585044613285e+00
5.145914997382959655e+00
5.117314621335718350e+00
5.034169054938928412e+00
5.016594571614722220e+00
5.037577499539794168e+00
5.097048366408366782e+00
5.180344963255520518e+00
5.238493949317475362e+00
5.273928151618994420e+00
5.290722044278393987e+00
5.388130163007344819e+00
5.509118308312072720e+00
5.589196170960353705e+00
5.641245014747535258e+00
5.712575151071638935e+00
5.837591734115264330e+00
6.029422343366710457e+00
6.171577604057494781e+00
6.280196309680505351e+00
6.341227921445689475e+00
6.374931586442387221e+00
6.396816897258726264e+00
6.429014206858323810e+00
6.432419867493743837e+00
6.416410529848366906e+00
6.375708472460663856e+00
6.312812419719787016e+00
6.256106494676450858e+00
6.206749957763137537e+00
6.166381842590304529e+00
6.099695779982649668e+00
6.013822274241936050e+00
5.937993422448019309e+00
5.875577509325862202e+00
5.789168022607785069e+00
5.655583903160104065e+00
5.448852277996239835e+00
5.227556694722751196e+00
5.050167185323260810e+00
4.951157668067303952e+00
4.895592435599438019e+00
4.845685961654086604e+00
4.804600548664650361e+00
4.816528507145965143e+00
4.846137983085435863e+00
4.844394601305022086e+00
4.833397296313534319e+00
4.845210646373285357e+00
4.859234998660713956e+00
4.860239017238623838e+00
4.884992960848877352e+00
4.873123073536236305e+00
4.856275554254923854e+00
4.840337853419295122e+00
4.794264192362558852e+00
4.720126782040880542e+00
4.642214967474817655e+00
4.567078355708051873e+00
4.489063602371711426e+00
4.482920812524677778e+00
4.440232898285779051e+00
4.393577852113933702e+00
4.336316568534886784e+00
4.299259329103710670e+00
4.303040192320635171e+00
4.237138436215141191e+00
4.133358023522085034e+00
4.031122155410277408e+00
4.035344988311932113e+00
4.009632994089241897e+00
3.974318620754286879e+00
3.941027884303515361e+00
3.929402590979969911e+00
3.961672578533399047e+00
4.040448537063904055e+00
4.107017736630084848e+00
4.182791041725485215e+00
4.193107840196931058e+00
4.162199450110444232e+00
4.104512729833605711e+00
3.990071972649464005e+00
3.900278020401165779e+00
3.909624482921301158e+00
3.990749015348804107e+00
4.128769156632078996e+00
4.258293822017569674e+00
4.393748752282162329e+00
4.527156606403672789e+00
4.661859011166315625e+00
4.715471392585214971e+00
4.731960594588694669e+00
4.757102740203126956e+00
4.737238753164042748e+00
4.706187256413556064e+00
4.652645617660310151e+00
4.659394496859350809e+00
4.742069917591019923e+00
4.848078250933115285e+00
4.860553950868849782e+00
4.873477588710013464e+00
4.911175614110752541e+00
4.938693086774907925e+00
4.906087101387093696e+00
4.867494173870549723e+00
4.856675339249952650e+00
4.866787203620086544e+00
4.854101967244531579e+00
4.830573490190191777e+00
4.864235950732754610e+00
4.908941560359238565e+00
4.954312120540021347e+00
5.053151681202827206e+00
5.154097465178542059e+00
5.292263162768588103e+00
5.413226468134051395e+00
5.479330602267707739e+00
5.565115525417590803e+00
5.607075304327199028e+00
5.616669504379651734e+00
5.618105038117783501e+00
5.629678805990166346e+00
5.659623843694969736e+00
5.726038782880674916e+00
5.813686177761474561e+00
5.917734352232012718e+00
6.025227895009340529e+00
6.051538922856386726e+00
6.111240209728150852e+00
6.143472496970184160e+00
6.168634023738723826e+00
6.186855828954097802e+00
6.233295285756652149e+00
6.359866100042927073e+00
6.433360648446336150e+00
6.463830780030964007e+00
6.456388926419118768e+00
6.477651982123360241e+00
6.516923527974547881e+00
6.543579415143406131e+00
6.506086798849452180e+00
6.428305746956170630e+00
6.418832493425303376e+00
6.399859833545934684e+00
6.422373961377617846e+00
6.448804277182008882e+00
6.450533241832161480e+00
6.459624742242044526e+00
6.449174477971403974e+00
6.429540045261661341e+00
6.468656917339341561e+00
6.501583352109749470e+00
6.507064910141284741e+00
6.537303669284168173e+00
6.600127976103952854e+00
6.626155265965020469e+00
6.622680070318946122e+00
6.645248144642844856e+00
6.612037739936291736e+00
6.550292804431910199e+00
6.474259739295349370e+00
6.438860561886889045e+00
6.381015343580691557e+00
6.295310626904693230e+00
6.205030064912426369e+00
6.134919229207064006e+00
6.131154093451920417e+00
6.094549968147859431e+00
6.058137062469448608e+00
5.987687536983985481e+00
5.920535239186317078e+00
5.887660725115051008e+00
5.871121554104198559e+00
5.842463549251948329e+00
5.746784486080248833e+00
5.594543177194752914e+00
5.431518349949886471e+00
5.273296366003686231e+00
5.169793093983251708e+00
5.058854257524806108e+00
4.958276189433552972e+00
4.832611997818205829e+00
4.712707053437537041e+00
4.576683323721298713e+00
4.480752569082713244e+00
4.377122689968119928e+00
4.260653474596779233e+00
4.144947202011521448e+00
4.019288770637928998e+00
3.892240132001282937e+00
3.756921506626810903e+00
3.646247918600963978e+00
3.578181733860134717e+00
3.590988073428690530e+00
3.600048633064798942e+00
3.620470955231100518e+00
3.663056140144865580e+00
3.752446952752585663e+00
3.803940443417090922e+00
3.913245418190008262e+00
3.975753522890175695e+00
4.014334959141256043e+00
4.052284822754799620e+00
4.093351582222380713e+00
4.106575498333001839e+00
4.123697215924592818e+00
4.105490580274910428e+00
4.093211476617529598e+00
4.082817704392849301e+00
4.039236850544092761e+00
3.983305911436728852e+00
3.940889084855585978e+00
3.938510913180884199e+00
3.949699341133626973e+00
3.977269921749143400e+00
4.024662455479107948e+00
4.040532513100908218e+00
4.098802804336599159e+00
4.151041206233221814e+00
4.262139761595938658e+00
4.359491197875779989e+00
4.457557797180021986e+00
4.513375401162720735e+00
4.478085634221564248e+00
4.478015359919298888e+00
4.474605914841222720e+00
4.494442012186629754e+00
4.556083169676546696e+00
4.648493491853403548e+00
4.722103237536260600e+00
4.811338711449535843e+00
4.877453320218424260e+00
4.912025440878783122e+00
4.944261171338375505e+00
4.954860678903996174e+00
4.974156399849424481e+00
5.053264210253774813e+00
5.093354891096375958e+00
5.195299534175340739e+00
5.226710106543595913e+00
5.254007433233198299e+00
5.237289781015230794e+00
5.179820120299650554e+00
5.076992362062622277e+00
4.935241690595461250e+00
4.802513821319062792e+00
4.685845402587403896e+00
4.626568431163898154e+00
4.587930115084950522e+00
4.540875520254991748e+00
4.495973656198470891e+00
4.450225274798196295e+00
4.405930481988156622e+00
4.316604758927125474e+00
4.190389857643983085e+00
4.113148124142690598e+00
4.076171224210373367e+00
4.056500743116313146e+00
4.025243813623172962e+00
4.009328013510934596e+00
3.961226373804699108e+00
3.944294712308106021e+00
3.939753015651551671e+00
3.969054657709480072e+00
3.965442518914206183e+00
3.996744268753595453e+00
4.000141642770678629e+00
4.003146473368974334e+00
4.020483473892270787e+00
3.995194602803305628e+00
3.966309611604212026e+00
3.918939070923360024e+00
3.889756470532523380e+00
3.946822514840496066e+00
4.038395421706409749e+00
4.189307426615405561e+00
4.317144881367560139e+00
4.357693899649397018e+00
4.321803978674981117e+00
4.241920163756273787e+00
4.154309830963208938e+00
4.105485455923527205e+00
4.133866710883001616e+00
4.179320437964260115e+00
4.236470808411428202e+00
4.217769585104187868e+00
4.148893688404333702e+00
4.138341970478064624e+00
4.186143180005396758e+00
4.237281463173356855e+00
4.215617054086984616e+00
4.233841960412077832e+00
4.293743801464952270e+00
4.337221224464732572e+00
4.409987620287235011e+00
4.455235232567985371e+00
4.487495069494086053e+00
4.520751631647889290e+00
4.530033955251930422e+00
4.583893408682891746e+00
4.648029331530019626e+00
4.692602848072068511e+00
4.751940339704231242e+00
4.801874524511909215e+00
4.861332829649312792e+00
4.881949229932828871e+00
4.909311256349210062e+00
4.961392074696368226e+00
5.052837280934558528e+00
5.169933830756566984e+00
5.302145099492255653e+00
5.442355110776701643e+00
5.585956134697976694e+00
5.702927970553195891e+00
5.823465944704936170e+00
5.919838452106076510e+00
6.022194897019589099e+00
6.147725571534395250e+00
6.267072738237001062e+00
6.348049053959444521e+00
6.405625920255798356e+00
6.464360646789373277e+00
6.472666043737964614e+00
6.500704594444832729e+00
6.532812903676337157e+00
6.556358639433983448e+00
6.593998787695197095e+00
6.653488023444404931e+00
6.730261318982917018e+00
6.814387876758155826e+00
6.911670709559580850e+00
7.005528510612543336e+00
7.073453879500050334e+00
7.153828664902023071e+00
7.205334372265443044e+00
7.215258741263050446e+00
7.231367154610608416e+00
7.283120006031638560e+00
7.359579375455403749e+00
7.424477694532903627e+00
7.447461092487000833e+00
7.484451204967727200e+00
7.526894690537746513e+00
7.521905120885131524e+00
7.511069956662909775e+00
7.486312800359273822e+00
7.447628378281110351e+00
7.403567593768015875e+00
7.403280596695904769e+00
7.412568519630426955e+00
7.417330063556629050e+00
7.407943055297894652e+00
7.353774374856919316e+00
7.358921570258453393e+00
7.327959796759466293e+00
7.300313738807576946e+00
7.257322052783850452e+00
7.182257802722861406e+00
7.126581838592985996e+00
7.050645663717023837e+00
6.937760261723517452e+00
6.866438100817154222e+00
6.808830327539499017e+00
6.746054047470880555e+00
6.667794362899791771e+00
6.586272902762781101e+00
6.463169696424061250e+00
6.304275266836574687e+00
6.141328741490654330e+00
5.944163481795316173e+00
5.790702900446206058e+00
5.601813020187817571e+00
5.427977100668542221e+00
5.234590504779654374e+00
5.147075105172706166e+00
5.166317106130775549e+00
5.176292526777531933e+00
5.163651333463798565e+00
5.122366157947697118e+00
5.101879000265982178e+00
5.008650805143820328e+00
4.889731992451443077e+00
4.758683688089490715e+00
4.621215679857226810e+00
4.465517167140842680e+00
4.315474051396020805e+00
4.146049579919823813e+00
3.991035609742901613e+00
3.829303514248142637e+00
3.699120255192274609e+00
3.567399403934298885e+00
3.435066160031612359e+00
3.387649280499700488e+00
3.393170687842617106e+00
3.456323026346665106e+00
3.514532936470630808e+00
3.576193968665144496e+00
3.695987741140107197e+00
3.820828716733343455e+00
3.824253045826970787e+00
3.795740762303475346e+00
3.814890520106251071e+00
3.891146305800870397e+00
3.947366036407656598e+00
3.965499066220465441e+00
3.962204950274994530e+00
4.010594485818217869e+00
3.993286808282724198e+00
3.951886083655915094e+00
3.975148591841103585e+00
3.996202056527456303e+00
4.012656112683730569e+00
3.993853577001263755e+00
3.953391616771096739e+00
3.907698816862515745e+00
3.947517904579955328e+00
3.962479428765769196e+00
3.889867159365468563e+00
3.819144846608510946e+00
3.819118091285400141e+00
3.860528423114909291e+00
3.954275731266269300e+00
4.037277078073727488e+00
4.215824268025934352e+00
4.382664762520330548e+00
4.553883895451169117e+00
4.661024367192924345e+00
4.691124918805039457e+00
4.700443655040637658e+00
4.706598790505569951e+00
4.727782864308577970e+00
4.756315030925561516e+00
4.777323877618885106e+00
4.763321266062198411e+00
4.697852748115646904e+00
4.674042909110740496e+00
4.662841491376813252e+00
4.634049589299364058e+00
4.665642018424011717e+00
4.669721415697801525e+00
4.687536955930665883e+00
4.734143452040117772e+00
4.721576810585100148e+00
4.715752714035026827e+00
4.693723379053586164e+00
4.648680685371752830e+00
4.598180730444627606e+00
4.552195684644671836e+00
4.582673378010065690e+00
4.575056415427485312e+00
4.577631480580526713e+00
4.589633475877808344e+00
4.597102063372939362e+00
4.550955883428056126e+00
4.424733955346764169e+00
4.351762981247620843e+00
4.359939554308537524e+00
4.413271538492213431e+00
4.495713906604300369e+00
4.576665633796723753e+00
4.703896322654682827e+00
4.828672934356947444e+00
4.981450268393460057e+00
5.164104198291369130e+00
5.317860695646209557e+00
5.393393182225397986e+00
5.422445550374902723e+00
5.458926595610601673e+00
5.484244770677543457e+00
5.462602563550299273e+00
5.403216449051496006e+00
5.377217007700918039e+00
5.330728030715923715e+00
5.272498847499201169e+00
5.201821149585117432e+00
5.077908183659179286e+00
4.982724858547729063e+00
4.903472661533733401e+00
4.826654025873283516e+00
4.741033788726335629e+00
4.693362073965633208e+00
4.644444139557752926e+00
4.630144030625273466e+00
4.567666579332328780e+00
4.551256328183987065e+00
4.486884130974071461e+00
4.366930148841349890e+00
4.283404798484022891e+00
4.193245146113020461e+00
4.142761432865710525e+00
4.053684640839509967e+00
4.061233089882775538e+00
4.075108195809894696e+00
4.098058298666913402e+00
4.100789772819894985e+00
4.064480563730179519e+00
4.035585380740666750e+00
4.018076374451228894e+00
4.030146678804499061e+00
4.115879736110846565e+00
4.186095401241859193e+00
4.255495877470648836e+00
4.286325636188672128e+00
4.230668594305327268e+00
4.163079571283958558e+00
4.081640061571297551e+00
4.014584011985715684e+00
3.953179637797797241e+00
4.006968027048878334e+00
4.072826443751799808e+00
4.101816565970978878e+00
4.160923548829301488e+00
4.221096366241536835e+00
4.269988349086655255e+00
4.362258766231550844e+00
4.507695799043275109e+00
4.635098951906359233e+00
4.731187480368550524e+00
4.806959602045478341e+00
4.844443933859481355e+00
4.841175401155047631e+00
4.787779237992154435e+00
4.776009859329641394e+00
4.728823084323063419e+00
4.625219519649090394e+00
4.592437568481099852e+00
4.655037109902163017e+00
4.757367945400636344e+00
4.844306839748068860e+00
4.910663614281827627e+00
4.975483372824650807e+00
5.028325442458726258e+00
5.059419734080930375e+00
5.060475318780426335e+00
4.966819464243561910e+00
4.798582882015837825e+00
4.601715091573493233e+00
4.482369764035103010e+00
4.405518623054086369e+00
4.437390373317414038e+00
4.459988941327454270e+00
4.506763391512935257e+00
4.583020335882060259e+00
4.675535560855290207e+00
4.744365512894139769e+00
4.791979910557318867e+00
4.823886379616991071e+00
4.834931492872518000e+00
4.847513595486927507e+00
4.854115602417159892e+00
4.870690858697177994e+00
4.861250922220772708e+00
4.855809049535366739e+00
4.838617841404227349e+00
4.828323870140057039e+00
4.783082069019080507e+00
4.743887818178219362e+00
4.727400655524441220e+00
4.757879165728336801e+00
4.835025177446897970e+00
4.914597056943070363e+00
4.976417090656918063e+00
5.002298937222315445e+00
5.102957895096419172e+00
5.185701073671539874e+00
5.263764405306816663e+00
5.375628427453702507e+00
5.461227897692903177e+00
5.475471536122439531e+00
5.438795873544252757e+00
5.380677447634521826e+00
5.334130205797327662e+00
5.215003841233531112e+00
5.141463289191899655e+00
5.103486802635363695e+00
5.065581299246557201e+00
5.035581825474476858e+00
5.020453508629289630e+00
4.980371507899937100e+00
4.960136722421936817e+00
4.957758019917958947e+00
4.844670441646170111e+00
4.683055048926701325e+00
4.518026393543934205e+00
4.369735339985398426e+00
4.208860327700965520e+00
4.058940794234118243e+00
3.931660266471248999e+00
3.804906912438191569e+00
3.713565658743697373e+00
3.643007215780450281e+00
3.542374285836859649e+00
3.424740539980241305e+00
3.363129601084045017e+00
3.338539416503989443e+00
3.344597306132702563e+00
3.278637920127073446e+00
3.223106483572614867e+00
3.212930078598026373e+00
3.181842367155880869e+00
3.122426472413288412e+00
3.096958427535042802e+00
3.084125159750184419e+00
3.169581647957513848e+00
3.248221508866926843e+00
3.298731557404617654e+00
3.246139517348786363e+00
3.236570104670825287e+00
3.203485531504216777e+00
3.180280130008307005e+00
3.138458529726372070e+00
3.073868812250034388e+00
3.122588402924116657e+00
3.105820126637424128e+00
3.039963976923202083e+00
2.922513343953323961e+00
2.840014696577640940e+00
2.807561013603294686e+00
2.863372638495483624e+00
3.004416345599945970e+00
3.200104353964924542e+00
3.412016344404479984e+00
3.659405806855831056e+00
3.882927296466413214e+00
4.087185239519494750e+00
4.254398287604089113e+00
4.427935793937033182e+00
4.519294945363092175e+00
4.612111208828812536e+00
4.679988941557858162e+00
4.743905012479439520e+00
4.745757290719119226e+00
4.744475921661811313e+00
4.721796613038391044e+00
4.736649329996573066e+00
4.736430313850616081e+00
4.685082893736993270e+00
4.579167304423204854e+00
4.486870444031091587e+00
4.440666178557119537e+00
4.438229765722873310e+00
4.487396928938577112e+00
4.508901896895652683e+00
4.533671978160472626e+00
4.610011699046368427e+00
4.648329638315924939e+00
4.722798403919325594e+00
4.740893432762785409e+00
4.703661490282595281e+00
4.685391047571644485e+00
4.706878495251229033e+00
4.743576843208900939e+00
4.774663062420609450e+00
4.799657923447739449e+00
4.816873008200270867e+00
4.828576786643827390e+00
4.821992690981523388e+00
4.890955999499740692e+00
4.941596522120956791e+00
5.003114967854743078e+00
5.069142000117198066e+00
5.088293274121557630e+00
5.124841946279785176e+00
5.198073455771927698e+00
5.287178291314207357e+00
5.397100475365909311e+00
5.482361998226223498e+00
5.490503344278736542e+00
5.572602107814483396e+00
5.638915347815678381e+00
5.704476288549552798e+00
5.708885038042078364e+00
5.721614251310822574e+00
5.732940376490038403e+00
5.695362368807970199e+00
5.603755699717291705e+00
5.543911691204158387e+00
5.556480190852039591e+00
5.558062251774693152e+00
5.571250026421286528e+00
5.558871591914623878e+00
5.599951535566948024e+00
5.676347254724971592e+00
5.768587928441132995e+00
5.896988538806615665e+00
5.973615336079766358e+00
5.935615988182464164e+00
5.860025925220027965e+00
5.817669454183668876e+00
5.763359128659216957e+00
5.687183457490722738e+00
5.627736917694998731e+00
5.507837507430410007e+00
5.415502373996070595e+00
5.335794722190933648e+00
5.319473968938237540e+00
5.278552980450139209e+00
5.181804997249503053e+00
5.096209370706894504e+00
5.006019644988858097e+00
4.972559130155960183e+00
4.948760270490757840e+00
4.936629794273352800e+00
4.958426255310198094e+00
4.994483057309597740e+00
5.042268272679554464e+00
5.033218542701518139e+00
4.989808820641704834e+00
4.954078442195016585e+00
4.897754432843349548e+00
4.839095011625047071e+00
4.833146504404043142e+00
4.840544663195762709e+00
4.840087702989335661e+00
4.890099186759305994e+00
4.962925893334934280e+00
5.070069095387086833e+00
5.166466581922554369e+00
5.221438386868115344e+00
5.274128328867761617e+00
5.336566083780887482e+00
5.363778187929516328e+00
5.390714535959650888e+00
5.360324958573550624e+00
5.342999694181460590e+00
5.303981338576565285e+00
5.263647208516807119e+00
5.221396607028450987e+00
5.163175310519485528e+00
5.134509069270326798e+00
5.050832526687910828e+00
4.943233154495356274e+00
4.862126886139912507e+00
4.800543695105844222e+00
4.740382923273081417e+00
4.784447617691871102e+00
4.823635371121362425e+00
4.820184804976759274e+00
4.788003996886047275e+00
4.752907110332850849e+00
4.786044773880640868e+00
4.872727881110654913e+00
4.951446444139401493e+00
5.057834266794082545e+00
5.129268429484632463e+00
5.187713354326352722e+00
5.251199955622185556e+00
5.314829038105068015e+00
5.373665343053711574e+00
5.381121467739538922e+00
5.360373537862196613e+00
5.324518808217640675e+00
5.292641971253094546e+00
5.234593138375081445e+00
5.160497748599559564e+00
5.085642883731928521e+00
5.000120578881266376e+00
4.895044752030702107e+00
4.767886827531195415e+00
4.660175597866303754e+00
4.615896187465550859e+00
4.622769768204269880e+00
4.636972140483418769e+00
4.652873272030199736e+00
4.709144107293243842e+00
4.720017490643988900e+00
4.720312622623676901e+00
4.722487896994444156e+00
4.759015162238743990e+00
4.866362279762718401e+00
4.976547941331049607e+00
5.068376128909109823e+00
5.202193997126252967e+00
5.336268997916374879e+00
5.425461425320164288e+00
5.502219068754955700e+00
5.563299996155520510e+00
5.614304175687008680e+00
5.685002160426209983e+00
5.758802314365697228e+00
5.849383698027207146e+00
5.902525810018525831e+00
5.958944389799374797e+00
5.955254838314830934e+00
5.947253237472531318e+00
5.917722859515468947e+00
5.824802755231196727e+00
5.745045297999237910e+00
5.648222748682561800e+00
5.591366990324635466e+00
5.575030056918736321e+00
5.617564617106392433e+00
5.635940412968494684e+00
5.619990875249420093e+00
5.624590781613113322e+00
5.656709395312113919e+00
5.660455650741208267e+00
5.654051121206971509e+00
5.656481009720986997e+00
5.671877834201992208e+00
5.689154356579866345e+00
5.712512445724984289e+00
5.707891899415463932e+00
5.759118117416511140e+00
5.791543633816677250e+00
5.806213545991720792e+00
5.853192591296483727e+00
5.876322564297515427e+00
5.878012511755146718e+00
5.845453140112611301e+00
5.785974687166729247e+00
5.747530354032881483e+00
5.711621338442948392e+00
5.654737454442476441e+00
5.628688223895472298e+00
5.664222031587495820e+00
5.658327173548859612e+00
5.628628325909732943e+00
5.553339612183410878e+00
5.373392568464683272e+00
5.152981199561104120e+00
4.906591840580158070e+00
4.739135185264628625e+00
4.612427729634245743e+00
4.457611405297537743e+00
4.248898757702174400e+00
4.043018822883473362e+00
3.943817868806346105e+00
3.824713538158196702e+00
3.771293993078129958e+00
3.750882545439529370e+00
3.769739187534338676e+00
3.780346201592873268e+00
3.802069963930986063e+00
3.767450222360319678e+00
3.730834546154963682e+00
3.718479548264006951e+00
3.693637109582100564e+00
3.708216592245506149e+00
3.750054182120743373e+00
3.761442016788028475e+00
3.770105218629977717e+00
3.831481229197069016e+00
3.905400018169879139e+00
3.971447934117956713e+00
4.013387951188302161e+00
4.068803265581077966e+00
4.079398933079976253e+00
4.072062995263088681e+00
4.129213752502690404e+00
4.153713548128814992e+00
4.192190994777265090e+00
4.281008342579791126e+00
4.447921909148948139e+00
4.686729651863284829e+00
4.880453815455449096e+00
5.065941339667799248e+00
5.194330629237356334e+00
5.313760203263683479e+00
5.404187996823664797e+00
5.504585040236198878e+00
5.593531592434596078e+00
5.648413463221189090e+00
5.702039308754055291e+00
5.781095974134927928e+00
5.872654962887412289e+00
5.913227538257595839e+00
5.944540520426203400e+00
5.958344204421164747e+00
5.996172100738684563e+00
5.993209844099855133e+00
6.038888052489435054e+00
6.036114122121244208e+00
6.006436679537046963e+00
5.921961808478776845e+00
5.788608983033877387e+00
5.652072211557068293e+00
5.555887241029461521e+00
5.483831776869792840e+00
5.472390150884621107e+00
5.461229805618152966e+00
5.441639898410974396e+00
5.403369815522627739e+00
5.361990488168203228e+00
5.327972563260484407e+00
5.292374970687526492e+00
5.270333863470046509e+00
5.275880055614401876e+00
5.272306129122602769e+00
5.308339519854790467e+00
5.341124180917245390e+00
5.401060487625503725e+00
5.395115009631862080e+00
5.385390660714686639e+00
5.382317893141522980e+00
5.432109183411320430e+00
5.497358333949155629e+00
5.596220840379684702e+00
5.655182963923220285e+00
5.627470799890117448e+00
5.506506882784496959e+00
5.303072938701259176e+00
5.159792867626443957e+00
5.038116088845596252e+00
4.832385668884044527e+00
4.656970013218577620e+00
4.549289457416882954e+00
4.511165902613880618e+00
4.509954611396807422e+00
4.439563496684417743e+00
4.421179599410516303e+00
4.479010865173999711e+00
4.610079482301953746e+00
4.718832245812948578e+00
4.815378577110322134e+00
4.880263108192726129e+00
4.998948334365572066e+00
5.059652549907197816e+00
5.056034691946131865e+00
5.046832422526810191e+00
5.023931421952184451e+00
5.046631448739755221e+00
5.085302992461426363e+00
5.071596651735220007e+00
5.067066893762811830e+00
5.146430704776488341e+00
5.222068584543900549e+00
5.245705987320364194e+00
5.223327745143091505e+00
5.224184033668099580e+00
5.231824832742107745e+00
5.191319022340250555e+00
5.167522224639398587e+00
5.176962217827459689e+00
5.244472229225590532e+00
5.321861223837730748e+00
5.336044756724931837e+00
5.281238848013741105e+00
5.216334348453143477e+00
5.203725634454170468e+00
5.252719011406433047e+00
5.283277608672254821e+00
5.296919371380831798e+00
5.336513097915585924e+00
5.428985809356771775e+00
5.478952354076167097e+00
5.528772655639613731e+00
5.598130137605452639e+00
5.656490248915445385e+00
5.691016828469816602e+00
5.658018781486195969e+00
5.641106763332272678e+00
5.639413522703980775e+00
5.593387098256531687e+00
5.535371350781186806e+00
5.417035951076965894e+00
5.290881452298101806e+00
5.204815090424265378e+00
5.091755133846811887e+00
4.934950411251920244e+00
4.781784810572615285e+00
4.702094231761166476e+00
4.683272516566394650e+00
4.596781503615670950e+00
4.482489249169792522e+00
4.390407445159439703e+00
4.286871196630711367e+00
4.250787533831003273e+00
4.233789106319901130e+00
4.210408493284706566e+00
4.173474426185785902e+00
4.058323565453529902e+00
3.974386280358816581e+00
3.880660171170741801e+00
3.796923984262083440e+00
3.707461598944988612e+00
3.605086361019572472e+00
3.566132058181735065e+00
3.572012999705829195e+00
3.627622046328371486e+00
3.717822991616570150e+00
3.820635777156415447e+00
3.909157446712112183e+00
4.011024271272479957e+00
4.046742501472594178e+00
4.029221530562510090e+00
4.054200874090298612e+00
4.145114527978701169e+00
4.284338171379379112e+00
4.408380950103961915e+00
4.510663996083554395e+00
4.525255556511162958e+00
4.509211387566513629e+00
4.476800654419562875e+00
4.400273240186484358e+00
4.348601742954428140e+00
4.347532768956456017e+00
4.413607747342986443e+00
4.471536286251602377e+00
4.481449745515418748e+00
4.499529623125431144e+00
4.524811068572360817e+00
4.553043684689606074e+00
4.571755522986392428e+00
4.639923085006623538e+00
4.697747110443985186e+00
4.757659488193209718e+00
4.806214867168593585e+00
4.830795408347293929e+00
4.819177265747407013e+00
4.770043315669061812e+00
4.767664046327410254e+00
4.796395769614247406e+00
4.845319381721251872e+00
4.914040975307707448e+00
4.980804389738389126e+00
5.037774319688241853e+00
5.075572246337411997e+00
5.142876509589249245e+00
5.269419291523999682e+00
5.392295651674961832e+00
5.525023856607507611e+00
5.703704454156754977e+00
5.865423421721225772e+00
6.014238438652486529e+00
6.136281526983012213e+00
6.273357547559630376e+00
6.366742493278232828e+00
6.389095610265918879e+00
6.403039156292878786e+00
6.407542581034869400e+00
6.382236382241612382e+00
6.364870172537851367e+00
6.346909512677484599e+00
6.338249673668914674e+00
6.306859000222565292e+00
6.236047114003783420e+00
6.173164145123760882e+00
6.091437220986401613e+00
5.992436940629982445e+00
5.901302866354508403e+00
5.868707094907795074e+00
5.790832300521218556e+00
5.734091863277960499e+00
5.721593516020154091e+00
5.736046995526976389e+00
5.782847042587181186e+00
5.897507760822855438e+00
6.008615469265372155e+00
6.084029157310826719e+00
6.155839132377327161e+00
6.228389244148705650e+00
6.290454354567051709e+00
6.269783487284757761e+00
6.212130895713097622e+00
6.034618665563856510e+00
5.818044392768349837e+00
5.594507764585129550e+00
5.449418307378382842e+00
5.357692002203663151e+00
5.318095138100775721e+00
5.300275678018860681e+00
5.348362945501150101e+00
5.360046229184957767e+00
5.394791652221758049e+00
5.460323202382816987e+00
5.567084754704305638e+00
5.611298261344326299e+00
5.648163082472398955e+00
5.726630064265254560e+00
5.847413788010579871e+00
5.930221919562594479e+00
5.968525682204532501e+00
6.051115379945006367e+00
6.142267301058429219e+00
6.251848079684425130e+00
6.315207203502779976e+00
6.339102719823583421e+00
6.378611082889115380e+00
6.449052033845058318e+00
6.565410032049694422e+00
6.659762848282108294e+00
6.695148584094912536e+00
6.699311370996618109e+00
6.653415590077077724e+00
6.570776384838823425e+00
6.469382671750829594e+00
6.385371955142621125e+00
6.314052170417176590e+00
6.302252243087883343e+00
6.304415232434234184e+00
6.315149823450656896e+00
6.306750155223296517e+00
6.275511879100315937e+00
6.278614442775429794e+00
6.302267896871314612e+00
6.314812444896326760e+00
6.317242440765141964e+00
6.298476648329583760e+00
6.293417364346731269e+00
6.322144563552723362e+00
6.309329946548555057e+00
6.272498126056853529e+00
6.200581677718088436e+00
6.122794350574200628e+00
6.134509117526167898e+00
6.124974444146081609e+00
6.067067121909336613e+00
6.023750371849900809e+00
5.972116936657136499e+00
5.966418995753115517e+00
5.977958680635902411e+00
5.993350843856622312e+00
5.951500006359124129e+00
5.960113011057511123e+00
5.972878174875186019e+00
5.987293650554195601e+00
5.973330482558981913e+00
5.971760991561203546e+00
5.950160776964288800e+00
5.920136422794209707e+00
5.868105605848151107e+00
5.803825585752590221e+00
5.758772917936381575e+00
5.748056058435524029e+00
5.722764849382381058e+00
5.669477660584769652e+00
5.581551079137935467e+00
5.509444025218189545e+00
5.386884405438126855e+00
5.239616470952651817e+00
5.122831142236924151e+00
5.053546867918264240e+00
5.013120548812037391e+00
5.001451208164228390e+00
5.014185304094636919e+00
5.034400690418870283e+00
5.085840427724898305e+00
5.173453741362949998e+00
5.244949136158093772e+00
5.280160437582376964e+00
5.339569976606552970e+00
5.396053555985645289e+00
5.434901244266506559e+00
5.428529916203531869e+00
5.358674773442732686e+00
5.242481629209741811e+00
5.119267979178596661e+00
4.955013068000271304e+00
4.750205485302871899e+00
4.560087729404440182e+00
4.384077853428368421e+00
4.314211791194471068e+00
4.292119021624125175e+00
4.258887069726725372e+00
4.254364932196756044e+00
4.255000691609534869e+00
4.184213352256173302e+00
4.116520268990025322e+00
4.001828379128530955e+00
3.901090852851662127e+00
3.839901864070809356e+00
3.784656712049303540e+00
3.719455470941186448e+00
3.658413730628718330e+00
3.581644574123412195e+00
3.476200797962408107e+00
3.422541184826525029e+00
3.406437031982555652e+00
3.349426493076137934e+00
3.328115913882242261e+00
3.338176832992169718e+00
3.338292451359555102e+00
3.335733861394338362e+00
3.328341892425840332e+00
3.297011764027507397e+00
3.253395336305203500e+00
3.264549902013859750e+00
3.281309304435631624e+00
3.300767566361494598e+00
3.363613910589361655e+00
3.395960680841200841e+00
3.382535896137468967e+00
3.440060754231191620e+00
3.514107179733679587e+00
3.527566132133642451e+00
3.497738589403509568e+00
3.500195688684407003e+00
3.486723753719407348e+00
3.509188986799190335e+00
3.514368139727723772e+00
3.524146664795419159e+00
3.537945511514249741e+00
3.574766332685801462e+00
3.540775539706363606e+00
3.481313152601468452e+00
3.391198000769347409e+00
3.262324177992429686e+00
3.167518648105140500e+00
3.203674617932781743e+00
3.247343100653921955e+00
3.307443127264278360e+00
3.315788925036055712e+00
3.288548476398313269e+00
3.256408675063390490e+00
3.146945063389400499e+00
3.111922871254825473e+00
3.063946802340388853e+00
3.050585915303360540e+00
2.970884164613225575e+00
2.988010403084166544e+00
3.068005480915072525e+00
3.196246065432274630e+00
3.332175891917648070e+00
3.432212863985189877e+00
3.578303923260259811e+00
3.687511004296523343e+00
3.813891913685473423e+00
3.953790998043839711e+00
4.046509882408329872e+00
4.089555254130024409e+00
4.132662974423597646e+00
4.148051317248906855e+00
4.166030992034353453e+00
4.233800680680488426e+00
4.267951481803467395e+00
4.227031851043275168e+00
4.155632873144600836e+00
4.204999556448177245e+00
4.262589473619871505e+00
4.277488343520388980e+00
4.270003505284777567e+00
4.345723098137820983e+00
4.444008898364942617e+00
4.526601886761696392e+00
4.558211693636446071e+00
4.533830367199432665e+00
4.439390011689592797e+00
4.314116415617411882e+00
4.195326961576967939e+00
4.072046926362310693e+00
3.951279512974998465e+00
3.894428173844385555e+00
3.828152328155491002e+00
3.735002767203310370e+00
3.648386303481086390e+00
3.577758102182170497e+00
3.522851880474433095e+00
3.486084104687147800e+00
3.512773149305615128e+00
3.560060920873532986e+00
3.563311150521602411e+00
3.537057074783684474e+00
3.521160092040649392e+00
3.535704395558716850e+00
3.566736692902925832e+00
3.598166807693220726e+00
3.607092657999551033e+00
3.556958813404185182e+00
3.599209518954326281e+00
3.591839025649682604e+00
3.610806852355358476e+00
3.704015607124376608e+00
3.773059485247445721e+00
3.795037126974244224e+00
3.767854615918137640e+00
3.723245705114067050e+00
3.663844084160377435e+00
3.610197352463474285e+00
3.550139086407735789e+00
3.503521809863532344e+00
3.438755168830025966e+00
3.375395819647442952e+00
3.258756509775482701e+00
3.177310924127365599e+00
3.133192930336443638e+00
3.084953082044366024e+00
3.062057130467944255e+00
3.039672239873898896e+00
3.018556079414319804e+00
2.995897181023404521e+00
3.043954349456622577e+00
3.210224318912174191e+00
3.252980477483073063e+00
3.233600456094327225e+00
3.329373984961911503e+00
3.296769287742871146e+00
3.175157238852180708e+00
3.032424416755362895e+00
2.894046836455526073e+00
2.860451781594171905e+00
2.888349995417851979e+00
2.938521581714872877e+00
2.993315431497696633e+00
3.010878240364144087e+00
3.054119491777640860e+00
3.152188702811677512e+00
3.242043909753046460e+00
3.299756402164668589e+00
3.349060918048329061e+00
3.460753365671616066e+00
3.693729967933551350e+00
3.874552011141299435e+00
3.993867821149495345e+00
4.048925781191281104e+00
4.081384885555688236e+00
4.161382763322972522e+00
4.288142990576157665e+00
4.439055402104647108e+00
4.533435375810618950e+00
4.577361001618776015e+00
4.579728627238623062e+00
4.581573452428705728e+00
4.563588139252812148e+00
4.567988575830107756e+00
4.557173933471739602e+00
4.515442632410687551e+00
4.484537212697902397e+00
4.473333616636177013e+00
4.536364401479802133e+00
4.609529158634466661e+00
4.659044955409726185e+00
4.673628453182613107e+00
4.739923265680666020e+00
4.721442819238402144e+00
4.658114092283611285e+00
4.616372269646745963e+00
4.626691928341808868e+00
4.676063532813990342e+00
4.710107637365938515e+00
4.753251373331616847e+00
4.802392731846492069e+00
4.851550664744471497e+00
4.909928516277198618e+00
4.994187011580539348e+00
5.108515131517101793e+00
5.266421508060237677e+00
5.308592630027357373e+00
5.371885478134452718e+00
5.430741034013254698e+00
5.468775107131765623e+00
5.485798357773269629e+00
5.535029391057580739e+00
5.622026994870150673e+00
5.734391280589796303e+00
5.794137648835264720e+00
5.815671205509223007e+00
5.855596198035941669e+00
5.899505047569956417e+00
5.945650258652161568e+00
6.055979290479279520e+00
6.213703343645803123e+00
6.358417935604967042e+00
6.497971835518744577e+00
6.596813033608047938e+00
6.705790461082396625e+00
6.841755351010495367e+00
7.014063159341446863e+00
7.181242920926091955e+00
7.295146865270756287e+00
7.342890088782872304e+00
7.344545284357065107e+00
7.374794519871976206e+00
7.441695244298394130e+00
7.449080872801326692e+00
7.421337344982113393e+00
7.408702181873619175e+00
7.377046650728172672e+00
7.335279414677186693e+00
7.261916369849395814e+00
7.167275311958833939e+00
7.057444107144617895e+00
6.931466254316807074e+00
6.828581666432405939e+00
6.742765799234033075e+00
6.602652682261489048e+00
6.448100000301479895e+00
6.246249866511266013e+00
6.032531830550976970e+00
5.830331975034996894e+00
5.657065859563259025e+00
5.483650457015904145e+00
5.295672367581659046e+00
5.192173844210758560e+00
5.129064907294172748e+00
5.083275487575723339e+00
4.982938613004106898e+00
4.886859109695514292e+00
4.768524634715274324e+00
4.637019773678471957e+00
4.560529007362100984e+00
4.534614953723555608e+00
4.541054035272249934e+00
4.569194430428259679e+00
4.623150425167632527e+00
4.655406896737702915e+00
4.684266872323163966e+00
4.724655917100191616e+00
4.852317063867993774e+00
4.973458481510419915e+00
5.077221410526298939e+00
5.166227751663369006e+00
5.207082524974237181e+00
5.186015232134077557e+00
5.180656675550837420e+00
5.193752741102125370e+00
5.255637723111636461e+00
5.351317541880098005e+00
5.373020890008845640e+00
5.426041505589544123e+00
5.479650307862779179e+00
5.602859685372083121e+00
5.718537033475308284e+00
5.821636640001569774e+00
5.936355617910378690e+00
5.999265228147319107e+00
6.023030715021464587e+00
6.035404344950456412e+00
6.053750411248611130e+00
6.097278054926730917e+00
6.125075803375312766e+00
6.151661920743170420e+00
6.170139488041199272e+00
6.215225540805398019e+00
6.278212666950146570e+00
6.381407742752189804e+00
6.489629507315375356e+00
6.561747524479318194e+00
6.591503319708718500e+00
6.596488283726734458e+00
6.602202292145094020e+00
6.618308532700511115e+00
6.627632732871118648e+00
6.619227292233678561e+00
6.592692330723081362e+00
6.576977372647639264e+00
6.544993496146851442e+00
6.503912900156131549e+00
6.477241599382130843e+00
6.453041725425846309e+00
6.398758591962438125e+00
6.348881499942673479e+00
6.307032261810863183e+00
6.283761266277167579e+00
6.270272319908877456e+00
6.268064861160082657e+00
6.276049658854136126e+00
6.284407348790703729e+00
6.273990894039593869e+00
6.245312351122579209e+00
6.241456860795931760e+00
6.215884892671917683e+00
6.236731245677392899e+00
6.249118064681664642e+00
6.232409103905174774e+00
6.217654209114138908e+00
6.222053235014319839e+00
6.267929887217817075e+00
6.322721579506729306e+00
6.393078797620136200e+00
6.472629129073565579e+00
6.574548248801471040e+00
6.689446037730307992e+00
6.785810522670284506e+00
6.865576649396581743e+00
6.980626748529555670e+00
7.107380681721645388e+00
7.247106329171684180e+00
7.347652282337672425e+00
7.404768233864420068e+00
7.464528452293072824e+00
7.486250662085224050e+00
7.415143429177635248e+00
7.358461319773646814e+00
7.284489048032813052e+00
7.164330962546724635e+00
7.059085711988054790e+00
6.975554264612330968e+00
6.924515167307511376e+00
6.869018218551659061e+00
6.792392275508910338e+00
6.743778762816154959e+00
6.720199907715678656e+00
6.660046956989257971e+00
6.631439504312346855e+00
6.640511159987978473e+00
6.636871206701465908e+00
6.667152586684770732e+00
6.679626365434377711e+00
6.680994544862659978e+00
6.695738640040727496e+00
6.669170355439888453e+00
6.612914068416972491e+00
6.582037688072214898e+00
6.517788337530844522e+00
6.441012311075948737e+00
6.376791888348605220e+00
6.335596745317880085e+00
6.299055447121633122e+00
6.254047490834945933e+00
6.254411830668015426e+00
6.284698014335341476e+00
6.353769354428946414e+00
6.431698425540771424e+00
6.512343770933679110e+00
6.584898260638587963e+00
6.653500437926331834e+00
6.761228005704432498e+00
6.882255878807781002e+00
6.972220780635189463e+00
7.038906632613615599e+00
7.048418177117964589e+00
7.072963596986818757e+00
7.099629022930781908e+00
7.132175055380507445e+00
7.122097374953925808e+00
7.099773844315275362e+00
7.116380123823569548e+00
7.163599586127434193e+00
7.200251077593645022e+00
7.254135639519744494e+00
7.280647486559200132e+00
7.285715661081623828e+00
7.261565810872954607e+00
7.193186927045936763e+00
7.123562985730282016e+00
7.070895162690967517e+00
6.986106653424565494e+00
6.944846369322943858e+00
6.867451922722315416e+00
6.808229339072257247e+00
6.719885746321617503e+00
6.572568874170761077e+00
6.380717321455105839e+00
6.200341054311707012e+00
6.065548735325181795e+00
5.937607108922065891e+00
5.847525240859496876e+00
5.783648988571303384e+00
5.736954332517791855e+00
5.656675747116252317e+00
5.541444647994925532e+00
5.372351226088488474e+00
5.165401605912000704e+00
4.975433599084726488e+00
4.868750655204483024e+00
4.810798819024767248e+00
4.811873321549634319e+00
4.819341250192323400e+00
4.790992844190344435e+00
4.746403064655940973e+00
4.721219350778534718e+00
4.572307279405717573e+00
4.461640007007308562e+00
4.430455208889649832e+00
4.427970800152524866e+00
4.460713207850266926e+00
4.482839063512699340e+00
4.444449441236521636e+00
4.409054319667938593e+00
4.416200382182473128e+00
4.421539880692436419e+00
4.411071408767972990e+00
4.379661227621378217e+00
4.351764892131467555e+00
4.380924753364997315e+00
4.387512747586644224e+00
4.377947618763177395e+00
4.407031430820957496e+00
4.403376217800974324e+00
4.398710686630304068e+00
4.377530161699037414e+00
4.389228922764530694e+00
4.358383124692274180e+00
4.312544611884448820e+00
4.239836631538087985e+00
4.176571374917338986e+00
4.106285879187692167e+00
4.052881620592740930e+00
4.094383214575670671e+00
4.110141080843301431e+00
4.153670296020181674e+00
4.112495598651017659e+00
4.105031871010255351e+00
4.150065586362502223e+00
4.219301336443316508e+00
4.306963052135123426e+00
4.422719371114982145e+00
4.515086417273022512e+00
4.583623083021786115e+00
4.662777023114231589e+00
4.680383498768749817e+00
4.593779964175545238e+00
4.457297328826355098e+00
4.307607005345135853e+00
4.228147604116330172e+00
4.164848045624728989e+00
4.074166815303912337e+00
4.022864566173704581e+00
4.000586179053628122e+00
3.901757752413602010e+00
3.823368914725691514e+00
3.788238580079030804e+00
3.789557636931989659e+00
3.784780851821214931e+00
3.823156204502756061e+00
3.836840346180133032e+00
3.901624540512759864e+00
3.934249512006387395e+00
3.986989701194133762e+00
4.093226923137057049e+00
4.170296401760737126e+00
4.205576640525858778e+00
4.276467875568340737e+00
4.369448098501850453e+00
4.508824237098345122e+00
4.597540521758666898e+00
4.693271197826318186e+00
4.753525424332056382e+00
4.712638635046463520e+00
4.681088875188802234e+00
4.759476408598735553e+00
4.826003119070387370e+00
4.885917412176159047e+00
4.937653975082875846e+00
4.950544229058960966e+00
5.025252704200359410e+00
5.073943048647806542e+00
5.169688563221036759e+00
5.285919298131704913e+00
5.358501201237062972e+00
5.456189641594582973e+00
5.561135822301610965e+00
5.617135703569164917e+00
5.649617397914665773e+00
5.705589534533330287e+00
5.733474949091202255e+00
5.746887922723914244e+00
5.762659466250025453e+00
5.792937700832277770e+00
5.814705929338344959e+00
5.821954509435863123e+00
5.856420950748100651e+00
5.827008849242953481e+00
5.798741576662859387e+00
5.828047773429069878e+00
5.918516146366207487e+00
6.014742472539083451e+00
6.083567262085714411e+00
6.132663721078031038e+00
6.148226693893712458e+00
6.168751908643723247e+00
6.157668819820437456e+00
6.110246807573313177e+00
6.049728319716599856e+00
5.940553023741692584e+00
5.816606114959172125e+00
5.702646006866523010e+00
5.550702749853082985e+00
5.389737214398176768e+00
5.239229425179952493e+00
5.072313456943457588e+00
4.952502330033822453e+00
4.899948469989907629e+00
4.814290662432722634e+00
4.720781353676080094e+00
4.583511146126020286e+00
4.458601880379435833e+00
4.340961966908922776e+00
4.200049862516372912e+00
4.072633481186824334e+00
3.918820176297983071e+00
3.729977721286158676e+00
3.553792129009633705e+00
3.393665624036049877e+00
3.318829204628995999e+00
3.284833203880121566e+00
3.312006978726373951e+00
3.356738212062274407e+00
3.425490009632348176e+00
3.480442991219423909e+00
3.507558971616874466e+00
3.531644563846578766e+00
3.594700484984446831e+00
3.627837416363884682e+00
3.683550492011294697e+00
3.783571311495671718e+00
3.921564869858336522e+00
3.946940792512315888e+00
3.926223638085558854e+00
3.909037055689764451e+00
3.868735070770921158e+00
3.857011759832318809e+00
3.866195487513885087e+00
3.853749054893679027e+00
3.838254373294516686e+00
3.859700081868509880e+00
3.885660277892688530e+00
3.883917742545222040e+00
3.838267022707269049e+00
3.830321640678537864e+00
3.811168013744016037e+00
3.795148852999695066e+00
3.751908618451385458e+00
3.773390252324432481e+00
3.762695014689839912e+00
3.753290393261777158e+00
3.748943104287217221e+00
3.802225761128184889e+00
3.824853064174151829e+00
3.774498307043610001e+00
3.732162250830895367e+00
3.664712942712457622e+00
3.587608823841497596e+00
3.612741262348821980e+00
3.661151577798195778e+00
3.665089061622855748e+00
3.725900798055907348e+00
3.833081325664183137e+00
3.913366169432708652e+00
4.006365199978867864e+00
4.096333004311259351e+00
4.142137999417671246e+00
4.173090472080987823e+00
4.165226249033855410e+00
4.194481525759739426e+00
4.199283327355658457e+00
4.196762376728101707e+00
4.204790679530869824e+00
4.187576626494488252e+00
4.152980222672165489e+00
4.152478845366334603e+00
4.174893049618245477e+00
4.288187360101207268e+00
4.396724529568468931e+00
4.402192692479023783e+00
4.387926008517261778e+00
4.371350750078418557e+00
4.359344666572127380e+00
4.312656629095815042e+00
4.282847804556674021e+00
4.239920761774287783e+00
4.213753876576757484e+00
4.225874939543412978e+00
4.197699803808660590e+00
4.164353727170657216e+00
4.165953766858114804e+00
4.188317257825479700e+00
4.266873732079154991e+00
4.358182987692242882e+00
4.380620664964592237e+00
4.354564127641876503e+00
4.339849380054093153e+00
4.359276829960879951e+00
4.388603932616301329e+00
4.474872973713766910e+00
4.584027104269952524e+00
4.582242549046925184e+00
4.586187556248044750e+00
4.634712311055075418e+00
4.661409737615281657e+00
4.702229134222494444e+00
4.722590178812995809e+00
4.725068826865728155e+00
4.751322326319772138e+00
4.774247647008770912e+00
4.723380894826948229e+00
4.632737424056429631e+00
4.507604692799684010e+00
4.407030832461526160e+00
4.345891827119305439e+00
4.294070776078190654e+00
4.243498144903709246e+00
4.185629786091312532e+00
4.193553184327084793e+00
4.237078980193341948e+00
4.229921502696541324e+00
4.180222620768635267e+00
4.265944753146031054e+00
4.335854925105082636e+00
4.347503180731496997e+00
4.298902150647442966e+00
4.246336139238080065e+00
4.206732217316136335e+00
4.102561651713824808e+00
4.044332492011742275e+00
4.025181943458388645e+00
4.019661377501453359e+00
4.045800952183053134e+00
4.072198295664163581e+00
4.092561340859219854e+00
4.145893104365952375e+00
4.173797550238672827e+00
4.225468078483622492e+00
4.244267412226945702e+00
4.260904943949656243e+00
4.224372489303569012e+00
4.195435694411130179e+00
4.174992688968486299e+00
4.260649521815877527e+00
4.378038999897606587e+00
4.436364241088445404e+00
4.455551421452273786e+00
4.465763445054919067e+00
4.530295343785791573e+00
4.603681433793233246e+00
4.628821058032090541e+00
4.636086492969668349e+00
4.658400895102797534e+00
4.632278958819651571e+00
4.576989475507770244e+00
4.511478351481768456e+00
4.475167429736864655e+00
4.486801012760814444e+00
4.538570305124638438e+00
4.597806866586394925e+00
4.620489800097861810e+00
4.624472255281128596e+00
4.550594892444796535e+00
4.508904898182693799e+00
4.516038486939458529e+00
4.548243783973337173e+00
4.588372724579496520e+00
4.627254784070701454e+00
4.630149089740215551e+00
4.643626107575102857e+00
4.726095099542686917e+00
4.799667822488338231e+00
4.924045827983887236e+00
5.064602680893293574e+00
5.185763913175825301e+00
5.240989817789780680e+00
5.346761656689056785e+00
5.452822402348886932e+00
5.522236405792991576e+00
5.562801430166845584e+00
5.614523774300515413e+00
5.636756462584999738e+00
5.630984157902298115e+00
5.634695239828881874e+00
5.653084827452238059e+00
5.616270458775411534e+00
5.566009380706506526e+00
5.524745234063663801e+00
5.474575929131492380e+00
5.504062230812508005e+00
5.550540601506773086e+00
5.565168663192900489e+00
5.592838151919794498e+00
5.635006663952699668e+00
5.674982529359134276e+00
5.705826692495243435e+00
5.677504275603824979e+00
5.649527850821873365e+00
5.609212289298266541e+00
5.583812548211790627e+00
5.590831438608364401e+00
5.603738718453809220e+00
5.671424875981500691e+00
5.719513959451527185e+00
5.720338876347868862e+00
5.657689596585641745e+00
5.612314435589243367e+00
5.534274283708103148e+00
5.425516636658956671e+00
5.334052202272864918e+00
5.277327702967207657e+00
5.221117971957476733e+00
5.149445403486545558e+00
5.099687913699508357e+00
5.018783739939528310e+00
4.914286908249207109e+00
4.842535125950631958e+00
4.772904795176392767e+00
4.705388883058371441e+00
4.665498558723156108e+00
4.618628980073240520e+00
4.556195474100549703e+00
4.498932787244823928e+00
4.450758148988064100e+00
4.448378059946720420e+00
4.460718544284937082e+00
4.515614310084060889e+00
4.544828977076385890e+00
4.609468556201097300e+00
4.694723825599163902e+00
4.817793903181557091e+00
4.921831136029659604e+00
5.039633263750902259e+00
5.153454402741295404e+00
5.240694156803594517e+00
5.254421076126019052e+00
5.249490311020027278e+00
5.272394023195480450e+00
5.295685903237890457e+00
5.339358179540774074e+00
5.407124683824889644e+00
5.450712874702699828e+00
5.451493821795066808e+00
5.449033438594772072e+00
5.461522506645574815e+00
5.532764041013329859e+00
5.609829240795428440e+00
5.636650715950553447e+00
5.691377292210687777e+00
5.760716937460837350e+00
5.726694570804639284e+00
5.660555631013091116e+00
5.614169811790762132e+00
5.612049060350492447e+00
5.667499952254394735e+00
5.712104479296027826e+00
5.718668161333304134e+00
5.729215258834021718e+00
5.758758877248299157e+00
5.806449419472136775e+00
5.829374948937895873e+00
5.829918889715420605e+00
5.825532736414677615e+00
5.775905059658692053e+00
5.702261614644187127e+00
5.631265224461041718e+00
5.618423791717799709e+00
5.626342734051864802e+00
5.622857819821874159e+00
5.663407456523426475e+00
5.726623333138406657e+00
5.781183368910114417e+00
5.829501929992176201e+00
5.919969485216249439e+00
6.019083519866390120e+00
6.134035550825634786e+00
6.215025518622327994e+00
6.257292341635956490e+00
6.275056395827087741e+00
6.271292274349971940e+00
6.224110696186911262e+00
6.181765657713398809e+00
6.134051306272375825e+00
6.114612497312435835e+00
6.126694026365550272e+00
6.152449248728096620e+00
6.117528999549649349e+00
6.063152629121501214e+00
6.015854779413152720e+00
5.983957993531240582e+00
5.955619111798696963e+00
5.927153707054372056e+00
5.852200557868440178e+00
5.742424287189657583e+00
5.590124052429603196e+00
5.439597077908391753e+00
5.243148447055767214e+00
5.077766209191476143e+00
4.938781502535917411e+00
4.828653357576802918e+00
4.717963448880430732e+00
4.669874777747965666e+00
4.660071646771354992e+00
4.672280611375357218e+00
4.683132394398986875e+00
4.746179641276714989e+00
4.790523847233652432e+00
4.848026856213301095e+00
4.905131684718853968e+00
4.916830303612597319e+00
4.882872775798602127e+00
4.846366859518997927e+00
4.865952119493925032e+00
4.876743210213367874e+00
4.896241005755537223e+00
4.937426874234228436e+00
4.978884527958755690e+00
4.968289524636785082e+00
4.914634616617197693e+00
4.886991667429868791e+00
4.825759226002690028e+00
4.826080794716170352e+00
4.795748908329833249e+00
4.700904730405624399e+00
4.561433014063489999e+00
4.409918236043472994e+00
4.241728439962021646e+00
4.181775181498343485e+00
4.121507886704829815e+00
4.038792131524473028e+00
3.979042317086050051e+00
3.850536039271396760e+00
3.773091898436901737e+00
3.741627565214301843e+00
3.674050731961470362e+00
3.602761255377043614e+00
3.582033452119199435e+00
3.535811512634829956e+00
3.484950404265721335e+00
3.446631759502753134e+00
3.472813475737284161e+00
3.519836185538986584e+00
3.564804639774804773e+00
3.632968941715637445e+00
3.667274220132335838e+00
3.680078733949030845e+00
3.684069970956626694e+00
3.688209279054390777e+00
3.705625770962525323e+00
3.719826642279814966e+00
3.721429837514384609e+00
3.740285605201810526e+00
3.792408794257559279e+00
3.902396817239026205e+00
4.025121073918746184e+00
4.114163082718970799e+00
4.141163825845159074e+00
4.164078272984454543e+00
4.240146163826813641e+00
4.315479188561963220e+00
4.366349097402120627e+00
4.449888699414227489e+00
4.432605781862580585e+00
4.426381884828387570e+00
4.460116262292855183e+00
4.531084990878684771e+00
4.592209130143528384e+00
4.612852413755772929e+00
4.722087091452614516e+00
4.860070658078638139e+00
5.020152455519757417e+00
5.183977672175388740e+00
5.369833867167465691e+00
5.457027340538379789e+00
5.562955091713122080e+00
5.665109145856739303e+00
5.733504879806880616e+00
5.818193689079619979e+00
5.868080817660736415e+00
5.947810566606380966e+00
5.999704362739158192e+00
6.079290007644353899e+00
6.181337900428965249e+00
6.314892185860001561e+00
6.481099307062827108e+00
6.608238279567451023e+00
6.692376736400705184e+00
6.712669360615125314e+00
6.717421174080824287e+00
6.747487120568509411e+00
6.787817870587660174e+00
6.841336745571746647e+00
6.907514874452509446e+00
6.966749346660249032e+00
6.993635746063599612e+00
6.977198522345022802e+00
6.916797688354792584e+00
6.811937142154924629e+00
6.678125314114928379e+00
6.544967259711405028e+00
6.441194718995568280e+00
6.359339088892459024e+00
6.362252739225268350e+00
6.353299562113134513e+00
6.403279657606269382e+00
6.420029562311516003e+00
6.414836173147259402e+00
6.374405472235612713e+00
6.342669497538961920e+00
6.345583163053486686e+00
6.373183097033032318e+00
6.435328413008645221e+00
6.549469495804872032e+00
6.587047194475680989e+00
6.564996972667536568e+00
6.492286533453830444e+00
6.443835963428306002e+00
6.438691410027510109e+00
6.436478125590202382e+00
6.422996645457992315e+00
6.441074334843668758e+00
6.507347928199668452e+00
6.602098189445826826e+00
6.705298690692507613e+00
6.750500531154384198e+00
6.769650880508919499e+00
6.775675155371446046e+00
6.755192877901778026e+00
6.767091432793522543e+00
6.764069320151781639e+00
6.813355377629134679e+00
6.872240083502088481e+00
6.926379125770817602e+00
7.038674054289922211e+00
7.180815339603362268e+00
7.265766944655542403e+00
7.316358811166677079e+00
7.336013397668343927e+00
7.311391205473736221e+00
7.289120036409712178e+00
7.233772822374272771e+00
7.177425821597354094e+00
7.178096441191780919e+00
7.207938623856954941e+00
7.258930320172909845e+00
7.248212926684365343e+00
7.170851412230125455e+00
7.093964734830469965e+00
7.041247283731206785e+00
6.940817613743930359e+00
6.819531983896196969e+00
6.755184923764149474e+00
6.725589594587466635e+00
6.728042520568736862e+00
6.713424624871326962e+00
6.728164834382442727e+00
6.731301576581286028e+00
6.740356914172557445e+00
6.708785718557533251e+00
6.673813335563558269e+00
6.671862843432204038e+00
6.713605630532476276e+00
6.773264250949129206e+00
6.790703567156979759e+00
6.760282461526688103e+00
6.743368948934985063e+00
6.695599880074325938e+00
6.634040647648551392e+00
6.625820128709936085e+00
6.625100298674570176e+00
6.592710872486982510e+00
6.571154187025101123e+00
6.568918822343807307e+00
6.531306443933734940e+00
6.523603170128410511e+00
6.522430423209232053e+00
6.470522980526038026e+00
6.415705120895659697e+00
6.398856269626564952e+00
6.389870262664589795e+00
6.319156697715708759e+00
6.229662277173444451e+00
6.181580415455377953e+00
6.155776657702186405e+00
6.128824173558924393e+00
6.120847156155370783e+00
6.114600432491669402e+00
6.171959422997126410e+00
6.174829020558689763e+00
6.183813036058748658e+00
6.194491422565787886e+00
6.187039088011689891e+00
6.189308498725195840e+00
6.156700654937591111e+00
6.109102255079885246e+00
6.087350066109997293e+00
6.072911649183613925e+00
6.041021603310471555e+00
6.094385122802150612e+00
6.235621440687004302e+00
6.386138971545020304e+00
6.531742783093736016e+00
6.669101330907074576e+00
6.778757386638387672e+00
6.931420816740305746e+00
7.078547011711623149e+00
7.150997386132426747e+00
7.189689961626069881e+00
7.185000308476026554e+00
7.150522330462435683e+00
7.126225437522250239e+00
7.089347029249035259e+00
7.044786250343541667e+00
6.992552042584311955e+00
6.951178546719545714e+00
6.894489345355541587e+00
6.780818429006416181e+00
6.738391254560598398e+00
6.711875607255094245e+00
6.637728544277933018e+00
6.542244886072543508e+00
6.484546866311803548e+00
6.389122621858654760e+00
6.301316050194953000e+00
6.207735226038663789e+00
6.093517021653038768e+00
5.987457741805075173e+00
5.945352704463725324e+00
5.899807919735430062e+00
5.901728599815417198e+00
5.900886994870010227e+00
5.890198398356607079e+00
5.870610848370423795e+00
5.875169366299921592e+00
5.807291643222578514e+00
5.678229876237690377e+00
5.531073622466378126e+00
5.471640975625857273e+00
5.449315328097690703e+00
5.392177788159138174e+00
5.339324114889148376e+00
5.246072819899603168e+00
5.192184969865664357e+00
5.094713000658054547e+00
5.002212060719958053e+00
4.889494278404848515e+00
4.784840309036460404e+00
4.715581397624664994e+00
4.677266812385322936e+00
4.675111258087179422e+00
4.671846247187398937e+00
4.672167604467855284e+00
4.602909008381331546e+00
4.546079394979554600e+00
4.428222097700107440e+00
4.341080909695077317e+00
4.284322769454206536e+00
4.238195568128653612e+00
4.270414820563549263e+00
4.322008984647210283e+00
4.325567089953716859e+00
4.286262625750523192e+00
4.282580968942697019e+00
4.288116441280230617e+00
4.300247868706372323e+00
4.347765367056782182e+00
4.396965634811782486e+00
4.453825643463303230e+00
4.486362548073834056e+00
4.542094088821750475e+00
4.577068023347146131e+00
4.590238005362771823e+00
4.620563195286106151e+00
4.633907780305348112e+00
4.693138586182358019e+00
4.748684102532356732e+00
4.832465311028559363e+00
4.877202279283637587e+00
4.898538098570375254e+00
4.929233283731388582e+00
4.942051922449905987e+00
4.935543944345745615e+00
4.941381112308703472e+00
4.939369439463829892e+00
4.995404519734933046e+00
5.033044600778567634e+00
5.080979613685640217e+00
5.085550910959691251e+00
5.035423554549103287e+00
4.967900081103670651e+00
4.892605633488480876e+00
4.866441850548618220e+00
4.820716305247294997e+00
4.766924079857772334e+00
4.711129148012937584e+00
4.633630029184402588e+00
4.560108914077419584e+00
4.503508157285436297e+00
4.468912421740050434e+00
4.441564141395525134e+00
4.422139367684688516e+00
4.398757865957825253e+00
4.380896774686656059e+00
4.279360661507243258e+00
4.212963723530934068e+00
4.187424379441447186e+00
4.157432343817110798e+00
4.114282876711952142e+00
4.071323019439479829e+00
4.019036999855944536e+00
4.042508679095020874e+00
3.986029941899352558e+00
3.929335484945417178e+00
3.842557549547233720e+00
3.731500750794511490e+00
3.591831554308940522e+00
3.527296944049719940e+00
3.505527337429310997e+00
3.504808869812507055e+00
3.537740661618630877e+00
3.593457117952541857e+00
3.643227345348466706e+00
3.692610599423819195e+00
3.820233951324639943e+00
3.990969095674608891e+00
4.144607781324733509e+00
4.231895442680194463e+00
4.314878743989393861e+00
4.387929051640965028e+00
4.489609729033124275e+00
4.555419635060555805e+00
4.599485588101422273e+00
4.635276068635072910e+00
4.663070477719680973e+00
4.638189553507162444e+00
4.598961300575957090e+00
4.568590538630263431e+00
4.471006911419150853e+00
4.343031826340896906e+00
4.159986164103532502e+00
3.947608291171944117e+00
3.889238321696662393e+00
3.876956948555363436e+00
3.880309575218075846e+00
3.883034853673372311e+00
3.909042124359385806e+00
4.002755096865201700e+00
4.121372693336462945e+00
4.221488687872665402e+00
4.273797463295797350e+00
4.321841659960075965e+00
4.357434887324955319e+00
4.399254582477993836e+00
4.458729276838961475e+00
4.507224220678158311e+00
4.548616665722749808e+00
4.577564617249227474e+00
4.568126300846918397e+00
4.512876628502124454e+00
4.464736025348720716e+00
4.366039545278229461e+00
4.306599920374447166e+00
4.256309547211478694e+00
4.285904510579940485e+00
4.317447997504177515e+00
4.343350580012837803e+00
4.359870269504333429e+00
4.355951118895451835e+00
4.308373508778773342e+00
4.272471426583327236e+00
4.262687315938444854e+00
4.291927499618791941e+00
4.313897389634930413e+00
4.345723331791941035e+00
4.386990665925433852e+00
4.410033785512360360e+00
4.468172218439760535e+00
4.609839478959907311e+00
4.748422356337466788e+00
4.862603144690933021e+00
5.001951563329734896e+00
5.110009433390275468e+00
5.149083024112191431e+00
5.136507949364424341e+00
5.157810442067609635e+00
5.186450825955538413e+00
5.212465319024144783e+00
5.241491642249545890e+00
5.274831778172695884e+00
5.315508722918927731e+00
5.329432904684113126e+00
5.350390973536619299e+00
5.311553290448309816e+00
5.247271971854619466e+00
5.153919224207204941e+00
5.055688314238632408e+00
4.918096972500274333e+00
4.811900017371876892e+00
4.723034401183972442e+00
4.672541440053321615e+00
4.587418366477297837e+00
4.532751196431539675e+00
4.470653801645817715e+00
4.467032868749810426e+00
4.434701416124189777e+00
4.400899610967849540e+00
4.448054307138719743e+00
4.495302193570871019e+00
4.551904940948327649e+00
4.571149483100153788e+00
4.592914299172112358e+00
4.626244072986559708e+00
4.680265107284969694e+00
4.711050544418735164e+00
4.712912389187743578e+00
4.647386290686447374e+00
4.624591716713738698e+00
4.618457687283511248e+00
4.574131778321290476e+00
4.567309875115374673e+00
4.618295482862832202e+00
4.600793432420717366e+00
4.559942376015952092e+00
4.555734981792499028e+00
4.628365156919688417e+00
4.688794679139963506e+00
4.787725038650279430e+00
4.930155788119281013e+00
5.034153721208230792e+00
5.105871275147463528e+00
5.136363854203162660e+00
5.174535258731056686e+00
5.275589452336729934e+00
5.361580880831772866e+00
5.408065350787135017e+00
5.410651027127922674e+00
5.387090183221199702e+00
5.399989287275130501e+00
5.396137549534997468e+00
5.341268270809367280e+00
5.275781469820353564e+00
5.284897735122760842e+00
5.272500281422395574e+00
5.238189233407801737e+00
5.142637142389254734e+00
5.035021349710644856e+00
4.865546673330666927e+00
4.667765738387816832e+00
4.458340957317501463e+00
4.283637291092416532e+00
4.107710510175790475e+00
3.955879099482635386e+00
3.862173313742725878e+00
3.717228042459749471e+00
3.614723371349240377e+00
3.542597642486749354e+00
3.487298397953900064e+00
3.478851034321268632e+00
3.525799403658059550e+00
3.597186927196252881e+00
3.659026433673563616e+00
3.691084935814083590e+00
3.733512036907727261e+00
3.801314390023485146e+00
3.869756857934226524e+00
3.905932973364776739e+00
3.932481175006035556e+00
3.997780016103255729e+00
3.955210645926126478e+00
3.938280000292315286e+00
3.937263833639901289e+00
3.868976611648444308e+00
3.759092894190622758e+00
3.669315206344804903e+00
3.569651419021770522e+00
3.556051801937460954e+00
3.490709029746797309e+00
3.439281758043742698e+00
3.430145375157676035e+00
3.439325675465422449e+00
3.390366332031927055e+00
3.399314579575023476e+00
3.439442987326159162e+00
3.458641856369761847e+00
3.505009673844542206e+00
3.539226926000581752e+00
3.591165860324051717e+00
3.596660099070429606e+00
3.626761176443713541e+00
3.667418177385926903e+00
3.675049511278129177e+00
3.720954521196818465e+00
3.723212242123332683e+00
3.760771543978334908e+00
3.784262369610252641e+00
3.829529233104295383e+00
3.866756284536711608e+00
3.956410801989972637e+00
4.053192836975010316e+00
4.140020745936899615e+00
4.266275760720555255e+00
4.497379665879082999e+00
4.683557256127768298e+00
4.774054381101803024e+00
4.869987469116658474e+00
4.926514339699419764e+00
4.952639798602778143e+00
4.948346287695091661e+00
4.896388686600417373e+00
4.765469215206388220e+00
4.679573052924827614e+00
4.611279657351130545e+00
4.542299346704880669e+00
4.499650722778675949e+00
4.450936198179362258e+00
4.384619050413298247e+00
4.304485305865573430e+00
4.236999156912962583e+00
4.173901591416319334e+00
4.080109493736252091e+00
4.065316005399286503e+00
4.048033690922792971e+00
4.098622086204774639e+00
4.128794573543101976e+00
4.080362548740671613e+00
3.991439247069254126e+00
3.932924817908473702e+00
3.814467187258211656e+00
3.619957465797667862e+00
3.542954576134150546e+00
3.504881199846783257e+00
3.485412476905202173e+00
3.438158592839619665e+00
3.445201690095302638e+00
3.499921027477193913e+00
3.536135789281751762e+00
3.615018274521590413e+00
3.726578658392432519e+00
3.868704889728264984e+00
3.937526537299052887e+00
3.973677839432296910e+00
4.064398262803668338e+00
4.168679092829000510e+00
4.232800397267855175e+00
4.254823764475498038e+00
4.241485324703652360e+00
4.208982901603284255e+00
4.122600876312439766e+00
4.035818110970264883e+00
4.065090163426750891e+00
4.153180891640452010e+00
4.199251778482178565e+00
4.204558452316603301e+00
4.170583008857539298e+00
4.172144017265121185e+00
4.219470525938107563e+00
4.327449866956268210e+00
4.366350252902840623e+00
4.353900161808124558e+00
4.305830447813115747e+00
4.189435597483082141e+00
4.028818890039220335e+00
3.841646265282822714e+00
3.655185996670292869e+00
3.511317629812118479e+00
3.406552282539927479e+00
3.324639969270911433e+00
3.271984352626707615e+00
3.186618543036689122e+00
3.044080697987025630e+00
2.927027105679934404e+00
2.861931644522982765e+00
2.805015880230316228e+00
2.815526361490770846e+00
2.886389435945525772e+00
2.915101042214987892e+00
2.941562020662921828e+00
2.994540351556999269e+00
2.963825403400678571e+00
2.934474145512120380e+00
2.918139770151086054e+00
2.951823576809622374e+00
3.081275554997720878e+00
3.249771235861955265e+00
3.428716828539122297e+00
3.524491841167387118e+00
3.599225300211244427e+00
3.682430581366835209e+00
3.778900460807548267e+00
3.888692525645389253e+00
4.024978567838267907e+00
4.154318381275084349e+00
4.282219621626942363e+00
4.405367299977203110e+00
4.537191911749538065e+00
4.643847735239378771e+00
4.722408117821677465e+00
4.791557570256276044e+00
4.831257802658859291e+00
4.881628195030330630e+00
4.948372846387165680e+00
4.983351915279095046e+00
4.983674027846321408e+00
4.957736412705994411e+00
4.955573687725670418e+00
4.975272126429292285e+00
4.929389218688494445e+00
4.837110262013282203e+00
4.826053387455409016e+00
4.801128123078201249e+00
4.762259862599487192e+00
4.785478890747487668e+00
4.771485994840832134e+00
4.782039672069957170e+00
4.809295768135739557e+00
4.822782093750343613e+00
4.792558728425832193e+00
4.768625253558312238e+00
4.737884680700435780e+00
4.765966691142695666e+00
4.821573742925576944e+00
4.860240538695418167e+00
4.888575743217852931e+00
4.943545180877555012e+00
4.999976063452222341e+00
5.033032986270210785e+00
5.086825759511016010e+00
5.146059206058563262e+00
5.204710188398969706e+00
5.196699903243077401e+00
5.163047575110721432e+00
5.174929331297472679e+00
5.199078834812526750e+00
5.209453510852246616e+00
5.248745978650110722e+00
5.273333681214758428e+00
5.305635424489477892e+00
5.301244506191878259e+00
5.310462039876084006e+00
5.331221653095492563e+00
5.376732394363905598e+00
5.417599925950034923e+00
5.469793733681130199e+00
5.535321221570900896e+00
5.589455531267354615e+00
5.702151803603332070e+00
5.783195556894485279e+00
5.825299663301638731e+00
5.870189437978706515e+00
5.922837721018265000e+00
5.914079028543009819e+00
5.869069101385814946e+00
5.884013176696682557e+00
5.927644395307617664e+00
5.974601093568062460e+00
5.963694678876336752e+00
5.964135547184826969e+00
5.980950328815987760e+00
6.031191650876541743e+00
6.039350760064918333e+00
6.064579568903014639e+00
6.110996455819455164e+00
6.191581306664678763e+00
6.301894188569668209e+00
6.303912086694795747e+00
6.302976522832458350e+00
6.326722874498046600e+00
6.350737903933472595e+00
6.398224430809920094e+00
6.466601440155336888e+00
6.542092867630727504e+00
6.663920171303897355e+00
6.775303164018359858e+00
6.816360515327364311e+00
6.810544644995333741e+00
6.818990940150171376e+00
6.865160594516464876e+00
6.884876774461202942e+00
6.933271307013638030e+00
6.985086329753924517e+00
7.043802655164937754e+00
7.089792931878148075e+00
7.159570981100719322e+00
7.229773935957920727e+00
7.227538964021486656e+00
7.208233866905452203e+00
7.140971376925118186e+00
7.084274052178201941e+00
7.038098529618518562e+00
7.027072681628724560e+00
7.002855994624502145e+00
6.945376544981600730e+00
6.868169700880322637e+00
6.762320417953166185e+00
6.629102449727645840e+00
6.484110755460377185e+00
6.313768040157883732e+00
6.137243699150141119e+00
6.024864217552016399e+00
5.862269569826937143e+00
5.678912539417130922e+00
5.485833059774591902e+00
5.284346465476651211e+00
5.122522144854826820e+00
5.013505494024454556e+00
4.955625695477866799e+00
4.955422701278137332e+00
4.972752914657032619e+00
4.997409859975079804e+00
5.003498028059201630e+00
4.985322016001834555e+00
4.961055440202104094e+00
4.943662676193295802e+00
4.939627280044129876e+00
4.857623936337929216e+00
4.778700904487462431e+00
4.733857012888086579e+00
4.672589075424896876e+00
4.624317547066737255e+00
4.592103812347291480e+00
4.562538323656522010e+00
4.514020768495324631e+00
4.448997249942983068e+00
4.368569244119550277e+00
4.349948540430538912e+00
4.316756686247948949e+00
4.215467556673926808e+00
4.120783447288996371e+00
4.063074963696715614e+00
4.063114230956342610e+00
4.148558025589507814e+00
4.235309279301851859e+00
4.309048030870448187e+00
4.413662508985193078e+00
4.515224476658830532e+00
4.599242637993385507e+00
4.618369191133615104e+00
4.584100599530013476e+00
4.563084268395759757e+00
4.561434792260123494e+00
4.541427642821716404e+00
4.552417172439390924e+00
4.602356053126883673e+00
4.687372744783226075e+00
4.744193858594002222e+00
4.791938047720603500e+00
4.835610257220472441e+00
4.837003932186579647e+00
4.875200561209751093e+00
4.914688563921308706e+00
4.984685163714561718e+00
5.110350448059707062e+00
5.190963526547136553e+00
5.236415759063340225e+00
5.294749090997425967e+00
5.281819013990655343e+00
5.270944912464011978e+00
5.193044512606528329e+00
5.109955078539925033e+00
5.012292123298485613e+00
4.927826265700914199e+00
4.843722609798896350e+00
4.745111352473305288e+00
4.636210345773964292e+00
4.558704386530260777e+00
4.500104308011318999e+00
4.408762574155963065e+00
4.277181954341411796e+00
4.152488361938853956e+00
4.119588517770615965e+00
4.078151051218632084e+00
4.021557572387299828e+00
3.943776644761642913e+00
3.828901187668278805e+00
3.714360821793889045e+00
3.586563750338607637e+00
3.426724663325296127e+00
3.297441423671532590e+00
3.189077845659035404e+00
3.034379619910596571e+00
2.944223700635654861e+00
2.907509727884325823e+00
2.931673857041442677e+00
3.068480732765336505e+00
3.195642519919208890e+00
3.314807564701304887e+00
3.382900750910249776e+00
3.476220521407612729e+00
3.610116388566843693e+00
3.779246909407234067e+00
3.982022406048583818e+00
4.157079158254654239e+00
4.257887273846793441e+00
4.270011967361027061e+00
4.349066848054084389e+00
4.366623991456934917e+00
4.370750226851955134e+00
4.342001464927123244e+00
4.275113169312215078e+00
4.181524349858159795e+00
4.131020031663183545e+00
4.066661867974746158e+00
4.005404893905037511e+00
3.957202032041751583e+00
3.931932701550449050e+00
3.921199751404911282e+00
3.904739017506280163e+00
3.893656836809612276e+00
3.847810966256011156e+00
3.780591395457887582e+00
3.802348402571281483e+00
3.845129574210386814e+00
3.875305045641948443e+00
3.987183843034226793e+00
4.021228493166286277e+00
4.020551523100725611e+00
4.065755896239425127e+00
4.115883933654071569e+00
4.196018818145641482e+00
4.324780830912575702e+00
4.377033562903276831e+00
4.456570514507265379e+00
4.503044722596238891e+00
4.544337527709094715e+00
4.573687603031292070e+00
4.549268431839021964e+00
4.498647365251719599e+00
4.490715682895567440e+00
4.503991654617414575e+00
4.492693161968852600e+00
4.507015797052488892e+00
4.511420848209536594e+00
4.520626678869062332e+00
4.503204770525063516e+00
4.501596233244545608e+00
4.547955469027861852e+00
4.601354867750490740e+00
4.580842015571244374e+00
4.513302685699741801e+00
4.426710794887516620e+00
4.402651907009999199e+00
4.368866672029210640e+00
4.365041209744652484e+00
4.321985661322014671e+00
4.268804423624994016e+00
4.213909027928049333e+00
4.143111438981155636e+00
4.116932432729964120e+00
4.107753444545636512e+00
4.119131955762916242e+00
4.126630293151144713e+00
4.066866320716082228e+00
3.994914767149350343e+00
3.889960490369096302e+00
3.850678974042964331e+00
3.854742463246540130e+00
3.878853115697443510e+00
3.879409397355984890e+00
3.843453437349785951e+00
3.817289397109794535e+00
3.799700421495195712e+00
3.807507231593538766e+00
3.880936488190518840e+00
3.932682245637979968e+00
4.023055372912856420e+00
4.111460630631896151e+00
4.138869599193641946e+00
4.178501551963429428e+00
4.243813885167482702e+00
4.233019703091207120e+00
4.234289334644643077e+00
4.255380055103449521e+00
4.266312698056419883e+00
4.272522174020064512e+00
4.255592914637939650e+00
4.245419394912254063e+00
4.255057269434979084e+00
4.263599344991287232e+00
4.165083731384758181e+00
4.134117504930960862e+00
4.120464714578999654e+00
4.111873673600445755e+00
4.121487507531214511e+00
4.091087932798747495e+00
4.064199489172035662e+00
4.011610691103954629e+00
3.942121151999301354e+00
3.906946507075075736e+00
3.883952726676030309e+00
3.911280520091053869e+00
3.977011077714095233e+00
4.011510007090129726e+00
3.995953466752494077e+00
3.947511225478368857e+00
3.923815432339489817e+00
3.871536367149056357e+00
3.820976703557347420e+00
3.816803362836827862e+00
3.807270604380551760e+00
3.862597069816513073e+00
3.806191102160415785e+00
3.765969700826411692e+00
3.783621814564642527e+00
3.724473453886929519e+00
3.655730678328284355e+00
3.592373438470229718e+00
3.516607222515148568e+00
3.450608071732671700e+00
3.339673185652539011e+00
3.203257772970639738e+00
3.051441524941796324e+00
3.012444752318027330e+00
3.033789192716779048e+00
3.050476799299014274e+00
3.111020975699324786e+00
3.193531594858336042e+00
3.207917742475917766e+00
3.215497666056220449e+00
3.224974904014560995e+00
3.152557478913935007e+00
3.112147821822682570e+00
3.026736238812234969e+00
2.928466042534835445e+00
2.844304500671310798e+00
2.725229065987498700e+00
2.651092355347481888e+00
2.607784866759901732e+00
2.664484357671319081e+00
2.662748898733972247e+00
2.632394375999778990e+00
2.677269546602107031e+00
2.785994767210367318e+00
2.923178639331168061e+00
3.000267088110457614e+00
3.055890684885417485e+00
3.162900053269843692e+00
3.254103382390007848e+00
3.404849529681071019e+00
3.548819205264877930e+00
3.689727300767862150e+00
3.795315885733431482e+00
3.855171454630624606e+00
3.962671487219060928e+00
4.089649914548111553e+00
4.240400491737912780e+00
4.404129547763621311e+00
4.506251278327749965e+00
4.539655458884331196e+00
4.510837110701508834e+00
4.405624241008582409e+00
4.312270178762876327e+00
4.254373601921326298e+00
4.207524857973557353e+00
4.214677991534859558e+00
4.215991502693467119e+00
4.258284054585825373e+00
4.323454317304548766e+00
4.368939754065683800e+00
4.402109287088349809e+00
4.461349257040566840e+00
4.478956706176433933e+00
4.467669161970334812e+00
4.501689104433024724e+00
4.527452935644571852e+00
4.500281417584392152e+00
4.484568961150191768e+00
4.510684724649803634e+00
4.525772913396774122e+00
4.625679650759587425e+00
4.766233075085761328e+00
4.914028478272190803e+00
5.066137370783775573e+00
5.236761697298865315e+00
5.496605046402526895e+00
5.759398212994955912e+00
6.035037947902973876e+00
6.240246922628935877e+00
6.437452668728341543e+00
6.618777938971695640e+00
6.712111921149027438e+00
6.776420284506752267e+00
6.844126170171557888e+00
6.904907388834676141e+00
7.000273250438932671e+00
7.014500587153222888e+00
7.000527903177942157e+00
6.912551814176538301e+00
6.787816506838356467e+00
6.667833260225408232e+00
6.581807597111906993e+00
6.513296413919175798e+00
6.479238286423915305e+00
6.384678662494270185e+00
6.328689792282446547e+00
6.227009347085913582e+00
6.165735826052664237e+00
6.084331443229268110e+00
6.041588059053256465e+00
6.021474151260424179e+00
5.960807005398558012e+00
5.888052558315554741e+00
5.834644797921726855e+00
5.784777584654341887e+00
5.751533173377752384e+00
5.714963367270129879e+00
5.717084388042931842e+00
5.692791562556640983e+00
5.724048969028132205e+00
5.751309236176593842e+00
5.771659340306013242e+00
5.828088721757397117e+00
5.791512130199409469e+00
5.704007289578697737e+00
5.559469950127333249e+00
5.469314899220807824e+00
5.425333492372226729e+00
5.429288685586204366e+00
5.451981989160596953e+00
5.443123580618020263e+00
5.377420281168509675e+00
5.283614090436510757e+00
5.205520555792226389e+00
5.128099014163648661e+00
5.046562927412592714e+00
4.975608804997589729e+00
4.929725560574919285e+00
4.862866229391951123e+00
4.798630278215253675e+00
4.737848171130378816e+00
4.740144008005333198e+00
4.737523650862816460e+00
4.736165575176472409e+00
4.771321757828436816e+00
4.831552722896454988e+00
4.880163183118966685e+00
4.887387608601646782e+00
4.899762637966065704e+00
4.892069439581926638e+00
4.845772454896715153e+00
4.770606078933159466e+00
4.686409197938165683e+00
4.660277929805445751e+00
4.625751117103342303e+00
4.557775980760697010e+00
4.433314087092713685e+00
4.315641601729441668e+00
4.178835475823805545e+00
4.037057535690538934e+00
3.938895535816504090e+00
3.812512323047236418e+00
3.805431490615372336e+00
3.748018458588779467e+00
3.658832504384384343e+00
3.602728892013223216e+00
3.640258311439060979e+00
3.763184283662670548e+00
3.838869097871888236e+00
3.964555113467655101e+00
4.085328298267439706e+00
4.091542025089522028e+00
4.080316878421121451e+00
4.076035317926336887e+00
4.154791558188738243e+00
4.227124457927128987e+00
4.332571039758732923e+00
4.436606337128377042e+00
4.568574542534744154e+00
4.717929995224060313e+00
4.767506455829887635e+00
4.792795712875515868e+00
4.790597250265125062e+00
4.767950765138109226e+00
4.710817700562574650e+00
4.676216276061583521e+00
4.690540011229799688e+00
4.680567416824525928e+00
4.643973806359543488e+00
4.591451233502006346e+00
4.460696642785771715e+00
4.284844148889257909e+00
4.188125372719341932e+00
4.145014587941842521e+00
4.109834664768799328e+00
4.088755577306949718e+00
4.055943689913887873e+00
4.102074824410455456e+00
4.238112900588259180e+00
4.369988391178825538e+00
4.459496510601666408e+00
4.505746470528871228e+00
4.568240253165297027e+00
4.663572279499115680e+00
4.779504810130207559e+00
4.820503814029222234e+00
4.838715888733079673e+00
4.819784173481100886e+00
4.801769418824827440e+00
4.758989936451382796e+00
4.707587677692155026e+00
4.666119486635495583e+00
4.646700954825697671e+00
4.680271088797598900e+00
4.719746789134422471e+00
4.749223533111808671e+00
4.762072082293938635e+00
4.754045278160559995e+00
4.681953187544126038e+00
4.606528531779485292e+00
4.495236853999441173e+00
4.409171778616073567e+00
4.305510416523488537e+00
4.158526820136018820e+00
3.965277686067043561e+00
3.720004037960773946e+00
3.547670187189844615e+00
3.451304551831965828e+00
3.385421062929315994e+00
3.319472378280234448e+00
3.263166776069498898e+00
3.264474016231828646e+00
3.240154578130737928e+00
3.235218387871647838e+00
3.210914538752529079e+00
3.186326540427172560e+00
3.201591745575925518e+00
3.197375628795140035e+00
3.241756562615470294e+00
3.277803762850563629e+00
3.362380187205637583e+00
3.417110385000958761e+00
3.426956436622787816e+00
3.426686193528727831e+00
3.468685074492273035e+00
3.489551467489898418e+00
3.495952683910254599e+00
3.449716071801677497e+00
3.493852896892697402e+00
3.534607828060473800e+00
3.522591911590027269e+00
3.556537603467534669e+00
3.576221443348566176e+00
3.571234466138305308e+00
3.538846237249003934e+00
3.471083573795391342e+00
3.432070222341338184e+00
3.404566900728827061e+00
3.373553437762548679e+00
3.364495112530805798e+00
3.425403592668865294e+00
3.589127551607932176e+00
3.700359357730161669e+00
3.800996518189391438e+00
3.927064456863650577e+00
4.054121523053165532e+00
4.120704864503985654e+00
4.130761000710083231e+00
4.057136897383244900e+00
3.921870511586948549e+00
3.786444522904095500e+00
3.708593081827946225e+00
3.656026977112795784e+00
3.653788706587673296e+00
3.663946483981778357e+00
3.678641295029712932e+00
3.741301602526798220e+00
3.790146059845370008e+00
3.894331604197622365e+00
3.912150721786701535e+00
3.882560815687233990e+00
3.944205296415361772e+00
3.993078455142573535e+00
3.970468045033768156e+00
3.973557169393991284e+00
4.016879442467405248e+00
4.019614917378263819e+00
3.998423925911098742e+00
3.958735108437723582e+00
3.860636204811061845e+00
3.750536288998250978e+00
3.710154917725852375e+00
3.659845316639013912e+00
3.735147898075069417e+00
3.871731645207169947e+00
3.980876618769750408e+00
4.050375544584202459e+00
4.129777253358374089e+00
4.193205297922056651e+00
4.262817072816520891e+00
4.371990574428346044e+00
4.487905097384640385e+00
4.588203706683067651e+00
4.688078117067116857e+00
4.760650965534168222e+00
4.837461161748624505e+00
4.961069142261290921e+00
5.107216158773375980e+00
5.233437032706176772e+00
5.319036814220997833e+00
5.366012026487199549e+00
5.436644586874412433e+00
5.471990032895094558e+00
5.500060184612610037e+00
5.488659360527319286e+00
5.377285173486474612e+00
5.252707967221102336e+00
5.159407782728504976e+00
5.053581400854375794e+00
4.909905931874733120e+00
4.787887423869136683e+00
4.699501727869659362e+00
4.644029703290394551e+00
4.572923800873983424e+00
4.529772564377149813e+00
4.521647940996460058e+00
4.529800776750435354e+00
4.523839214255193752e+00
4.465672848065871392e+00
4.441514223413649098e+00
4.390071273722187861e+00
4.469338326846915344e+00
4.590209108443916719e+00
4.797439024449989375e+00
4.987407392270580608e+00
5.133606296480596853e+00
5.213066580901237757e+00
5.275035733392597237e+00
5.342018662861115708e+00
5.437624172978402726e+00
5.470558809112740839e+00
5.430534485026244695e+00
5.332904907316141419e+00
5.185113663010660012e+00
5.044128330181435693e+00
4.898930088300287977e+00
4.822056239319690185e+00
4.773725972633507730e+00
4.747056473719080572e+00
4.746132080878125770e+00
4.743848728883798493e+00
4.713402767357943723e+00
4.681368888466547418e+00
4.681232350765514916e+00
4.640058763210068271e+00
4.571104144745255837e+00
4.442630337868569868e+00
4.346093867289394730e+00
4.270794153048259822e+00
4.182442161381215051e+00
4.131053463080168520e+00
4.132592347592001225e+00
4.101041433448288309e+00
4.120064341121134177e+00
4.104339293274369638e+00
4.094736778370714703e+00
4.127762685329972037e+00
4.142874982708696585e+00
4.157090953509106512e+00
4.107471566697998178e+00
4.075371234415754884e+00
4.054793629683987710e+00
4.048856507503426627e+00
4.022366403106290456e+00
3.981434555299526501e+00
3.929950667155636790e+00
3.926761299690226803e+00
3.984877539999974960e+00
4.037260657520818974e+00
4.134021069446440322e+00
4.168063928249655881e+00
4.124969406876656031e+00
4.094968658923018090e+00
4.046066959342281777e+00
3.988475878768686922e+00
3.890508430935804451e+00
3.850963036118475458e+00
3.898651757785303928e+00
3.965118602310870433e+00
4.033150184117704207e+00
4.044137744862480233e+00
4.069852990897802947e+00
4.135755325450905850e+00
4.207673229756975886e+00
4.240794767542091392e+00
4.294220984033277233e+00
4.361805361263117575e+00
4.484172048645207020e+00
4.572578374766891329e+00
4.599634501212855220e+00
4.635680132256780439e+00
4.609281925808618396e+00
4.565217972553927694e+00
4.514180004012010805e+00
4.488633275050188942e+00
4.432127401219322138e+00
4.302096476260288682e+00
4.190045371470111135e+00
4.072905621400323639e+00
3.982825878280261911e+00
3.950205679123769631e+00
3.998166229925094850e+00
4.023750917862923160e+00
4.042884441055288214e+00
4.010383665634391193e+00
4.036406784252193347e+00
4.112808123661641169e+00
4.188149021989764798e+00
4.220166891989053148e+00
4.252180924728143907e+00
4.215024234448304874e+00
4.151374960164130989e+00
4.096918180967370482e+00
4.014993253199230061e+00
3.930373940608046457e+00
3.800000084601839134e+00
3.731638644783096481e+00
3.744381893314415954e+00
3.809623965287317393e+00
3.828556784590139372e+00
3.894136627291320707e+00
4.021293136112198852e+00
4.134891316124015503e+00
4.191912409765095049e+00
4.241795932989071538e+00
4.246682589561738830e+00
4.265905781767047600e+00
4.298416260866555483e+00
4.329029841722429772e+00
4.360261561829902988e+00
4.408431951066944521e+00
4.410506279180061107e+00
4.458801027538436657e+00
4.496361742380559967e+00
4.505680138856399175e+00
4.577760856039944315e+00
4.687002646590378241e+00
4.806572569610128909e+00
4.936379046976184348e+00
5.042606597058746587e+00
5.093349746814847201e+00
5.099610399193516663e+00
5.129634749806421645e+00
5.215947938846734466e+00
5.285391232186441357e+00
5.392513820884079934e+00
5.498622362891498305e+00
5.631442994301655069e+00
5.764262162091217334e+00
5.872956469508049615e+00
5.952580025107309325e+00
6.013338688254818543e+00
6.037009782476333797e+00
6.007877581770197928e+00
5.940836045151483447e+00
5.891235391818642420e+00
5.817788427860213218e+00
5.724571112097995851e+00
5.614201217747303296e+00
5.500165744184823957e+00
5.352534153495703606e+00
5.193982031172706293e+00
5.028666409137279913e+00
4.816674595751960553e+00
4.632751963190050226e+00
4.464210497374428321e+00
4.382291814497424554e+00
4.387171666638261414e+00
4.409717737288803896e+00
4.484258575844558337e+00
4.494005171458982595e+00
4.483790779437112128e+00
4.517072604517778700e+00
4.568330821775353101e+00
4.609655311174217118e+00
4.685988865413744264e+00
4.721019001630841316e+00
4.724655591561823798e+00
4.701700972206424467e+00
4.673157440226705539e+00
4.670286331834982541e+00
4.690637159639344134e+00
4.715049950366634768e+00
4.792386655661340811e+00
4.837452695419949045e+00
4.869103342484546459e+00
4.887476306997925235e+00
4.871891839256286438e+00
4.885679001490080609e+00
4.943283910526923286e+00
4.939124999707517283e+00
4.924209082445702101e+00
4.887134820159148241e+00
4.887662452590230799e+00
4.923357479791728331e+00
4.994052687690342829e+00
5.142492538759368514e+00
5.236010364392294392e+00
5.349554838671902957e+00
5.437476634959322652e+00
5.520591290273732632e+00
5.594810149365978091e+00
5.736418055373500913e+00
5.896960645112719668e+00
6.034286046482758792e+00
6.142567988469767926e+00
6.183238578113120276e+00
6.253681390599833634e+00
6.327794970114042350e+00
6.375783278281502930e+00
6.408384322583488668e+00
6.471858987759661730e+00
6.549460365348074298e+00
6.619184167534182706e+00
6.662148295873471682e+00
6.657389515324175555e+00
6.666113772241358149e+00
6.639007380669889713e+00
6.637659952306233180e+00
6.625614556977387437e+00
6.589783358185344220e+00
6.546849345381255958e+00
6.459126472267247898e+00
6.356381684266950494e+00
6.244099191950711614e+00
6.164045190298398147e+00
6.099589192570245011e+00
6.012447712684307000e+00
5.870094814241360481e+00
5.718318654672534862e+00
5.598629969961213426e+00
5.427308376350814534e+00
5.266927076602159197e+00
5.140586378106748455e+00
5.047299463494514526e+00
4.958665679399107518e+00
4.841767491525753364e+00
4.722196403340829463e+00
4.645697814757804522e+00
4.552026522491625649e+00
4.484180424550772592e+00
4.453312731093514998e+00
4.431581024893930021e+00
4.407184200906715255e+00
4.400374284887402787e+00
4.406541409268096565e+00
4.420571065024962998e+00
4.470628707441806071e+00
4.482803131741477820e+00
4.497387408916364571e+00
4.483875265276507704e+00
4.466081984431433227e+00
4.433380312293911274e+00
4.374604831846932385e+00
4.323941172546852840e+00
4.355877512014231456e+00
4.375349428996266887e+00
4.437446518623847425e+00
4.541532173658700877e+00
4.634718496637961316e+00
4.701850789718859502e+00
4.743498667488297293e+00
4.776761678304706216e+00
4.838574459675425210e+00
4.896033958261550190e+00
4.930630642459401969e+00
4.945512433372678096e+00
4.929089308017090332e+00
4.886881357995966901e+00
4.831719016861998561e+00
4.776864518095205625e+00
4.675662381500710119e+00
4.626671793423094314e+00
4.596321031006118218e+00
4.558369012576473089e+00
4.520497834078310184e+00
4.523776438076281714e+00
4.602504942145915656e+00
4.677325738730451654e+00
4.778813969892156344e+00
4.913584384749490219e+00
5.044835246824031394e+00
5.152098079183113910e+00
5.189293349595634375e+00
5.191649020064630804e+00
5.198002036210584542e+00
5.214938675955283820e+00
5.333954454197792572e+00
5.447974510469794751e+00
5.529098435949976853e+00
5.565462576838220876e+00
5.526452309507822847e+00
5.584706503707290715e+00
5.678545566524293875e+00
5.779799168496329465e+00
5.903733817213047352e+00
6.006175024432921283e+00
6.091576109635391312e+00
6.149771414318593088e+00
6.198801817843890838e+00
6.270949135174626043e+00
6.336335638953659810e+00
6.430181379013755638e+00
6.500449404562707478e+00
6.473075265387135069e+00
6.412758884586142294e+00
6.327556576349261164e+00
6.217060436429611592e+00
6.104756598723941607e+00
5.999766039928174699e+00
5.912166293377775439e+00
5.789160114017666281e+00
5.652845919742380154e+00
5.586428178620143292e+00
5.460621611922222840e+00
5.343860315127940019e+00
5.253410246239027082e+00
5.170227775276766025e+00
5.084721415515702780e+00
5.017874236028590396e+00
4.957911761591876854e+00
4.917292254055532830e+00
4.882898753425583216e+00
4.854178326877479854e+00
4.804914957142984555e+00
4.801548785836917688e+00
4.794515586964762655e+00
4.763456864274947300e+00
4.722304498357970282e+00
4.697774754217760140e+00
4.699791744252755699e+00
4.726757759787882485e+00
4.753291181608962468e+00
4.736264154825207129e+00
4.715772311628255054e+00
4.740576231652882555e+00
4.754367979913590503e+00
4.793110021624965356e+00
4.817097763223270768e+00
4.841845645931631914e+00
4.854375190608185342e+00
4.879051935439526311e+00
4.891471184065561140e+00
4.861240981895859292e+00
4.836842714421383249e+00
4.839010922710382800e+00
4.824165998421661605e+00
4.797607519229710071e+00
4.769109393668826691e+00
4.811372116376226415e+00
4.877442772533389537e+00
4.894572965841292422e+00
4.912517137545333590e+00
4.956448880691722181e+00
4.981018276343245788e+00
5.028019743034129796e+00
5.053402048863786966e+00
5.047053062330338236e+00
5.069331169378607171e+00
5.103487568589630818e+00
5.120596729999690844e+00
5.115621313414402849e+00
5.104364976480971094e+00
5.046559198723683082e+00
5.056894537454197369e+00
5.108046247872512602e+00
5.132654112766171117e+00
5.128277512523372828e+00
5.137439926249555811e+00
5.127774936892050661e+00
5.118218574375262619e+00
5.104411570649606489e+00
5.111353172692142621e+00
5.135486451255970586e+00
5.161992233674136621e+00
5.176369727146677313e+00
5.173661968233931319e+00
5.171549379063598018e+00
5.208415809295718013e+00
5.245817091540842192e+00
5.268745220810349572e+00
5.357214760363854467e+00
5.479916500810734448e+00
5.572613433365519064e+00
5.605011647728569635e+00
5.575730290323115845e+00
5.495502819783673942e+00
5.460160247144547618e+00
5.421839863446198393e+00
5.401569522333175222e+00
5.374318117872659784e+00
5.350128937540623575e+00
5.333283310571760083e+00
5.375780276273207647e+00
5.431027376798021500e+00
5.501478895033455885e+00
5.478255949685535420e+00
5.391271093625654487e+00
5.298061831729191873e+00
5.220346731137574636e+00
5.143009198167959539e+00
5.051628961800608941e+00
4.960969828416176064e+00
4.891561399243777863e+00
4.845243076810815452e+00
4.817029577526747097e+00
4.843733727950523260e+00
4.853487988520845953e+00
4.867438227106369197e+00
4.937648119650775769e+00
4.998841273580947764e+00
5.069254328696416678e+00
5.096602023859395203e+00
5.152049437978051927e+00
5.172235424984280350e+00
5.229841235704432378e+00
5.275382565662833478e+00
5.282990660360734836e+00
5.320781612955934214e+00
5.331107202818970769e+00
5.331725421195861792e+00
5.344922215169498614e+00
5.299245170228841673e+00
5.209122866616191061e+00
5.149621888392198699e+00
5.088461441370554894e+00
4.998421150259018120e+00
4.862722670685334592e+00
4.715432574383069841e+00
4.594966220138737789e+00
4.502361843682806786e+00
4.466801379814293149e+00
4.395551355738990473e+00
4.315148568986997724e+00
4.226898886616117679e+00
4.149027190489908534e+00
4.139087115140068995e+00
4.093554743161949006e+00
3.947029167891899615e+00
3.786838931461455893e+00
3.667565617267460887e+00
3.478848010024311765e+00
3.291614082249367357e+00
3.140866401474655678e+00
3.007620197176140930e+00
2.906065204713723205e+00
2.811493797817497420e+00
2.767864137125683577e+00
2.824898443057174635e+00
2.878418396443140459e+00
3.015926442306594346e+00
3.164724347285465811e+00
3.350272738670141859e+00
3.563998736170957304e+00
3.754065074007679748e+00
3.875764749743905835e+00
3.958729972619138060e+00
4.033902531825172666e+00
4.082493330292471079e+00
4.179735972740193262e+00
4.252548779507665522e+00
4.347620970148565078e+00
4.456857221387708456e+00
4.535160399120609753e+00
4.545750551281904528e+00
4.495286743267310925e+00
4.512298742081751968e+00
4.595355975550113214e+00
4.773613371246330672e+00
4.971319967578114785e+00
5.142694257755483278e+00
5.320981298444404928e+00
5.490822149480298897e+00
5.637513696233363625e+00
5.796753471087752629e+00
5.930718756708537320e+00
6.043680909976013815e+00
6.121717661392494847e+00
6.213174682642594426e+00
6.279260984254121603e+00
6.326413392439485861e+00
6.381730774781649629e+00
6.399271679984289030e+00
6.370169126958816541e+00
6.362548802466325704e+00
6.345730437174905703e+00
6.343655838082454146e+00
6.336483686747473421e+00
6.305713841193460567e+00
6.290995817378666644e+00
6.287468974838745339e+00
6.263896636547974239e+00
6.256716257401364167e+00
6.263318899460017519e+00
6.249503103487656475e+00
6.172730985921055513e+00
6.111177411596587561e+00
6.030765880370802634e+00
5.939224264237909168e+00
5.926940666587388939e+00
5.896273197274170208e+00
5.844484645977346737e+00
5.748843966097259894e+00
5.683405742649592085e+00
5.663275111770972536e+00
5.624022572477169746e+00
5.555703617657801630e+00
5.439845588383121822e+00
5.362070707584321916e+00
5.317189908403551435e+00
5.289960846580719078e+00
5.262647691830396823e+00
5.244043783136607573e+00
5.193228528629970420e+00
5.111760947234355257e+00
5.004315219277244431e+00
4.902019917542341787e+00
4.823395077298931355e+00
4.736562491766338923e+00
4.689355768654572820e+00
4.634402557651883470e+00
4.569848244174077756e+00
4.468848688487119247e+00
4.358268836334659113e+00
4.296025560220436468e+00
4.312178226239134382e+00
4.365028872086278433e+00
4.423474288671265242e+00
4.450723183887976830e+00
4.500932987622467074e+00
4.594994860165045658e+00
4.663308322698177300e+00
4.646632647281060180e+00
4.576639266499160641e+00
4.548703722854035014e+00
4.540089959377362483e+00
4.505962186981849804e+00
4.523726541688150249e+00
4.547933143184311966e+00
4.553181172554340961e+00
4.551141638055609562e+00
4.563043238315780847e+00
4.622462703271029483e+00
4.694666540084075024e+00
4.725998861061406764e+00
4.712113257075356998e+00
4.707749662176783367e+00
4.695208215067284030e+00
4.693582327877563465e+00
4.718446795708242547e+00
4.737770540889068904e+00
4.715035427322286310e+00
4.679386970721791883e+00
4.645744519995025357e+00
4.642692700074039003e+00
4.647927848668226503e+00
4.639144421658679462e+00
4.558707508083537085e+00
4.505886213294999720e+00
4.461099577900076163e+00
4.440501963800830509e+00
4.393222437353747623e+00
4.387515899338419345e+00
4.428482473057911761e+00
4.446175461091133485e+00
4.475213197937470966e+00
4.477009729424923812e+00
4.512346681007882054e+00
4.539283803647043314e+00
4.551482358714777909e+00
4.592845187276065388e+00
4.656759494433276636e+00
4.733433703669962966e+00
4.814937174226969319e+00
4.851960220941126778e+00
4.866130376401604174e+00
4.923413834832095937e+00
4.928195397546455858e+00
4.961132952354751602e+00
4.952258042777686775e+00
4.951474494733852261e+00
4.998266810433177554e+00
4.994290062163059929e+00
4.987800992204231676e+00
4.977276479427907852e+00
4.890878645320563045e+00
4.769254753159523297e+00
4.666449680878301365e+00
4.569869480954541707e+00
4.486336805253494653e+00
4.430694636265363862e+00
4.402571149874324519e+00
4.356126372658524204e+00
4.366987610295224975e+00
4.395857530341458208e+00
4.380292925813888516e+00
4.368278296433076413e+00
4.391965215901822539e+00
4.457205556627218179e+00
4.530285730659174170e+00
4.564232218330500856e+00
4.663737181911313812e+00
4.761502146268722591e+00
4.843900601788287297e+00
4.926689307231412407e+00
4.969263018748043770e+00
5.013657601284532639e+00
5.039711666279727886e+00
5.101627763604432708e+00
5.248971568394880549e+00
5.362962916853107664e+00
5.470783579934078489e+00
5.487743804803288050e+00
5.463290175046061847e+00
5.475269961704086086e+00
5.532636700975698929e+00
5.579774373310040225e+00
5.610468332899205102e+00
5.618284593355371115e+00
5.595007623954037612e+00
5.582006889401240457e+00
5.561908727160804311e+00
5.499898582762272170e+00
5.460325106408921769e+00
5.438903077373390182e+00
5.481247172610429708e+00
5.490124913091049663e+00
5.518015337116850105e+00
5.493202887509929688e+00
5.422670701723144582e+00
5.396464545914554378e+00
5.387392685342470067e+00
5.381820824931344838e+00
5.386077022668221304e+00
5.389530294835161328e+00
5.390291066928305952e+00
5.399828449725808888e+00
5.404334876116514863e+00
5.355633507974942198e+00
5.347343548408444391e+00
5.328427583637596499e+00
5.272308061289019854e+00
5.197693295835500216e+00
5.176372415446780728e+00
5.103303641141459401e+00
5.011788087857376617e+00
4.972707525699399334e+00
4.917696826399025944e+00
4.897383994293558196e+00
4.863174454741183261e+00
4.756416669650183948e+00
4.640931739556688029e+00
4.593192470775932179e+00
4.560985704214902903e+00
4.534462088931683788e+00
4.398488053354054905e+00
4.219090134439648310e+00
4.044197752710925187e+00
3.949660486456889164e+00
3.869767177566537431e+00
3.854416192514279249e+00
3.834262803395971808e+00
3.782614614360845451e+00
3.727169587256131233e+00
3.654391063559713437e+00
3.560576751547419594e+00
3.519129122917193264e+00
3.530257702412400445e+00
3.523191294097046011e+00
3.514322867912742954e+00
3.535440124126410844e+00
3.561552482688491672e+00
3.546640867314410972e+00
3.529901120506813150e+00
3.511132440027955326e+00
3.529403256932861499e+00
3.532172444891862551e+00
3.541039064008313808e+00
3.555016036718936068e+00
3.545822751691479979e+00
3.517847757818706622e+00
3.548812173289582539e+00
3.582656591115064071e+00
3.632351817085229584e+00
3.719236569137576165e+00
3.838315746905075265e+00
3.985948236877206785e+00
4.114222326374955330e+00
4.173323416545038356e+00
4.219412811082029258e+00
4.260823442792062821e+00
4.265016486867509116e+00
4.250815208634623588e+00
4.205997270663063503e+00
4.193891130261753197e+00
4.249574341276443512e+00
4.267148075289119546e+00
4.241247061314811440e+00
4.230652507200036716e+00
4.272563324614599090e+00
4.253528707171852830e+00
4.205658628379358888e+00
4.150023865660679157e+00
4.089806651197856802e+00
4.066666285112262358e+00
4.070450526893613308e+00
4.026382000689981311e+00
3.990182833283915098e+00
4.027749260345745874e+00
4.094919417348674706e+00
4.095473239580150526e+00
4.022156159159745670e+00
3.969398901182107586e+00
3.919584545766834793e+00
3.851671324019942944e+00
3.816903163196373239e+00
3.789404787572826283e+00
3.821632708820222213e+00
3.906764046492128273e+00
3.988219333406133327e+00
4.066468717511478204e+00
4.149315072632170143e+00
4.233782988774005496e+00
4.305031722537774108e+00
4.416526062384182438e+00
4.544989208682325810e+00
4.627738580744284569e+00
4.646019688687831106e+00
4.661762314983342925e+00
4.584802365622850040e+00
4.456005415833485195e+00
4.291749118768628080e+00
4.162771722019538601e+00
4.005459858004543960e+00
3.895819954795929352e+00
3.806750946218411258e+00
3.720761772005184653e+00
3.586812498125606208e+00
3.478024840560333786e+00
3.320505907901231790e+00
3.172538748547823140e+00
3.098780375422118372e+00
3.048851882061879515e+00
3.011366213394430336e+00
3.052157681021578028e+00
3.126090344886711225e+00
3.246530515949880069e+00
3.338736576136301704e+00
3.356204443324886100e+00
3.429632736721885955e+00
3.558427962538876166e+00
3.663612253684684905e+00
3.812821174785537615e+00
3.918630149547037700e+00
3.900050115307172049e+00
3.866348196584123986e+00
3.829879889709590923e+00
3.759684888180046869e+00
3.623354668478294460e+00
3.457695879876085066e+00
3.320745109616806801e+00
3.277619401940944588e+00
3.329672920793679047e+00
3.418534862524712725e+00
3.477488915979458195e+00
3.508988201314036548e+00
3.605716511735452379e+00
3.754335205126761998e+00
3.888073965951756250e+00
4.013096829858568526e+00
4.048763707208115292e+00
4.127774052924198855e+00
4.135808220842789318e+00
4.108506363043570531e+00
4.112585159163773874e+00
4.108768319465291974e+00
4.109093148111234051e+00
4.096773640961035134e+00
4.084194139483400043e+00
4.048196033193067755e+00
3.989504335672050317e+00
3.955013546889897036e+00
3.930703591718087697e+00
3.868196364787277464e+00
3.876707349467978680e+00
3.900061491887714116e+00
3.983125086212848220e+00
4.003483552084022179e+00
4.054857494595009548e+00
4.115917662076857830e+00
4.198852979721195311e+00
4.287711333107087519e+00
4.329866370719202884e+00
4.289342600940775796e+00
4.288071880764913857e+00
4.287328473495797709e+00
4.283391421812595468e+00
4.287612174257755093e+00
4.344214495161937251e+00
4.328564004979712720e+00
4.299334124891486475e+00
4.249237001647023781e+00
4.183579655737606373e+00
4.069745913505610879e+00
3.965664164015736848e+00
3.870968795498896053e+00
3.831769141480868335e+00
3.790570082521574680e+00
3.752462975385026933e+00
3.717785422419491059e+00
3.740386227239858474e+00
3.768056470088530396e+00
3.876250735844792850e+00
3.995744089950573841e+00
4.102601524659601928e+00
4.225330656101189852e+00
4.354126640547794302e+00
4.414179823708724193e+00
4.404223090695474241e+00
4.362470891779582693e+00
4.363437969549324613e+00
4.424252850152148753e+00
4.482063908760890669e+00
4.576278662491955807e+00
4.572119686910395053e+00
4.586286026927790971e+00
4.569488162371288631e+00
4.551000865201784151e+00
4.547903936175677231e+00
4.558827849946233357e+00
4.599244267809812214e+00
4.646874627369105504e+00
4.707154217249466477e+00
4.748190312041438155e+00
4.710214496711554233e+00
4.713903127764245582e+00
4.733048927383115334e+00
4.798709248379812387e+00
4.876500498742372791e+00
4.953032676341986296e+00
4.985581031992162515e+00
4.989344524310279638e+00
5.023325505855181561e+00
5.051603936159755115e+00
5.130746171221204577e+00
5.252493414767410940e+00
5.346687342526501574e+00
5.390061607759498941e+00
5.417789820458835948e+00
5.459723507262606468e+00
5.499743859354982334e+00
5.572612288906034550e+00
5.635880166672764702e+00
5.685784850746927965e+00
5.702707411255094172e+00
5.703901996772709815e+00
5.620840407253185234e+00
5.535198377395523117e+00
5.517100915724178378e+00
5.510145245965076377e+00
5.488502573611875768e+00
5.490420238974573763e+00
5.530192392367561993e+00
5.633442078492349125e+00
5.727020401212149281e+00
5.798207744541525877e+00
5.832209156704787567e+00
5.885078501500749404e+00
5.901996141069343338e+00
5.862124532236310692e+00
5.798584543153785020e+00
5.679466399789559361e+00
5.531029981637826332e+00
5.453324373136165804e+00
5.412894841439945814e+00
5.420624694016417777e+00
5.427400973926042482e+00
5.401440262317684038e+00
5.373158975378425239e+00
5.362379806755702916e+00
5.374187608962000873e+00
5.413822395305672330e+00
5.439712256511080035e+00
5.456648970688484646e+00
5.474357972000711392e+00
5.504383505560864087e+00
5.518103338711889627e+00
5.495892329134089316e+00
5.444052206222775858e+00
5.305750510592080360e+00
5.188904711865476749e+00
5.045675415640149097e+00
4.901189176228343491e+00
4.793886242497586991e+00
4.676815279409455073e+00
4.570911689233745356e+00
4.431949354812075192e+00
4.360432789148219968e+00
4.290004387940863140e+00
4.210430620347005437e+00
4.138049580366629954e+00
4.065804244372039911e+00
3.896409336810525481e+00
3.781037565345195972e+00
3.706709879954323661e+00
3.665427416254423143e+00
3.616324235863625614e+00
3.584895995328820639e+00
3.591972546069106098e+00
3.585064692697558453e+00
3.580401947894713111e+00
3.571426182588163023e+00
3.560893248873572503e+00
3.544045508742980299e+00
3.604756747937539973e+00
3.666455072721476416e+00
3.701841613659086594e+00
3.757910148523123439e+00
3.843152082508384471e+00
3.910628838031381616e+00
4.015271941372928310e+00
4.157218394104895687e+00
4.295694808601711934e+00
4.495728819899658113e+00
4.681493902344906921e+00
4.777427288807787775e+00
4.803804343607809280e+00
4.778710719843808796e+00
4.794211583527430598e+00
4.811690969607278490e+00
4.862982520131445163e+00
4.861691755449808916e+00
4.857915041471498441e+00
4.872325152827565731e+00
4.889247046218708093e+00
4.857165324298536646e+00
4.855868014267715971e+00
4.867847124592425523e+00
4.893827375550154457e+00
4.889431449519362261e+00
4.911647265756732494e+00
4.944365565349296610e+00
4.957996944206506384e+00
4.971185318321142077e+00
4.941467366587302124e+00
4.852796250537291023e+00
4.733926369713686633e+00
4.584656405184809103e+00
4.457652245425839155e+00
4.352961453875834330e+00
4.270980970836596669e+00
4.217349652743322963e+00
4.121935742485740128e+00
4.019382000510652198e+00
3.977382910930904458e+00
3.973772951545413878e+00
3.998431081058281489e+00
4.066528520074941255e+00
4.172607778832390757e+00
4.250401792285536828e+00
4.298937185420165008e+00
4.330384782471150551e+00
4.324606354601467473e+00
4.289233919259445749e+00
4.258412411971500333e+00
4.225311990671498208e+00
4.231461279109322682e+00
4.234491583594151010e+00
4.204049555996451026e+00
4.144947342815879843e+00
4.075137051096710650e+00
4.057069124826009343e+00
4.018075582043662664e+00
4.007153472592713150e+00
4.047471573999165351e+00
4.068821213775433598e+00
4.040909838422592770e+00
4.007356088298172025e+00
3.988905873812781167e+00
3.991096208730110284e+00
4.020985548314357061e+00
4.040343714552649068e+00
4.031189777704642374e+00
4.012203290670500522e+00
4.012960416475832126e+00
4.053646952496847256e+00
4.086391970989428302e+00
4.096542659606700276e+00
4.061961894364884529e+00
4.049030148652815519e+00
4.089047117601927184e+00
4.187029857007435574e+00
4.372218670597765033e+00
4.548505272986361980e+00
4.719551181157397579e+00
4.824316788122448685e+00
4.907171401453218174e+00
4.971806366330677740e+00
4.953220822432346182e+00
4.897199238142518674e+00
4.820870997475606323e+00
4.759415675057063311e+00
4.710263019766411041e+00
4.619955665772188524e+00
4.551569003495664845e+00
4.462984000745521485e+00
4.400155079693207405e+00
4.356721097441499602e+00
4.325674999162385959e+00
4.294847185504612419e+00
4.238364088189490175e+00
4.193135775787836472e+00
4.137889335133439594e+00
4.096331821533055084e+00
4.043031927076364163e+00
4.021279917914911906e+00
4.002138847366759400e+00
4.003548557697927279e+00
4.014721591707579584e+00
4.014411539398508033e+00
4.024839992092661412e+00
4.053162093494179885e+00
4.110879482894564063e+00
4.172434435399131836e+00
4.248380915365236099e+00
4.334141008534531991e+00
4.420166106075715362e+00
4.464416912778530921e+00
4.450942150749310322e+00
4.406851498979943216e+00
4.369974232922116286e+00
4.318880421209548182e+00
4.251432804789000208e+00
4.176102815784331845e+00
4.112074365975621149e+00
4.059697979546955438e+00
4.076510595803667591e+00
4.114832279067064391e+00
4.124804471246936721e+00
4.106336670321073967e+00
4.051713911249862576e+00
4.030342474654970530e+00
3.988356299373431835e+00
3.896788253749542186e+00
3.866029040201184319e+00
3.922397570541868106e+00
3.981549080716033195e+00
4.037840934216555766e+00
4.041337100237915259e+00
4.055428695384280857e+00
3.998044101581933685e+00
3.904078859609203089e+00
3.807629293236117540e+00
3.709704644835224663e+00
3.673394420002367156e+00
3.685947981761850123e+00
3.745436537748509931e+00
3.833129135817859190e+00
3.897297184373289980e+00
3.898234129060375253e+00
3.935596857663508086e+00
4.007440470363746954e+00
4.029687796530832422e+00
4.058282246515144465e+00
4.071752227194554763e+00
4.088485451414666905e+00
4.126436753030408688e+00
4.198979900916908647e+00
4.309922912743868295e+00
4.364389623577253907e+00
4.423459935535819731e+00
4.400736464512551294e+00
4.391737253681863073e+00
4.426945030823898009e+00
4.494677605919720875e+00
4.562493164975137461e+00
4.634351688683100434e+00
4.694314825341979081e+00
4.718992219377160957e+00
4.717250790722606446e+00
4.740731424195206323e+00
4.822179325934347283e+00
4.905531536270172133e+00
4.941819275983577953e+00
4.964368159072432896e+00
5.040689881400957084e+00
5.088556118085698188e+00
5.160366179418902632e+00
5.241413396678791692e+00
5.322930366693493731e+00
5.400945469251070996e+00
5.470196133424895635e+00
5.535574288578964719e+00
5.565364820255729761e+00
5.631727724852018113e+00
5.692795272306462984e+00
5.755602195524869735e+00
5.744871980730910543e+00
5.717174057568084500e+00
5.700108642168090434e+00
5.688620170450033875e+00
5.671578269387411275e+00
5.630189225377458584e+00
5.580850008961049546e+00
5.479006645840392764e+00
5.426730217626650088e+00
5.382542546400223671e+00
5.300606184549797817e+00
5.287101902330569203e+00
5.333711584364280611e+00
5.372558770027293207e+00
5.415503310821374150e+00
5.481372709970246504e+00
5.546005059938720727e+00
5.600342894191638443e+00
5.646766166772595241e+00
5.722017108299702670e+00
5.780317814054521719e+00
5.833663230230230035e+00
5.862378323924638757e+00
5.958528663285274085e+00
6.025260626440074319e+00
6.026540248767544128e+00
5.983054709501730350e+00
5.916590134452130556e+00
5.882521871371746869e+00
5.810581856120456301e+00
5.723133620847415060e+00
5.660858545310824219e+00
5.585032603724366496e+00
5.522563582854331798e+00
5.549041792119052019e+00
5.600935163081590673e+00
5.657504171037783358e+00
5.670713581135577108e+00
5.695619200024322204e+00
5.750995751629186969e+00
5.807324939625721605e+00
5.889119984177849432e+00
5.952509962250140063e+00
6.013587938980363923e+00
6.094349064296085139e+00
6.141209593429274527e+00
6.181095007317326306e+00
6.180788162263294083e+00
6.163420422568883339e+00
6.139336743540460439e+00
6.144199878894900380e+00
6.112736605782852273e+00
5.990174239798310651e+00
5.834235670599341894e+00
5.690615615830338037e+00
5.574817022558563373e+00
5.478666585484717189e+00
5.393929634911178717e+00
5.328138481442480590e+00
5.290884223215262416e+00
5.220988926456809232e+00
5.192143151373537435e+00
5.208012200309159567e+00
5.323043840399140691e+00
5.478293113830792649e+00
5.563656210892668597e+00
5.605923991111680493e+00
5.672903488179190212e+00
5.750887396861002365e+00
5.735082117005139146e+00
5.715191555638114096e+00
5.765094748157896021e+00
5.840823396960378666e+00
5.880710559328301557e+00
5.959740159868831100e+00
6.013076883237648218e+00
6.006610978789708177e+00
5.980319367091091465e+00
6.031329686726094153e+00
6.096316695763795757e+00
6.174798874291335338e+00
6.302714838821259491e+00
6.433629060119369747e+00
6.553388659229200996e+00
6.648753090301866564e+00
6.692921871853627636e+00
6.703559771067387096e+00
6.663734844427348314e+00
6.702822273277998733e+00
6.752937434361003355e+00
6.854646768211178021e+00
6.952160098386703346e+00
7.034286223759957046e+00
7.106397865316548490e+00
7.112754293190702626e+00
7.069424297959622905e+00
6.987913391858851853e+00
6.920196531776775295e+00
6.879879125303612675e+00
6.847667736438475039e+00
6.842730778252450463e+00
6.821974663552418328e+00
6.778032965373403052e+00
6.727764588173194227e+00
6.635442032930749967e+00
6.541478230752900025e+00
6.408192948631931785e+00
6.236482634617520837e+00
6.099112570465361038e+00
5.968336646321964700e+00
5.882245608728754682e+00
5.835441406267741549e+00
5.799397712195278665e+00
5.773695024627295780e+00
5.700907180916189532e+00
5.678419389797713990e+00
5.595078823626498554e+00
5.485759533450702996e+00
5.366173993704559386e+00
5.323499980950693988e+00
5.278523036738104857e+00
5.249283478960906635e+00
5.176072075256616500e+00
5.107905715965497251e+00
5.049359652486342220e+00
5.014926474056887962e+00
5.034181657228793405e+00
5.017686014399306949e+00
4.979349424538988877e+00
4.914784484322300528e+00
4.864349335295550247e+00
4.884549444081181413e+00
4.967950559894750207e+00
5.100744589191721801e+00
5.247896198424600200e+00
5.347646007822478786e+00
5.419417926327777302e+00
5.479764066673525669e+00
5.511814087580382271e+00
5.525706502399508224e+00
5.538361823048572496e+00
5.513178066589508042e+00
5.539589869842094672e+00
5.595017617121915698e+00
5.730916965181348743e+00
5.911082919644234046e+00
6.056428452962060227e+00
6.059050768067628212e+00
6.094850180639972415e+00
6.080354516499787643e+00
5.997323982730264902e+00
5.960312610186827342e+00
5.889002092845172953e+00
5.806268668550147005e+00
5.725233672580168687e+00
5.597647267224824752e+00
5.462131715632090767e+00
5.312404872757091390e+00
5.175156034138196581e+00
5.043220451999538945e+00
4.957053653440169683e+00
4.926281924193675721e+00
4.874368279336154686e+00
4.882551261119428609e+00
4.905740486682717894e+00
4.918200657722517910e+00
4.939590004735589623e+00
4.943533767812159141e+00
4.939287242148566293e+00
4.892073965188249218e+00
4.867619681619401284e+00
4.894778547497626420e+00
4.899798743471112772e+00
4.881181069128762928e+00
4.812453853714035112e+00
4.750669456440932414e+00
4.677897105017474466e+00
4.637599778121705540e+00
4.603076057893049189e+00
4.548197655184504917e+00
4.448817024545389742e+00
4.394459369108160374e+00
4.428801659340496855e+00
4.455254982396278152e+00
4.472579273758869434e+00
4.485792297747253521e+00
4.463828944627134199e+00
4.461704513169346242e+00
4.496288600434993121e+00
4.497270832659002515e+00
4.504732129045160072e+00
4.496780673062546363e+00
4.514178715282150200e+00
4.484964864331041134e+00
4.409980882093925025e+00
4.301974814171087402e+00
4.163931994299479911e+00
4.086488111711000570e+00
4.079865160106653121e+00
4.055432329672449931e+00
3.995086813506785628e+00
3.950828595836050727e+00
3.916375432709100046e+00
3.886025135929433993e+00
3.864521280508782297e+00
3.842699148991927327e+00
3.868166032378773878e+00
3.910252757038808369e+00
3.952079031553500599e+00
4.022516370533566921e+00
3.987087249912721010e+00
3.890229426381684341e+00
3.803425436405601712e+00
3.751353622586957037e+00
3.784825286367612840e+00
3.820781005154985088e+00
3.810007571914842295e+00
3.792092462286774879e+00
3.792818956132346209e+00
3.825070378798130832e+00
3.844047702343885042e+00
3.796027294820556897e+00
3.764861107388225658e+00
3.663905857962263646e+00
3.593916845403910543e+00
3.534189760663331459e+00
3.445384114047539637e+00
3.415594399344093812e+00
3.447220409703995347e+00
3.465318221031261636e+00
3.527072005154156198e+00
3.631915925628354636e+00
3.771076001900167007e+00
3.850648710426732180e+00
3.876581279646315270e+00
3.904614032189756223e+00
3.897107407331026785e+00
3.833983002570472642e+00
3.744767875071211005e+00
3.635736313732443659e+00
3.527889350143162073e+00
3.516818193184003238e+00
3.530654683334538024e+00
3.513330068540367890e+00
3.497327514708673313e+00
3.455501623843668213e+00
3.344548565200559320e+00
3.296108855464876974e+00
3.249810552232530014e+00
3.233684693488121376e+00
3.219396371449209315e+00
3.211482574198530227e+00
3.181901857385688981e+00
3.107205975481258431e+00
3.100613059802159732e+00
3.165174886229516371e+00
3.375590853054324381e+00
3.470701361695739617e+00
3.456005718244560487e+00
3.488587627876511554e+00
3.484388531623722418e+00
3.520996967957725765e+00
3.440146318185796304e+00
3.362472678746526444e+00
3.329035021313060394e+00
3.359644672698402612e+00
3.412748226139736829e+00
3.454895392546688537e+00
3.495496321975204435e+00
3.536493952029883925e+00
3.581594754714920725e+00
3.576331796875406255e+00
3.567490735771167376e+00
3.568482064865690528e+00
3.574477227250296707e+00
3.584297452875602641e+00
3.570176728834514979e+00
3.551961842264593106e+00
3.582628389897329679e+00
3.705638621587377113e+00
3.766014323523207530e+00
3.805490972457067578e+00
3.879483575571953224e+00
3.927911115631312455e+00
3.999775153286544427e+00
3.997796476997167670e+00
3.989123315560878957e+00
3.944300875562738007e+00
3.797015599090556748e+00
3.660236710582888353e+00
3.535708596870781317e+00
3.363924668348272640e+00
3.186678303420872105e+00
3.028477268271783096e+00
3.008386581197550758e+00
3.034014694910901255e+00
3.171980699422090932e+00
3.182223726428538679e+00
3.135262932086115395e+00
3.148533464776642976e+00
3.181667316858786787e+00
3.229354487143029750e+00
3.278020586088159938e+00
3.318290518025328595e+00
3.393361852772210252e+00
3.520495457951580587e+00
3.650228961600045618e+00
3.725214543951354873e+00
3.818156455391506388e+00
3.884836955172733752e+00
3.936917819986856415e+00
4.046130550881737342e+00
4.119830739403859354e+00
4.147006130394125911e+00
4.209892837064170834e+00
4.328207353229028165e+00
4.468203019438020895e+00
4.555336256615655444e+00
4.655475184014939316e+00
4.744518363022788066e+00
4.807393441812164880e+00
4.830384356885637054e+00
4.800502858858727961e+00
4.782359805527608643e+00
4.785823804017938166e+00
4.777579614651015660e+00
4.762845301924242492e+00
4.721356453608799519e+00
4.751720472759176417e+00
4.789095639560169815e+00
4.780476043226273397e+00
4.773356155130334955e+00
4.771144573608162354e+00
4.793093950085608235e+00
4.813254081479966473e+00
4.775365893858331212e+00
4.675650485109799526e+00
4.647724361902909607e+00
4.682177014349296229e+00
4.711189104390128612e+00
4.683526090508184581e+00
4.676697249338401363e+00
4.660574012352191708e+00
4.620341880900866727e+00
4.575722884461310258e+00
4.562295189030078468e+00
4.549349545901207215e+00
4.528322539338511810e+00
4.551368364547931478e+00
4.569972030867988089e+00
4.604533645612261417e+00
4.619292100188998162e+00
4.591637288406449358e+00
4.597245830805678501e+00
4.627042350142189342e+00
4.643798498877693248e+00
4.645927424697815944e+00
4.616900949522974251e+00
4.649830600412050430e+00
4.739893980430579745e+00
4.837597460267785365e+00
4.908402473329475768e+00
4.932309369955588885e+00
4.912954969445289422e+00
4.847343096824169528e+00
4.805991884664430280e+00
4.762057240083255927e+00
4.695612828998869226e+00
4.617997251373167522e+00
4.586888077639958539e+00
4.507550014603751265e+00
4.418612564728202408e+00
4.363108602077333309e+00
4.316666630460429310e+00
4.257315325654557725e+00
4.214176586117653223e+00
4.231699799224246661e+00
4.223410670107245579e+00
4.220491951730983793e+00
4.183713518130621090e+00
4.192115045435872211e+00
4.257111949298034936e+00
4.344757557779586499e+00
4.417887995246037924e+00
4.477519385224751680e+00
4.492901863751863623e+00
4.490891331596785108e+00
4.506356708069847450e+00
4.518471805528267105e+00
4.527750875834484212e+00
4.477363641906880964e+00
4.352297760413518013e+00
4.238805822325664607e+00
4.129499701087725683e+00
4.081740116662771811e+00
3.989662229415276595e+00
3.848253914675574983e+00
3.668703243218461640e+00
3.551378269023850898e+00
3.457955684999196144e+00
3.361773454440033504e+00
3.329656330023341493e+00
3.298331156873612890e+00
3.323878124157946257e+00
3.375538795437038164e+00
3.460588668070648133e+00
3.550458975061693945e+00
3.594823719278532614e+00
3.613394852996602680e+00
3.565480725472907064e+00
3.550169039493190404e+00
3.589755149756408859e+00
3.637905634145427669e+00
3.669417614902257263e+00
3.701644342699787149e+00
3.780186371721847127e+00
3.811910261821215062e+00
3.818665757713942899e+00
3.770057489138188167e+00
3.671229653393905945e+00
3.571308234609736232e+00
3.475649251847394261e+00
3.418345225873136606e+00
3.441597795274682348e+00
3.472589322299204362e+00
3.485523314121088845e+00
3.478798453405655966e+00
3.457862417344547801e+00
3.463574319182246342e+00
3.548007881707652356e+00
3.624848296307737527e+00
3.753751056337403469e+00
3.936454610450614400e+00
4.141872990841495294e+00
4.301163165199217708e+00
4.461402069950763050e+00
4.664010942669173154e+00
4.842868395463756137e+00
4.940199545245343771e+00
4.998704901972978121e+00
5.025646676779722100e+00
4.984284923658983679e+00
4.870980660247464122e+00
4.754740788565494647e+00
4.659493667489726931e+00
4.578488794417514107e+00
4.544911570109313459e+00
4.501426465713734615e+00
4.494651253088171039e+00
4.461527655274312387e+00
4.413583449332386444e+00
4.370636181643141605e+00
4.313210402987719405e+00
4.233143847446561914e+00
4.172707401735449295e+00
4.115944694599136255e+00
4.100492902405791007e+00
4.114977649202962162e+00
4.122304284432631860e+00
4.173374906071335211e+00
4.217823985228453587e+00
4.268060388306107455e+00
4.329857385473296461e+00
4.367579468182108293e+00
4.410460485400284014e+00
4.465741166143193830e+00
4.521720865655721511e+00
4.625886343779400001e+00
4.773979670331106817e+00
4.872441952704378743e+00
4.922958795679493349e+00
4.964755601697413923e+00
5.000660018238521687e+00
5.026423783696135850e+00
5.117611169686895778e+00
5.174961593113517111e+00
5.154720624773685422e+00
5.106431538328845221e+00
5.019414090188225153e+00
4.968866844848347952e+00
4.954342995961226848e+00
4.946009072084775582e+00
4.934163250198298378e+00
4.955633269274889230e+00
4.940978138980726797e+00
4.898619481643567752e+00
4.851637024902338169e+00
4.779808221900673892e+00
4.646699574205758410e+00
4.504494860828962999e+00
4.410444776454365723e+00
4.291764937264963109e+00
4.200952409341758731e+00
4.143749009827524254e+00
4.102740492681902218e+00
4.070659612723896537e+00
4.097936468034179214e+00
4.129308209557482456e+00
4.132201290382172765e+00
4.156524699803994416e+00
4.282410617384062590e+00
4.466801644656539061e+00
4.621137964288703159e+00
4.768427901757778642e+00
4.851225890507638638e+00
4.940202010447814374e+00
4.974219325151923776e+00
4.973418432821499202e+00
4.896933550766788379e+00
4.775611943648883972e+00
4.646165314579466354e+00
4.568951690718015435e+00
4.533621786496754957e+00
4.545655719475957923e+00
4.581145846688161605e+00
4.681131768627236234e+00
4.795100937224006543e+00
4.935392835409987633e+00
5.021853899453313730e+00
5.105357641171330840e+00
5.160549798193998505e+00
5.206971670905072180e+00
5.283148817442633316e+00
5.337188511536836266e+00
5.372022748017690752e+00
5.340486606656877022e+00
5.311952075520679273e+00
5.266721119853603916e+00
5.255463248134319088e+00
5.246390085746995169e+00
5.232892223248875041e+00
5.208131236645385798e+00
5.218004547903431600e+00
5.183575744863832213e+00
5.128918894889491042e+00
5.113037023131853154e+00
5.086018680809563541e+00
5.045118084582557394e+00
4.990051359492305494e+00
4.940286868800802367e+00
4.899906460319666479e+00
4.866231538857999972e+00
4.785321934892772688e+00
4.703417796764508552e+00
4.663844379676166163e+00
4.630575286027049486e+00
4.629812090932407642e+00
4.584059557234436255e+00
4.546731759861597055e+00
4.508579759402513432e+00
4.527710324949459242e+00
4.533129881496076763e+00
4.566769447644795754e+00
4.614469101594593781e+00
4.702852210893531115e+00
4.716897095032169140e+00
4.709741062058769856e+00
4.706272186480756403e+00
4.765252964820419379e+00
4.814124310740206525e+00
4.878400674550393390e+00
4.947165476892476654e+00
4.931539345132738283e+00
4.916153806200888710e+00
4.887840896256555823e+00
4.868436883275079730e+00
4.787663747847473061e+00
4.717346753924032576e+00
4.633100278019008478e+00
4.514764801882973799e+00
4.418462692244981227e+00
4.314062833517438911e+00
4.287521048507863419e+00
4.274148142500359349e+00
4.288206104910014638e+00
4.305586330794585415e+00
4.357329776729901738e+00
4.366700918063947334e+00
4.369871993058387361e+00
4.464522308352028013e+00
4.578329240917684118e+00
4.644838842086204345e+00
4.605150777702855969e+00
4.570481607316653871e+00
4.613535677709393212e+00
4.622635864479061496e+00
4.606330762547421465e+00
4.567794840485921881e+00
4.598725962535064937e+00
4.630873045080123873e+00
4.590358263773205216e+00
4.506323952907468566e+00
4.410414111909695123e+00
4.284907491630879584e+00
4.102823356569218483e+00
3.942896189547639985e+00
3.839394341471866756e+00
3.750674858809769585e+00
3.662906990509931848e+00
3.624821708919421681e+00
3.584492156408489283e+00
3.598376517229423754e+00
3.641104109868689598e+00
3.728060464936813645e+00
3.754557528445559900e+00
3.792341752570667524e+00
3.864114230359043667e+00
3.936320139646482197e+00
3.962492743437762588e+00
3.977114590438009856e+00
3.961443163162178482e+00
3.887442036289688208e+00
3.824483949379323455e+00
3.781260658369790306e+00
3.710529897777786967e+00
3.673484858280251952e+00
3.676353037103559540e+00
3.670934816463209849e+00
3.675681290636275467e+00
3.691755591124940228e+00
3.760146309630608918e+00
3.841020756636837508e+00
3.854794973650993661e+00
3.863270729083818633e+00
3.900432601114929732e+00
3.926352149769851696e+00
3.914837116821452412e+00
3.958152268337024271e+00
4.002953141372134205e+00
4.082966928092409020e+00
4.205742013652440825e+00
4.311432575914285081e+00
4.384739383313695171e+00
4.397558087075030819e+00
4.369130729981472783e+00
4.326957625565721166e+00
4.354396328630138591e+00
4.344208959756200805e+00
4.364813384634546267e+00
4.390984352308477945e+00
4.450610874862680255e+00
4.470764565533944079e+00
4.468553070779820224e+00
4.461359263863738711e+00
4.488447516235338774e+00
4.508460420626172471e+00
4.537420141996501677e+00
4.569958662245484859e+00
4.610134643336807336e+00
4.650048001849493851e+00
4.683324735147216700e+00
4.697132317913996324e+00
4.741724455914719805e+00
4.765891596325849022e+00
4.754412338044384789e+00
4.710261864128340470e+00
4.715167762332487023e+00
4.721024411149996602e+00
4.722515939661136919e+00
4.699887253581611191e+00
4.591045182909407885e+00
4.442225908849943394e+00
4.325869779447215180e+00
4.245517411443508138e+00
4.184309410767261816e+00
4.129923520361705513e+00
4.040216848375426828e+00
3.956445322148980814e+00
3.890352048519373884e+00
3.892509790790322111e+00
3.889695517298052518e+00
3.857745328863134038e+00
3.839463861393337396e+00
3.883030123806764156e+00
3.925558578845163904e+00
3.880823445988824449e+00
3.832195487921597810e+00
3.876017378645586486e+00
3.908521531351689227e+00
3.912952976309536535e+00
3.981273362618829914e+00
3.992601876495986524e+00
4.038309447105541850e+00
4.094821222347256651e+00
4.160835055510883507e+00
4.156191228189830333e+00
4.100904085600300952e+00
4.062806728310155435e+00
4.046105460597358316e+00
4.022515642863680796e+00
3.967759851997776810e+00
3.891048501270669036e+00
3.839224620197919879e+00
3.838268402274559232e+00
3.883493413835281238e+00
3.876632198905903604e+00
3.846710853261120278e+00
3.830673996447116370e+00
3.743652081895640471e+00
3.664509248309361755e+00
3.603009823404625500e+00
3.521021563509818098e+00
3.487063166027199568e+00
3.512481403021422199e+00
3.647922877859226087e+00
3.826313487005716496e+00
3.976424164684265961e+00
4.113775285653024305e+00
4.222105908967692223e+00
4.334636619436684768e+00
4.432716314430718896e+00
4.449704536081800832e+00
4.459183256866213085e+00
4.461397181165417614e+00
4.462614609846998981e+00
4.487579970757346715e+00
4.508745159554725213e+00
4.495461517894800529e+00
4.553059590062014550e+00
4.620383484009358277e+00
4.708333268132662397e+00
4.757602131873479578e+00
4.865573757273589983e+00
4.968991500642680137e+00
5.122483957682790745e+00
5.230927876653306718e+00
5.294220879739847341e+00
5.384402866184881731e+00
5.463013150113689598e+00
5.556297186001977195e+00
5.634338232695673021e+00
5.694716491832131133e+00
5.800260665649522807e+00
5.965568593337081893e+00
6.128937079000991162e+00
6.234511155506416991e+00
6.334888342032592767e+00
6.445509326395884919e+00
6.509170341341801169e+00
6.575254010446684561e+00
6.624299696537896409e+00
6.677503884454055516e+00
6.725738816909678341e+00
6.700091978752738875e+00
6.678048857581210918e+00
6.661046358402464840e+00
6.625667590263375040e+00
6.580813989577604772e+00
6.496581027553906651e+00
6.435413126649542015e+00
6.361518490000411141e+00
6.256969130018789294e+00
6.118579975947134209e+00
5.939829463498904616e+00
5.782841680967572451e+00
5.604159156777547501e+00
5.428125970841145786e+00
5.216884849107054301e+00
4.982940487736712498e+00
4.749655118029998846e+00
4.553016611227883814e+00
4.408445795795872257e+00
4.326273177964684358e+00
4.230189068600820335e+00
4.105150094938506022e+00
3.950308687432611432e+00
3.811332965006672513e+00
3.706494219348345887e+00
3.702766477940538259e+00
3.667669282082301585e+00
3.637217676345480211e+00
3.710140843694472057e+00
3.793406001966048269e+00
3.879803441804804631e+00
3.919702209804092785e+00
3.921954592613992929e+00
3.866738894759355283e+00
3.877187457938025439e+00
3.882791667506139799e+00
3.940979358628341700e+00
4.021887550871203310e+00
4.100548551068298408e+00
4.141103598728304469e+00
4.176115924751700348e+00
4.228255872771987889e+00
4.188678493165119754e+00
4.193864102886808887e+00
4.217141493002810826e+00
4.247323934070721840e+00
4.297570821576163880e+00
4.305601446052414794e+00
4.306901892533052667e+00
4.257825731979963280e+00
4.157455676306227588e+00
4.099278127778162251e+00
4.157096935464683618e+00
4.178797198234243560e+00
4.221611431415546178e+00
4.310540743227869065e+00
4.410317944660286038e+00
4.546278132712505915e+00
4.646280068773288363e+00
4.700489099379568714e+00
4.731273503993558727e+00
4.793614521305618048e+00
4.853906957932657917e+00
4.915419059446313632e+00
4.969418099568076563e+00
5.003974170766248619e+00
5.023075796598629239e+00
4.997374187864201289e+00
4.991166092020248968e+00
4.990645275761148802e+00
4.949659940142505654e+00
4.897961561314378542e+00
4.850132534937051432e+00
4.796475953485683341e+00
4.763928147501635735e+00
4.718927256670041537e+00
4.651181481878596813e+00
4.574795716148177149e+00
4.522993885153445248e+00
4.524931243902317490e+00
4.585842775982523101e+00
4.617531563584551968e+00
4.662827236908433370e+00
4.699496084117350314e+00
4.732910457409612803e+00
4.784580292154255510e+00
4.798189842761557244e+00
4.759750400868704823e+00
4.715915501304770885e+00
4.678707440659485073e+00
4.641802298813607841e+00
4.595366616949188021e+00
4.546620982762876295e+00
4.537841960858894019e+00
4.545904861642720007e+00
4.526789907287008141e+00
4.467809389734020087e+00
4.375471469893624565e+00
4.322730628565710553e+00
4.297056938773406110e+00
4.264657991981458451e+00
4.229594900955261139e+00
4.227495761971874266e+00
4.293207974108641523e+00
4.402686615716909557e+00
4.478298588651466794e+00
4.560120457410291372e+00
4.661981409331480641e+00
4.708846476735150333e+00
4.789116411080877711e+00
4.821740519193724595e+00
4.868945461364039495e+00
4.929010969710236445e+00
4.971115996504672729e+00
5.039956983572454696e+00
5.109755474720308221e+00
5.158292080063019647e+00
5.243545060867071506e+00
5.354114149144442614e+00
5.464859805566227635e+00
5.601665604377714658e+00
5.726012951052760869e+00
5.849019327070971386e+00
5.989183715900863625e+00
6.130068335069116969e+00
6.264245091261611442e+00
6.378323650039795290e+00
6.450683263662301492e+00
6.566185111189112078e+00
6.626370212894362233e+00
6.686881435269728335e+00
6.676162019098335065e+00
6.644823540427143627e+00
6.589699585153837802e+00
6.543197107365546827e+00
6.497927856358400867e+00
6.477229283925630909e+00
6.410246333376509398e+00
6.382294294366892551e+00
6.271426582600777344e+00
6.156564147872728654e+00
6.142348523400911198e+00
6.073305251367314916e+00
6.006194231718303023e+00
5.891917814240826168e+00
5.790974236868691172e+00
5.756033854215021783e+00
5.759063621552779288e+00
5.772296213469734205e+00
5.729747826623438733e+00
5.739442925010005858e+00
5.785970398725726049e+00
5.825595027144181870e+00
5.861377570084049360e+00
5.905418176875413039e+00
5.933722166679173959e+00
6.002067314516247976e+00
6.085041846807018651e+00
6.145748649655753404e+00
6.194374423808707064e+00
6.224838617478176239e+00
6.254282158643747813e+00
6.243280485747000341e+00
6.221035425991308543e+00
6.205406095211691841e+00
6.192614148422970644e+00
6.214179636028630327e+00
6.228090218578079984e+00
6.203244519881919494e+00
6.163193892589032608e+00
6.080604499986823619e+00
6.006551993098218745e+00
5.921052421492701612e+00
5.852629382815859316e+00
5.768556338018022700e+00
5.702014955214734115e+00
5.684557506678730832e+00
5.686883024547432441e+00
5.698680927434190302e+00
5.748076756127861842e+00
5.785560295392604857e+00
5.860674864568668596e+00
5.926682982084059859e+00
5.986940070781777479e+00
6.045257902732653399e+00
6.081920366135454614e+00
6.112386467311558214e+00
6.144058731615316127e+00
6.125963191633785776e+00
6.109720383635547591e+00
6.074674404458021648e+00
6.037117443502268976e+00
6.002329167022998568e+00
5.966594870912416582e+00
5.880524896404371482e+00
5.805520113815235916e+00
5.737223788979153305e+00
5.701159685467078297e+00
5.687668356619401955e+00
5.632923490437654834e+00
5.573887814391345508e+00
5.519601277518418669e+00
5.455750274209582251e+00
5.390818579832231450e+00
5.329641675427343905e+00
5.276089181475910550e+00
5.228976930694495984e+00
5.227344504227287025e+00
5.228350215663817302e+00
5.264932059915674145e+00
5.278742757625882298e+00
5.223175603298224168e+00
5.117951844861724275e+00
5.017499248860981531e+00
4.894648174437367771e+00
4.808920860238219852e+00
4.754377199945018617e+00
4.704712685080117751e+00
4.714165374218696414e+00
4.762437270219450625e+00
4.771749562333517325e+00
4.823758259866820275e+00
4.797854594192092037e+00
4.820786387793007499e+00
4.858653178846317644e+00
4.955393592409279790e+00
5.028766766272611655e+00
5.058871106194653855e+00
5.095009806693816756e+00
5.097375250984012673e+00
5.054484996298616473e+00
5.042868646060263416e+00
5.090170856952788370e+00
5.127949106496433096e+00
5.142933706310244268e+00
5.132075571517734858e+00
5.026919649375468424e+00
4.896200456078535268e+00
4.770296383018362896e+00
4.684823441079061901e+00
4.657397413680807396e+00
4.699504034600956004e+00
4.820314529677586002e+00
4.973211147416503941e+00
5.169291903044627823e+00
5.365964777822577858e+00
5.479369084610563156e+00
5.533207622960389038e+00
5.563461736475217023e+00
5.560506576161837522e+00
5.501178874785664696e+00
5.500539504279247538e+00
5.513756716432013150e+00
5.496540288286571929e+00
5.443386891513329218e+00
5.374739857707333535e+00
5.255841665470772028e+00
5.144125888495391763e+00
5.016686469696326256e+00
4.887348554058760897e+00
4.749867319948323896e+00
4.642658617971023638e+00
4.513143237321949996e+00
4.404592540130238376e+00
4.342451191696192758e+00
4.288543995823681954e+00
4.225115799228520430e+00
4.172027606118575704e+00
4.101827405862255027e+00
4.024081833061222468e+00
3.936077342834271242e+00
3.882502137435280165e+00
3.832851564782680409e+00
3.822783973744016794e+00
3.866609029944795939e+00
3.938886434048417318e+00
4.039094821739750429e+00
4.141892068841720231e+00
4.216224318744747457e+00
4.247551261527332755e+00
4.193713878626742719e+00
4.199810475288123790e+00
4.229422310165244170e+00
4.270543225409679344e+00
4.270940550412380077e+00
4.257414599263665167e+00
4.244767944420085648e+00
4.231285822594401225e+00
4.255501983280615796e+00
4.255122138350710514e+00
4.268411285770294050e+00
4.288244207233829819e+00
4.364448168312986986e+00
4.419225603811805847e+00
4.452848458362113071e+00
4.463048509756783133e+00
4.437360630192415556e+00
4.398263386453413304e+00
4.341611070499586944e+00
4.296694068416194945e+00
4.318817334455754775e+00
4.313950717084489739e+00
4.239987037043927209e+00
4.187942973554037884e+00
4.183297306052775610e+00
4.249739670557814541e+00
4.336095245646768070e+00
4.383052818386338423e+00
4.414579335303946195e+00
4.470213942123276496e+00
4.520624202059103425e+00
4.558226002782186370e+00
4.550179131823667511e+00
4.553731225987431408e+00
4.606850475144560697e+00
4.665569259190101015e+00
4.701326393800238534e+00
4.682138684869124212e+00
4.674311507737968441e+00
4.660203545296725203e+00
4.651037649812350239e+00
4.713269522134187817e+00
4.806090373777369251e+00
4.870324643861368763e+00
4.937303164931026167e+00
5.017806232712684888e+00
5.119113159676549785e+00
5.219625088789124234e+00
5.292080854948345348e+00
5.360747501890089417e+00
5.494975382936606145e+00
5.650834333614417559e+00
5.758772920971707343e+00
5.882598343431271637e+00
5.979946838498721107e+00
6.052986123238633276e+00
6.096163000186305858e+00
6.119259933351046676e+00
6.130935415773199892e+00
6.161642244925644718e+00
6.209349042128050833e+00
6.229101558472249778e+00
6.217246975282668231e+00
6.230700368259903144e+00
6.324009098499258741e+00
6.401487662500688458e+00
6.443598225243280631e+00
6.490960778669454534e+00
6.510015924497620787e+00
6.541211194093205172e+00
6.613099279107007789e+00
6.679062178130232397e+00
6.741759925278613785e+00
6.842857924956248894e+00
6.955600245674734339e+00
7.005691139791018429e+00
7.008584070673030020e+00
6.977331552492994859e+00
6.973310416890853070e+00
7.023805754668307699e+00
7.032404483042601129e+00
7.026441132911013909e+00
6.984179958132403776e+00
6.914522218116333718e+00
6.836982484264036763e+00
6.769562382974908310e+00
6.729215675912565864e+00
6.732192433378244800e+00
6.762978644482458002e+00
6.748083295418275895e+00
6.697589513745692003e+00
6.673688757211419187e+00
6.660509744469760740e+00
6.682056153464935200e+00
6.686940374491947559e+00
6.665715110523477094e+00
6.670091090759477481e+00
6.655524690132562426e+00
6.635452776771972871e+00
6.571111050997852310e+00
6.497856516967133622e+00
6.413702329576346450e+00
6.307620138321406777e+00
6.241184899451117651e+00
6.135375698629987440e+00
6.075990482484048272e+00
6.015493605389647946e+00
5.959988567390286818e+00
5.923496774295633038e+00
5.876126534033512705e+00
5.772290466808752463e+00
5.720843104939863366e+00
5.681509604275268188e+00
5.660601699097566275e+00
5.661130191089154273e+00
5.660218277476510629e+00
5.684977704430044909e+00
5.664116497762143432e+00
5.621755980767503047e+00
5.615299824712735699e+00
5.598410151043538008e+00
5.595740624403191532e+00
5.635242665082396130e+00
5.675081905591533804e+00
5.778009924190192770e+00
5.844438381142668781e+00
5.899772652284125840e+00
5.957778685717572742e+00
5.992000076401670761e+00
5.983272328747863966e+00
5.954671029514863712e+00
5.901979235179976691e+00
5.901462097605501889e+00
5.843115406397314970e+00
5.792707948197447720e+00
5.778460442830333221e+00
5.795477338541522805e+00
5.803320574633209716e+00
5.813870818528383388e+00
5.859412578727837051e+00
5.910092170377493126e+00
5.971767873167826757e+00
6.027758437825217364e+00
6.026741669189362050e+00
5.979606097229360095e+00
5.925779249085555200e+00
5.907624974247755567e+00
5.938843638255878687e+00
6.010083242414067328e+00
6.036429153150388416e+00
6.076298098390170210e+00
6.073344246772045096e+00
6.051193192106290475e+00
6.041386499842711366e+00
6.021793488146721884e+00
6.015507677586152901e+00
6.029849837000277546e+00
6.086903220602519760e+00
6.118558779997615105e+00
6.124289028071672192e+00
6.129021044123478035e+00
6.168902531532315159e+00
6.222849476056914853e+00
6.196385320173115829e+00
6.188316118077825223e+00
6.203856952611858766e+00
6.187468467928071369e+00
6.161588900518516709e+00
6.145557322975851555e+00
6.125797579657275449e+00
6.069689124239508793e+00
6.042460089207695617e+00
6.016192701828538603e+00
5.954339439657473143e+00
5.909310770418473524e+00
5.858973494825825412e+00
5.807542679801381169e+00
5.704953694855101176e+00
5.613983669382949238e+00
5.608890476590539187e+00
5.674609871062628486e+00
5.739052376484679918e+00
5.789747863147625573e+00
5.787092034569028876e+00
5.742324530126998283e+00
5.742250602970634610e+00
5.719268936123063973e+00
5.693615536081266804e+00
5.687029742483852957e+00
5.716277193747645313e+00
5.717361143441417326e+00
5.707373482398610420e+00
5.664344544863382680e+00
5.659258594063241610e+00
5.699769962322457140e+00
5.752685902555145780e+00
5.816840609586495070e+00
5.868941055458162026e+00
5.853433059744858724e+00
5.759416618883696160e+00
5.680069384725562998e+00
5.593375146177017143e+00
5.483177373276871158e+00
5.374328230512488425e+00
5.305696377727008972e+00
5.211553550246503796e+00
5.106631031601363446e+00
4.975725213543591430e+00
4.830090831999843459e+00
4.684358190919461151e+00
4.597831864823309189e+00
4.593387954556714448e+00
4.515565419496666344e+00
4.438622462805418500e+00
4.442309446058214206e+00
4.492310408682658185e+00
4.577835735761579095e+00
4.627175804714238616e+00
4.619864879929925117e+00
4.631216714038682625e+00
4.659206864062639397e+00
4.663193816957800664e+00
4.645710433674897999e+00
4.657156728191139905e+00
4.643692366184263953e+00
4.628155024327898381e+00
4.613680669200975970e+00
4.606022931256711139e+00
4.599402155033657458e+00
4.599382264435319279e+00
4.627723751817071296e+00
4.628103024779177233e+00
4.601753713202565876e+00
4.615544152159642088e+00
4.613694451445079281e+00
4.632270209217614898e+00
4.660264582095763330e+00
4.702628631944341109e+00
4.684007214351205484e+00
4.645356300616838574e+00
4.606547497281688663e+00
4.577219951287330169e+00
4.535909314941781290e+00
4.530975348741513642e+00
4.466133396122826227e+00
4.384815593432076497e+00
4.283216427209734611e+00
4.265277479200747734e+00
4.291787088098197422e+00
4.364954833799052025e+00
4.390060428283222294e+00
4.379327402578089057e+00
4.336915761602389452e+00
4.261396339582211645e+00
4.197489501698714598e+00
4.125300610457524719e+00
4.090016711926548254e+00
4.024455664124303667e+00
3.938333049504863848e+00
3.855245992290030177e+00
3.841276503302048173e+00
3.845722675039025873e+00
3.824864987380683701e+00
3.850862725074332804e+00
3.857291663630778356e+00
3.820032267778931789e+00
3.727059306063576827e+00
3.682169703025072405e+00
3.681413201509986077e+00
3.703639470936120226e+00
3.680456859929667868e+00
3.658646951847668749e+00
3.621966627755391688e+00
3.652584654955649768e+00
3.741829010184506643e+00
3.869477451412190128e+00
3.998900205682721865e+00
4.117630759997212841e+00
4.235870485000414298e+00
4.390073898304040156e+00
4.514590950444335782e+00
4.608974285009697525e+00
4.624106882554948506e+00
4.591396584311695506e+00
4.551382378229214432e+00
4.565342272970768001e+00
4.641470004008858119e+00
4.752012306168300171e+00
4.806320594128379753e+00
4.823972197099642756e+00
4.873263620372384253e+00
5.039699813146864216e+00
5.251960433952461038e+00
5.434624300432025379e+00
5.616763608782076034e+00
5.724545386363393717e+00
5.738059054956536009e+00
5.747115989262979063e+00
5.706354370335964710e+00
5.692359184182629761e+00
5.722091059871909913e+00
5.733700556867318276e+00
5.737758869190291655e+00
5.715745133871548589e+00
5.636967712410479336e+00
5.542973391052094634e+00
5.480610999329450728e+00
5.387964341760331344e+00
5.293202523328190523e+00
5.245187546624618058e+00
5.227075595829587584e+00
5.196125140541472121e+00
5.224380747400543257e+00
5.271020076971826285e+00
5.320846277070050867e+00
5.326204645563149320e+00
5.299417937386423638e+00
5.263229640865334069e+00
5.192245811981878845e+00
5.068806228061451868e+00
4.977653986905020034e+00
4.883354272243322747e+00
4.777890386976415549e+00
4.678313533864367990e+00
4.590490028571880821e+00
4.519127725142319640e+00
4.461274127760702868e+00
4.355569217975387986e+00
4.260970514889570460e+00
4.157058362364281834e+00
4.074030833373422311e+00
3.962693054882139965e+00
3.846247714644596361e+00
3.760914494767042981e+00
3.731405993041576163e+00
3.756295499244739933e+00
3.759709332263380777e+00
3.800906870244270763e+00
3.851545463743522468e+00
3.891524365275245145e+00
3.903507433056626397e+00
3.926643015576097184e+00
3.931922572611042721e+00
3.990846073549626283e+00
3.969098153745687974e+00
3.931054553055992606e+00
3.886425072801379610e+00
3.936501807149433763e+00
3.976745625753840940e+00
3.999676226188869865e+00
4.001333400526823958e+00
3.998307286889699164e+00
4.044795657703454950e+00
4.151524942316214606e+00
4.170741680977254617e+00
4.149282334778445325e+00
4.124234706093605318e+00
4.071714798866805651e+00
4.056333552862670722e+00
4.046416198674212872e+00
3.972392231811870289e+00
3.962297943041883208e+00
3.924781739622380083e+00
3.898304648847943810e+00
3.932071951680018884e+00
4.008716406198364446e+00
4.043193288473415414e+00
4.071463769545527356e+00
4.120937230778171312e+00
4.160969247866865395e+00
4.167156495261481908e+00
4.148395710154384908e+00
4.122799678948285695e+00
4.068587058004765389e+00
4.025487489685570353e+00
4.038054954424221243e+00
4.041381430022907395e+00
4.035711316114313441e+00
4.055338205134887630e+00
4.050463778646007817e+00
4.033110789833449950e+00
4.024603980663956193e+00
4.018800360908021396e+00
4.030572153448066075e+00
4.074431563930052569e+00
4.087402996594608595e+00
4.099263615200362310e+00
4.020367031759971788e+00
3.993379902628217515e+00
4.052724453219786582e+00
4.131525907974134881e+00
4.167224876087566976e+00
4.205568872191300933e+00
4.203763140541218135e+00
4.219607548971160860e+00
4.258831986883877541e+00
4.310711898986800072e+00
4.301090434493109349e+00
4.229735831654930500e+00
4.102377542947605704e+00
3.991443184590348192e+00
3.907305620196082963e+00
3.871183398921121732e+00
3.858480290698607096e+00
3.853645167120735682e+00
3.875340143142085747e+00
3.891634234644632429e+00
3.938097864870498288e+00
4.075650144627264382e+00
4.158069777085354524e+00
4.263795412452677347e+00
4.426702007079392764e+00
4.572092399670188101e+00
4.678189878409044766e+00
4.748456151130118208e+00
4.781032106512210333e+00
4.753585505532434752e+00
4.718771102310436838e+00
4.666188258768605657e+00
4.653358897249515458e+00
4.652263351664895019e+00
4.638277443835635339e+00
4.614851210773506018e+00
4.538396339078544450e+00
4.509903049622805860e+00
4.523362726458457495e+00
4.541538094947503268e+00
4.498358223150664692e+00
4.432040093237608502e+00
4.376277231987601546e+00
4.290737927905141191e+00
4.235177108891485354e+00
4.186579779243730037e+00
4.147491180435520342e+00
4.089177159252580296e+00
4.010293579108125783e+00
3.939744799163015454e+00
3.891005696039032902e+00
3.827535819403879103e+00
3.751268476115995121e+00
3.695904812540405704e+00
3.671689725454123643e+00
3.625367796975396573e+00
3.579846266793054621e+00
3.537655448333500097e+00
3.484024391404212384e+00
3.423549139550252640e+00
3.332293302519281131e+00
3.248104058185003584e+00
3.203506274341056947e+00
3.198195863689341056e+00
3.220311002882275453e+00
3.226152598836335095e+00
3.236031804447490057e+00
3.232678850975823526e+00
3.233408115980526354e+00
3.251892809283929431e+00
3.265811564909240072e+00
3.258866938724593432e+00
3.279029827877003367e+00
3.330082685458870539e+00
3.451465329089818734e+00
3.593605458279413689e+00
3.676900847854491783e+00
3.754610579696820771e+00
3.863237860658654821e+00
3.953724602784794318e+00
3.951355199078633085e+00
3.946179487595718793e+00
3.959735952674819259e+00
3.926569168659765463e+00
3.983048297772815882e+00
4.037095807444741169e+00
4.040169728842773367e+00
4.071245534059856119e+00
4.166746537651449422e+00
4.234189222396155472e+00
4.198830938700723436e+00
4.244255423440700170e+00
4.314671853854416206e+00
4.340440858304533300e+00
4.318850141982824020e+00
4.311783805018575499e+00
4.333074856735805724e+00
4.383382980001012008e+00
4.438470809498423542e+00
4.537188055478790893e+00
4.650671058514276979e+00
4.753569335311095934e+00
4.840071151686536233e+00
4.934397534550815756e+00
4.954577740436924671e+00
4.927621793410938977e+00
4.919431376490550178e+00
4.913027206750993692e+00
4.982056788939210001e+00
5.039588978717004508e+00
5.019811174441969115e+00
4.970440034999016099e+00
4.946792712674398018e+00
4.949855084754184453e+00
4.973420039909386858e+00
4.973064794403000199e+00
4.986866185046260114e+00
4.989485839974989290e+00
5.007581457514979739e+00
5.029316049276065570e+00
5.073245911428333699e+00
5.122889098586437484e+00
5.124635988740026349e+00
5.127215626304060692e+00
5.096927255030979431e+00
5.018941167389954217e+00
4.962037354824298419e+00
4.978468856370362516e+00
5.010323282224358188e+00
5.072689748093227813e+00
5.120250968328495134e+00
5.097339349585535473e+00
5.093465826368419158e+00
5.096096729233692280e+00
5.038561289688200162e+00
4.966487196274850469e+00
4.843696124081461107e+00
4.674414220439398804e+00
4.492770073671183084e+00
4.318153926797886122e+00
4.220996419478992401e+00
4.159351360508764195e+00
4.098334552892833216e+00
4.080297623226342374e+00
4.106182299670086522e+00
4.138667482290853350e+00
4.155069795046316905e+00
4.181550366640423455e+00
4.186025106206844981e+00
4.213627167406976071e+00
4.204274483144339492e+00
4.201936715313561166e+00
4.182765198391265038e+00
4.226098941174478263e+00
4.263989719982084203e+00
4.270455996864003900e+00
4.203428195914025167e+00
4.157747005589068401e+00
4.124027259440211424e+00
4.127334349266076785e+00
4.077286624595693354e+00
4.034856497037739409e+00
4.005416401351260092e+00
3.980358380629874571e+00
3.944039311476561505e+00
3.835570685659278833e+00
3.659109522206790199e+00
3.562432268046603845e+00
3.496740699382033579e+00
3.444694317819509521e+00
3.479619465000970191e+00
3.442774669038697333e+00
3.461458046489955809e+00
3.491757190113321752e+00
3.571288992183291544e+00
3.665201092117997383e+00
3.779639155979386267e+00
3.909844641174945679e+00
4.039615770664801708e+00
4.167752157452944139e+00
4.255869366002620779e+00
4.362705472688218400e+00
4.430043716137796572e+00
4.503543878501895747e+00
4.609227708042802796e+00
4.675663600288308075e+00
4.791056593436200828e+00
4.941032034452350175e+00
5.086837544159950930e+00
5.172510572679768437e+00
5.255868379015832481e+00
5.302717178764403627e+00
5.340960984056797756e+00
5.333411991706788591e+00
5.246565994854268666e+00
5.157280332709476944e+00
5.111739297023571993e+00
5.037239776692231885e+00
4.964697169062858961e+00
4.946555719196251921e+00
4.955278058231142424e+00
4.973775664836847632e+00
4.891888053096858258e+00
4.789189056892943164e+00
4.700678308113732662e+00
4.617554446340547791e+00
4.594187773190410162e+00
4.603925944896150035e+00
4.616959427172898422e+00
4.626412400078443454e+00
4.638980572392418011e+00
4.654341123852471895e+00
4.597030860509573991e+00
4.543193403884687953e+00
4.440252389541694100e+00
4.323997831512016887e+00
4.247939825095446764e+00
4.194275935757503682e+00
4.104226369638960037e+00
3.995483211311531058e+00
3.876933260190946751e+00
3.796950592172633865e+00
3.752376091744824560e+00
3.638351004092683638e+00
3.485639350500111533e+00
3.345259066247940893e+00
3.230510285333736409e+00
3.121086860973044885e+00
2.975243195781062333e+00
2.803934233102038487e+00
2.674050884760907465e+00
2.704935201885362517e+00
2.820040528990693129e+00
2.946671337602211338e+00
3.037623083851233474e+00
3.153025364798658359e+00
3.284580534145315589e+00
3.375912579993947560e+00
3.478806325318698267e+00
3.568561858336597670e+00
3.598738914494543639e+00
3.671506471327506738e+00
3.770574327573582796e+00
3.884424374452678297e+00
3.988484192126981576e+00
4.035351055680202137e+00
4.044120257000439977e+00
4.036886437842823305e+00
4.041234755303862336e+00
4.081624614618703184e+00
4.111405941919214158e+00
4.153897898175046066e+00
4.167379581989584914e+00
4.190621870883896705e+00
4.189892224327635972e+00
4.200929384703829150e+00
4.218750040611670471e+00
4.202269031861880499e+00
4.148809634068458152e+00
4.121632719284834323e+00
4.095285018209879446e+00
4.014248411843159836e+00
3.967459979533083381e+00
4.036263821348017977e+00
4.109006904911502112e+00
4.169596800657878077e+00
4.175301260410880566e+00
4.160591888441139474e+00
4.125063305773962519e+00
4.055117247827344507e+00
4.039248594524909031e+00
4.027879867877962816e+00
4.030897020720060731e+00
4.049223814872256355e+00
4.042763553866222104e+00
4.026225220195932764e+00
4.049987983904888011e+00
4.031726295512126690e+00
3.950321905427065072e+00
3.898080650564789362e+00
3.898003512565633599e+00
3.903242958205284552e+00
3.947179706389972065e+00
3.973847254130067785e+00
3.985200313261993532e+00
3.988368244626947057e+00
3.960778709746903381e+00
3.948970941015625957e+00
3.959011512017438950e+00
4.002202253723708303e+00
3.990670024580324604e+00
4.014392028492206776e+00
3.975516986919743534e+00
3.892577750598748221e+00
3.802565392891829710e+00
3.750290852918038542e+00
3.731183338065578781e+00
3.688574333368873415e+00
3.675854240801821327e+00
3.692952336159230242e+00
3.669383339845912140e+00
3.612837775225302916e+00
3.560807369568090408e+00
3.587849121972200628e+00
3.598767187482345253e+00
3.554782676443986933e+00
3.594426686872985499e+00
3.567231786897290480e+00
3.526201361248103350e+00
3.559871314185578672e+00
3.563437768618783696e+00
3.527284435589677525e+00
3.534627901147243900e+00
3.559995093357380735e+00
3.602121819214940235e+00
3.651548764065005503e+00
3.690310721738210287e+00
3.660567989812909762e+00
3.494674347237516798e+00
3.314081664317982234e+00
3.172103669810330651e+00
3.069439581076426116e+00
3.051641072571845026e+00
3.112825698419698472e+00
3.194924496860670260e+00
3.272795839917404859e+00
3.431095509151618650e+00
3.633502512463462786e+00
3.810802553712169694e+00
3.958971302661883573e+00
4.054925413664724587e+00
4.134078031583846347e+00
4.176321726275266322e+00
4.232421180548378459e+00
4.290520331235753382e+00
4.371793801243356370e+00
4.444226824579513568e+00
4.514148078549252929e+00
4.627744868703379311e+00
4.728029470150964642e+00
4.783262761331657842e+00
4.797693092906754941e+00
4.789359145813891772e+00
4.732218923896877705e+00
4.645568160966161209e+00
4.600642398622867724e+00
4.528889689346506486e+00
4.444193201659490278e+00
4.351763452634846097e+00
4.259415532372058166e+00
4.226268052133526076e+00
4.189679072873617294e+00
4.203252361504165258e+00
4.246706522615942170e+00
4.252883062787265800e+00
4.251021157603020129e+00
4.254135349450248960e+00
4.257595998689096106e+00
4.279646233917348219e+00
4.321548177576178595e+00
4.414175139754719979e+00
4.512667286985357684e+00
4.570372594835955482e+00
4.583134068738838884e+00
4.670364102331252987e+00
4.727378407022569284e+00
4.751123706499215338e+00
4.752935349516043573e+00
4.752679207088633895e+00
4.707079863215811955e+00
4.657856205484101508e+00
4.628203861120063323e+00
4.590913366143570151e+00
4.608057227454376736e+00
4.624568195819105831e+00
4.712560135936395334e+00
4.771391769552452367e+00
4.700257179019625475e+00
4.596520369942843409e+00
4.545474186107010262e+00
4.469595837812678774e+00
4.389392788321929473e+00
4.314498275824724338e+00
4.291852033874331340e+00
4.281151289825227302e+00
4.280218025902805756e+00
4.277600016288319651e+00
4.251743963545007610e+00
4.269525592915022649e+00
4.315064559385371368e+00
4.344260835327778736e+00
4.376737232094317420e+00
4.380158942376598752e+00
4.347282934175396463e+00
4.234675807729986197e+00
4.136770039293562462e+00
4.017739770300856605e+00
3.908640721133342044e+00
3.819119995953695668e+00
3.798354029595234493e+00
3.784113331501948618e+00
3.822537511345490913e+00
3.941055274041233680e+00
4.059534999809515377e+00
4.170965262135837293e+00
4.267191708544070927e+00
4.421106187647967367e+00
4.640078454474794611e+00
4.839956622631056860e+00
5.019685797903671087e+00
5.208718501985185156e+00
5.388587007147675578e+00
5.529497624982244730e+00
5.603120818434327077e+00
5.655947734202190880e+00
5.711608999605934933e+00
5.765766150188482264e+00
5.835613346825077485e+00
5.884798447233563046e+00
5.899312897804066758e+00
5.953851641602674327e+00
5.985990418593865492e+00
6.034264062927895189e+00
6.048861276658700881e+00
6.014725074095852442e+00
5.937997403361279680e+00
5.887147637047911886e+00
5.894208729007871739e+00
5.942449192793849200e+00
5.964795037219490226e+00
5.952109281601191348e+00
5.935538033529764945e+00
5.894375176140457917e+00
5.825145673588594697e+00
5.778078868308639038e+00
5.730835697709974141e+00
5.708706230524572156e+00
5.733683543730211163e+00
5.720877261416265291e+00
5.736195838524878354e+00
5.716141862903000082e+00
5.682908777268533385e+00
5.688605531835552398e+00
5.670639824952670160e+00
5.654942435562666958e+00
5.632732591357466845e+00
5.655806404320303571e+00
5.735846836859098019e+00
5.775151993290180030e+00
5.791419130087396283e+00
5.780076082395564363e+00
5.733765874932260864e+00
5.679876488368539533e+00
5.637326674962076289e+00
5.638316815726809317e+00
5.581902485902036304e+00
5.544918356036402152e+00
5.519376341397548735e+00
5.510954266094233667e+00
5.572536890792111564e+00
5.658802056914518097e+00
5.739043886345433165e+00
5.807919656384087581e+00
5.862356696412507340e+00
5.916821655390966050e+00
5.926043514750610086e+00
5.977010695874725776e+00
6.013386448893875524e+00
6.020704965442619461e+00
5.979126254520912731e+00
5.918594308246403202e+00
5.837555522728727908e+00
5.739478549535175667e+00
5.626106612775726212e+00
5.463510147470902467e+00
5.313602228494620050e+00
5.160077224355604564e+00
4.958770794174979457e+00
4.793670177294505841e+00
4.648758546648147139e+00
4.493393666809053499e+00
4.314386037223205683e+00
4.136266342343042801e+00
3.921976185302723739e+00
3.770509249797218576e+00
3.639556655786748696e+00
3.570726390674412443e+00
3.583356497909462757e+00
3.604098199579928163e+00
3.571764370942203115e+00
3.558078395843675246e+00
3.508180997334005458e+00
3.373079723526413165e+00
3.314311440841181788e+00
3.243218680408205490e+00
3.220237276984915020e+00
3.098641486400308676e+00
3.009284259335173406e+00
2.967596924785111057e+00
3.007061551842042935e+00
3.172831568543616143e+00
3.317138805481865127e+00
3.462530310883146889e+00
3.542624158613997043e+00
3.625014811474483789e+00
3.711115737939348236e+00
3.867121603766301874e+00
4.043526060151273249e+00
4.113145339139498979e+00
4.131140466306591819e+00
4.160203192841525066e+00
4.242760990957897604e+00
4.368786447621776148e+00
4.460274596173215755e+00
4.510495160056909647e+00
4.544345836829584151e+00
4.541425553023678674e+00
4.515526675593169337e+00
4.521635398857792865e+00
4.561408258629849222e+00
4.545714731524888919e+00
4.512229727846288618e+00
4.449333166020950081e+00
4.385096699742378590e+00
4.318527320542352221e+00
4.248746844661299704e+00
4.148878206830003634e+00
4.059335950554435080e+00
4.009856094885679845e+00
4.016255931779770805e+00
4.031625402633589594e+00
4.012876012695270056e+00
3.933865984049035536e+00
3.871057606724884970e+00
3.793482991634780088e+00
3.676681660839052235e+00
3.548079768970550774e+00
3.422837509774943499e+00
3.287115695788714653e+00
3.175683191439154118e+00
3.110435996277618909e+00
3.120787619258545309e+00
3.153831795205911614e+00
3.286397436700736918e+00
3.392624858123722387e+00
3.490670182146151213e+00
3.591292049198994363e+00
3.708044248490151684e+00
3.851306120275937328e+00
3.926484678913201076e+00
3.927606513502357455e+00
3.932948979915109167e+00
3.935815953208243290e+00
3.910498692607428772e+00
3.880704857385388173e+00
3.831356447127610032e+00
3.823113753863213837e+00
3.767235055994408111e+00
3.709524905337192813e+00
3.664110218474800451e+00
3.565333275608430608e+00
3.542696206462967012e+00
3.580528422524351218e+00
3.654826645209963143e+00
3.618403685438596362e+00
3.594981847002349795e+00
3.657826418822453185e+00
3.803952370098823366e+00
3.883759533037881795e+00
3.976972206131552223e+00
4.095770701678417502e+00
4.249400674315584325e+00
4.368766102381015592e+00
4.441266246976693033e+00
4.493267444102722052e+00
4.510792115659847390e+00
4.514580217137930340e+00
4.495223304285439703e+00
4.475502887936847252e+00
4.466210078977873366e+00
4.439183564644594071e+00
4.414633290308702662e+00
4.402724186115368532e+00
4.426185037452869508e+00
4.467765923349422685e+00
4.476457317486220333e+00
4.473184623767750168e+00
4.475973166690484284e+00
4.506943716892571672e+00
4.530993185626513764e+00
4.592949609034016056e+00
4.634233843203473313e+00
4.736329619809750646e+00
4.756980449473933170e+00
4.680420466916941358e+00
4.627098017935012741e+00
4.544719792900736799e+00
4.476962273380594937e+00
4.387836020591850961e+00
4.302274243877237225e+00
4.221162738101373435e+00
4.112402174065675098e+00
4.021515418853909729e+00
3.942328428399519247e+00
3.926605590291549763e+00
3.932491345103488189e+00
3.932003312747635260e+00
3.924277932299092164e+00
3.891498390799115636e+00
3.838932396479648013e+00
3.783171971036064285e+00
3.754180043107822495e+00
3.747155718205899433e+00
3.762154308259205493e+00
3.829576556273318388e+00
3.956223839870873338e+00
4.080416003985524398e+00
4.163878544533621273e+00
4.292240149103474067e+00
4.392492420539187314e+00
4.465498024688380418e+00
4.578373851101778413e+00
4.660137846462379940e+00
4.700185617875834332e+00
4.749204845205216685e+00
4.822794952719020145e+00
4.895903219550393537e+00
4.932647351881984221e+00
4.962482788698030056e+00
4.995796093365759916e+00
4.998299699386396178e+00
4.995394642294924026e+00
4.981864941998892071e+00
4.939487162265720599e+00
4.910299097598585405e+00
4.832713383471726409e+00
4.768987495306297397e+00
4.720619297625442634e+00
4.745572198791374596e+00
4.795848360669863197e+00
4.783478456363948084e+00
4.715086471514073452e+00
4.624303020404427755e+00
4.548828637111796525e+00
4.490692323767036420e+00
4.464200514858021052e+00
4.458150207476782256e+00
4.407626442565844016e+00
4.334148395242147345e+00
4.272944625794917961e+00
4.232026844342873240e+00
4.273318868839435680e+00
4.298127524670938726e+00
4.296124636531419405e+00
4.313110566571008775e+00
4.293578238350860943e+00
4.299510990558431445e+00
4.321025889896224825e+00
4.297498317535592527e+00
4.263395538009527641e+00
4.247209757408211495e+00
4.235052567476521368e+00
4.189855969469308050e+00
4.148293474813850246e+00
4.093094679323099783e+00
4.142870941989264644e+00
4.141354250781136948e+00
4.149739152127859931e+00
4.193053502930520260e+00
4.253371027327793819e+00
4.322774963900416267e+00
4.373954600330155706e+00
4.408046610129749965e+00
4.367951007578248834e+00
4.275950075538271555e+00
4.217866280904372545e+00
4.148004786135791377e+00
4.072874297582107950e+00
4.011846612176934279e+00
3.939400898598801160e+00
3.848286258352925593e+00
3.792731273575127293e+00
3.780990207343630782e+00
3.782248481850381872e+00
3.769387458216066911e+00
3.814323117616509773e+00
3.890478746021694079e+00
3.953643983545883422e+00
4.040564097794544729e+00
4.133641673565676911e+00
4.204192270247061991e+00
4.266648313780954105e+00
4.335238188334768594e+00
4.340507546012329243e+00
4.359334320946093300e+00
4.404198811639737698e+00
4.470785888820148379e+00
4.514514653681980683e+00
4.512475167849290258e+00
4.529237957336311737e+00
4.593851852079178677e+00
4.648623924741868585e+00
4.601471102356168963e+00
4.543328344746092817e+00
4.530578875983278131e+00
4.533608244874796966e+00
4.626697347086293988e+00
4.727096809655032317e+00
4.811831287873341800e+00
4.853061850827152135e+00
4.869995762245024729e+00
4.930991231670220465e+00
5.042035096827426344e+00
5.192859212265595659e+00
5.328851019898551478e+00
5.510768001274523264e+00
5.642856879854844188e+00
5.747220084180559851e+00
5.832166677404704735e+00
5.887164797960616980e+00
5.876067869193231097e+00
5.811115380786279871e+00
5.714912207586722914e+00
5.620087780950719925e+00
5.464183874584750633e+00
5.310700978580234377e+00
5.163222340850733616e+00
5.009859359844039517e+00
4.875599210863715172e+00
4.735194859370082554e+00
4.588029857899875275e+00
4.501867054778053046e+00
4.387956589403541940e+00
4.276040263906790706e+00
4.233534868605275392e+00
4.194223328670198647e+00
4.160701020260999528e+00
4.159913979586113086e+00
4.130025519791399979e+00
4.089768423278864695e+00
4.050168507627867065e+00
4.017789607843271327e+00
3.956246982144517421e+00
3.874587087182586931e+00
3.861395213024950479e+00
3.858801421303663215e+00
3.839988937324872786e+00
3.860325368738540597e+00
3.959228746869104754e+00
4.015666634561760873e+00
3.981257626640010816e+00
3.895682771206820938e+00
3.819437707521285308e+00
3.780148319212547126e+00
3.757960274113712806e+00
3.755195273030163428e+00
3.741223851172898129e+00
3.721898336335514923e+00
3.747505992784694318e+00
3.790381648778045953e+00
3.927391730338108733e+00
4.042077197932481880e+00
4.132113889810883123e+00
4.180058885173062677e+00
4.195924980446625874e+00
4.139165907768202146e+00
4.073317122054128880e+00
4.001101372479761942e+00
3.954104669333418975e+00
3.851117301807090332e+00
3.787356947295357212e+00
3.797278371611918946e+00
3.832169198012670197e+00
3.947180129634628720e+00
4.092375697097306642e+00
4.194604691732533475e+00
4.284532172116657378e+00
4.353325030344030289e+00
4.449112608814736802e+00
4.549756559139090051e+00
4.683828955094143431e+00
4.841202311068521169e+00
4.928218665491459483e+00
4.994922691615396815e+00
5.019958720570622646e+00
5.049061816949980575e+00
5.057802027746324924e+00
5.014937624791197202e+00
4.962315919056874414e+00
4.862365961004938342e+00
4.773326131337225497e+00
4.715179998919758475e+00
4.684315690130386400e+00
4.651847552109315664e+00
4.633038157370290122e+00
4.566362220583810583e+00
4.558699060849394691e+00
4.556695172855823373e+00
4.524187114802181497e+00
4.545096592798714141e+00
4.567139854684898914e+00
4.623723326582317661e+00
4.718264521946354151e+00
4.791096295344406286e+00
4.891158367020083553e+00
4.984134469576127380e+00
5.083391179737239085e+00
5.135743810670843956e+00
5.195622117966634868e+00
5.218923496869148693e+00
5.241331712885013872e+00
5.269887492922120664e+00
5.311120189915371270e+00
5.372152075725957765e+00
5.394756466651446480e+00
5.395413204516190220e+00
5.320137790638654884e+00
5.241099976211534006e+00
5.141910649915303999e+00
5.048970725625832046e+00
4.964267039456992769e+00
4.873834461064060264e+00
4.790284676863930891e+00
4.679038993478868314e+00
4.620059701066248969e+00
4.529304735170834206e+00
4.423177765195686284e+00
4.301014998635064757e+00
4.199670554200787720e+00
4.113829701949630824e+00
4.019304846100347106e+00
3.934569927492092667e+00
3.834879278834088190e+00
3.729124874027145875e+00
3.646911966416368056e+00
3.545936235565800398e+00
3.532247133837042252e+00
3.505570474410480308e+00
3.517390919292571194e+00
3.518180528927348671e+00
3.506348450898724600e+00
3.534382249566872858e+00
3.627141989241673858e+00
3.720546073827918576e+00
3.721703840348002501e+00
3.671167408311398095e+00
3.666485222679781053e+00
3.709132457379822778e+00
3.731867569735363599e+00
3.782984489782979409e+00
3.800359273005700977e+00
3.814006631039697837e+00
3.818797083021722827e+00
3.813642768398073812e+00
3.823595044674791055e+00
3.871130632911986780e+00
3.914938830776594436e+00
3.968508480427795249e+00
4.068833927763606084e+00
4.113442237895734266e+00
4.064922519214132279e+00
3.983587072167335208e+00
3.938100679987039943e+00
3.889140032991692753e+00
3.880790293303830740e+00
3.902921599205504855e+00
3.938734961973019644e+00
4.014571981259737576e+00
4.051808979413100253e+00
3.992898436805265572e+00
3.955381531144928964e+00
3.904091629456846402e+00
3.863635310217641283e+00
3.791552217992892437e+00
3.728394895239450779e+00
3.654134605610391162e+00
3.605049003627762705e+00
3.540836659588183721e+00
3.490649988641534307e+00
3.473490824100401664e+00
3.492185054249781206e+00
3.614531582293171841e+00
3.711887708039905753e+00
3.831164865953846199e+00
3.941614439500051859e+00
3.997069625616460176e+00
4.001923658869021239e+00
4.031585346394124691e+00
3.989133316586257472e+00
3.928792966998957414e+00
3.885965686611293268e+00
3.806474312247282832e+00
3.747387928849516658e+00
3.681501580214645131e+00
3.599197830028638467e+00
3.551382191265750166e+00
3.529162123195914713e+00
3.487541557983838025e+00
3.454176565714635050e+00
3.404417383867213598e+00
3.284630982493033979e+00
3.163671664109955817e+00
3.047819286883562739e+00
2.923166824445426748e+00
2.816493601729860075e+00
2.745473012906382237e+00
2.660186864535272200e+00
2.725752771782167905e+00
2.847113333098539201e+00
2.957044413120200943e+00
2.984738989658379360e+00
3.012069596190999121e+00
3.054856579844811737e+00
3.121454066566818231e+00
3.172271465324806972e+00
3.198049232203857173e+00
3.218252537473376140e+00
3.224395423613055200e+00
3.261782145788954423e+00
3.292779678439107460e+00
3.309879824322059516e+00
3.279322371851060680e+00
3.200916353412929904e+00
3.105408352008274697e+00
3.036561517462966098e+00
2.996841059680508401e+00
2.922364636156542073e+00
2.869663464725760171e+00
2.811317415895905558e+00
2.867491341652305348e+00
2.992421683032534752e+00
3.164893754102037882e+00
3.270432994611858213e+00
3.350032915864525673e+00
3.455058704334363462e+00
3.504842649634178020e+00
3.594565065138358495e+00
3.668103586851944264e+00
3.732362461022629585e+00
3.687059254020255139e+00
3.617639574378585632e+00
3.592685292522967533e+00
3.529015548574137906e+00
3.506734085736379125e+00
3.454910524379834591e+00
3.452479453401331444e+00
3.420455611448804500e+00
3.444213190392728219e+00
3.435887590847839679e+00
3.454471120513785465e+00
3.423990480733962727e+00
3.389921990296152821e+00
3.299358437082464679e+00
3.238865375788611889e+00
3.198881055912834892e+00
3.160827066925286921e+00
3.126635670113969478e+00
3.184145180074520631e+00
3.230999421049415954e+00
3.298835803833377600e+00
3.306499227242328587e+00
3.290056651927220521e+00
3.258903443869402228e+00
3.244621609830619313e+00
3.189677316355840286e+00
3.168876372813080877e+00
3.195455005068807086e+00
3.193087404941088003e+00
3.186830256708914177e+00
3.174488391643577323e+00
3.237693097933276309e+00
3.316661856151475796e+00
3.377316841890356525e+00
3.405942000945612502e+00
3.442506420025544411e+00
3.505548472115204817e+00
3.570891118356703586e+00
3.660776636475152834e+00
3.783920500170064649e+00
3.917343624442803929e+00
3.997611601641220425e+00
4.142877063591031472e+00
4.244877349537799383e+00
4.305692160425889092e+00
4.295175301798570544e+00
4.215831140057507476e+00
4.113845286575290139e+00
4.035054841715311369e+00
3.962600592299359903e+00
3.900496801550558335e+00
3.899610536400151872e+00
3.966976014684302942e+00
4.073842946073975568e+00
4.182705076333873784e+00
4.323979690192732761e+00
4.453062279243622079e+00
4.509442658431370710e+00
4.522337305870200552e+00
4.454866687515122159e+00
4.417018748441710052e+00
4.341262917883998540e+00
4.284981313615036314e+00
4.276463626753782776e+00
4.225418680830725471e+00
4.197156205269585882e+00
4.159396579889308221e+00
4.131795663229648419e+00
4.090684968131844457e+00
4.090878632789152647e+00
4.105194727027854817e+00
4.135505823248625923e+00
4.151758150345409959e+00
4.171645780940873571e+00
4.237536222917927198e+00
4.370982804105628006e+00
4.503132145220902771e+00
4.605917788480753394e+00
4.668527855209493538e+00
4.639656553100974357e+00
4.549175108723024330e+00
4.459418891467302970e+00
4.391215301411442340e+00
4.312037579953609701e+00
4.241108592175423020e+00
4.165677283671517905e+00
4.046557298693126192e+00
3.889401441769510193e+00
3.755827997551614228e+00
3.644737610940674166e+00
3.527505408337754833e+00
3.427229504134170046e+00
3.420522149751157759e+00
3.408446825257515300e+00
3.402800438879991951e+00
3.420847087987112012e+00
3.351858037344102481e+00
3.353159288559830475e+00
3.437399232462134080e+00
3.564478749792187706e+00
3.646868843599227361e+00
3.722422454422432914e+00
3.722384018781303539e+00
3.717228331725871193e+00
3.713178377836757971e+00
3.741769486965988989e+00
3.707115682968248560e+00
3.640827724798392673e+00
3.540551012985095891e+00
3.496068799267969762e+00
3.476172668346764638e+00
3.434318687640687262e+00
3.354750799653703375e+00
3.222152495150636842e+00
3.061774017164696549e+00
3.023430533384049657e+00
2.972022407308838154e+00
2.906476806215521957e+00
2.879777302732835498e+00
2.843274109138300254e+00
2.857568753724955002e+00
2.888551841998229452e+00
2.949495296205264072e+00
2.948324876567619768e+00
2.954834079326798868e+00
2.976810923237276363e+00
2.976321181506577762e+00
2.995989825713980537e+00
3.076535057912388904e+00
3.103038378176265155e+00
3.073861173901334176e+00
3.136982535421230622e+00
3.252176155581163020e+00
3.392129326097496733e+00
3.492223145983953003e+00
3.576692826179149964e+00
3.638549552367068785e+00
3.698344130120566842e+00
3.756883897496116731e+00
3.847375071048309003e+00
3.915673637776517779e+00
3.895011614746049400e+00
3.875044315655244986e+00
3.830987038897892383e+00
3.710873844363650420e+00
3.639292173702920685e+00
3.573118380837781327e+00
3.547994463608999283e+00
3.539223815240212456e+00
3.505537403612774661e+00
3.433389073330605168e+00
3.401333729659415273e+00
3.374427717755083656e+00
3.332749448097645839e+00
3.282491416666080131e+00
3.188975221287526196e+00
3.199006384255380198e+00
3.181967288607377320e+00
3.195477916805019358e+00
3.243679346338046887e+00
3.322707511407327008e+00
3.403995614102664380e+00
3.498794075049475261e+00
3.557113841277971922e+00
3.511089946397897510e+00
3.457112669104020597e+00
3.480579587744526471e+00
3.502847780692493362e+00
3.590500382229608434e+00
3.709556197482664963e+00
3.799619709382863419e+00
3.961119555170071749e+00
4.110554636181723787e+00
4.306791611045799328e+00
4.469798088606449227e+00
4.656723360533066014e+00
4.812046133088257349e+00
4.931733460322973883e+00
4.991863952450191100e+00
4.994932508614529532e+00
5.016592635924703281e+00
5.082962014441368304e+00
5.205559335732429460e+00
5.350072973057083736e+00
5.481157500319979725e+00
5.558871486957614572e+00
5.607990952190160527e+00
5.626247677748684062e+00
5.565728575933085231e+00
5.563807010246203610e+00
5.551748237193864455e+00
5.557208297579693479e+00
5.549351949325006750e+00
5.516570737612522812e+00
5.475305302633374005e+00
5.394504201912112329e+00
5.334176057321684539e+00
5.314323865750472997e+00
5.349966516070327138e+00
5.383047057723225670e+00
5.356605002455482989e+00
5.302251468965344827e+00
5.221391143552467362e+00
5.134198723264219666e+00
5.062663601728115026e+00
4.955377403725690577e+00
4.851865817420972782e+00
4.766936652505491701e+00
4.694342423520745378e+00
4.627360033482301738e+00
4.562091287771810499e+00
4.465036826982762719e+00
4.370227873923976603e+00
4.242621203854103129e+00
4.129498321829246699e+00
4.038139535270785174e+00
3.923370090292715329e+00
3.827163010332551352e+00
3.797399081940510346e+00
3.814319892894059372e+00
3.871368877426469179e+00
3.926374229473935884e+00
4.026660430747734054e+00
4.121293571092258468e+00
4.235916585004319224e+00
4.369283609306682692e+00
4.510517628229645304e+00
4.677070303054307487e+00
4.819100289709878915e+00
4.906930842087006361e+00
4.907644158731512718e+00
4.920429480155597446e+00
4.942368519131020932e+00
4.982703870566736803e+00
5.050595983319095872e+00
5.090655543722342635e+00
5.159125211450295900e+00
5.215733026885291501e+00
5.233210645261916483e+00
5.252297677159492473e+00
5.235963183472301274e+00
5.247156474484929944e+00
5.294763427055051430e+00
5.330103717011647646e+00
5.304162094199464939e+00
5.261177542338493218e+00
5.211664116381800937e+00
5.138709397586202599e+00
5.089674686249836100e+00
5.051863982399133590e+00
5.033961671374794555e+00
4.991418879377567563e+00
4.894541532864860933e+00
4.845070522118125389e+00
4.781426722780518723e+00
4.699848548682714622e+00
4.600087004374285193e+00
4.488132933964586790e+00
4.394640793428526315e+00
4.315200915047672225e+00
4.289372624500114028e+00
4.270955703701303285e+00
4.277459347212819729e+00
4.259851022450312108e+00
4.271184092111601771e+00
4.303191334170053395e+00
4.299716399857475224e+00
4.252114891786782813e+00
4.204137152872458039e+00
4.165176817983863522e+00
4.168737126291834016e+00
4.184698562644646458e+00
4.174542382499084603e+00
4.097495228754128860e+00
4.064142528807654919e+00
4.073809205248724474e+00
4.158142676159958029e+00
4.215146765299135900e+00
4.240219296682762540e+00
4.239731971862051196e+00
4.264767774814379742e+00
4.276413499290308451e+00
4.184685457000107078e+00
4.070709229844882593e+00
4.002646156856636495e+00
3.954397063878695828e+00
3.888498927842601205e+00
3.826129695621779181e+00
3.707077580031111097e+00
3.601436724691157831e+00
3.511561531872040565e+00
3.450166690830626770e+00
3.412538605408411918e+00
3.481939882529191621e+00
3.524739007588421735e+00
3.576785941765781907e+00
3.658173455630642668e+00
3.692641076598184302e+00
3.691364160231899394e+00
3.657683151041545067e+00
3.616050604854284423e+00
3.644372004752478578e+00
3.700638369994622145e+00
3.751368964174881526e+00
3.790150873851807489e+00
3.830447050368465334e+00
3.887753053514123813e+00
3.953395207492151009e+00
4.052244829918716817e+00
4.117048074019834303e+00
4.124462043901303332e+00
4.079157199332586359e+00
4.031656543694887240e+00
3.948578375891836245e+00
3.859947442352777092e+00
3.791714918260631340e+00
3.733423993713813616e+00
3.707541408498013169e+00
3.723008226092074047e+00
3.791969142846223662e+00
3.909986887584349091e+00
4.012583654921098919e+00
4.065608680678974629e+00
4.166306329867005331e+00
4.278506825677919956e+00
4.345249171338678273e+00
4.370108597496931147e+00
4.399271076685061566e+00
4.442591587430787747e+00
4.443547089167910080e+00
4.470884882835406415e+00
4.482866161277902606e+00
4.515854115272158076e+00
4.522060512455945869e+00
4.526336104096963631e+00
4.541578529957370769e+00
4.558498656438536578e+00
4.522407787475605900e+00
4.404032444014562842e+00
4.290748340374359593e+00
4.184666713795002657e+00
4.043866887735764415e+00
3.915529953571479815e+00
3.804807500852267044e+00
3.690987099951683170e+00
3.609391787585772171e+00
3.530574147490809889e+00
3.503242461329774571e+00
3.513004959534812066e+00
3.594224071369200413e+00
3.603379244804319370e+00
3.554167863804348126e+00
3.469472540556017393e+00
3.373962664097553521e+00
3.343721269449150491e+00
3.293859226332304324e+00
3.288489818990318003e+00
3.267919475979969235e+00
3.274908507932375201e+00
3.311320694507460694e+00
3.337561942421956029e+00
3.376196685212779158e+00
3.416067164468588491e+00
3.444982587990227163e+00
3.525693822863992466e+00
3.532161371739082067e+00
3.571146507491730127e+00
3.609865145747882309e+00
3.642245217051699679e+00
3.696446500797758716e+00
3.768246609091603805e+00
3.851110713741432878e+00
3.863435268951330936e+00
3.843884413657252530e+00
3.819889783740670453e+00
3.794525213759003091e+00
3.760878616057124812e+00
3.769480579803930365e+00
3.830836540080374331e+00
3.914911671954429018e+00
3.947793014528840239e+00
3.979155489219690534e+00
4.009645668778368588e+00
4.071528425505890780e+00
4.187601802122571826e+00
4.312950953218603445e+00
4.416136681572738532e+00
4.391237189069892466e+00
4.358514640331426548e+00
4.301600610279738390e+00
4.251261526178750749e+00
4.201996438356222718e+00
4.162600231269808937e+00
4.107116429322881679e+00
4.010110522595409677e+00
3.953481090670230014e+00
3.869758619664613430e+00
3.814064531807960901e+00
3.764441135631032331e+00
3.766704607786020009e+00
3.754560249411159845e+00
3.733537434888319240e+00
3.680322997542662122e+00
3.644801858863366384e+00
3.623822447720526974e+00
3.572203311774800216e+00
3.606626361614662990e+00
3.584133239214483346e+00
3.521198068770813983e+00
3.380549674154873063e+00
3.175278099090474537e+00
3.089386292727330119e+00
3.036258490639825780e+00
3.005804900862873996e+00
3.076085830686298817e+00
3.138264848814426689e+00
3.143920272053714271e+00
3.102477284280481751e+00
3.043109626087217912e+00
3.020194542520158620e+00
3.064687327309412179e+00
3.140376350542543715e+00
3.189367141877339940e+00
3.233767914295252233e+00
3.244948384952988985e+00
3.203449466392381151e+00
3.170577549912966031e+00
3.244107298293629871e+00
3.306534702551435334e+00
3.395946573889187636e+00
3.443596717643182092e+00
3.476515387060353568e+00
3.437702012896274084e+00
3.351550932462646681e+00
3.354437751861986339e+00
3.373502831997642559e+00
3.279866332650788863e+00
3.207938660744395154e+00
3.178614375438592266e+00
3.151504376252391548e+00
3.072942585075366662e+00
3.011779009182453670e+00
2.935119114543904395e+00
2.882393246930510688e+00
2.895486814071669190e+00
2.921019795098081406e+00
2.930543517974600665e+00
2.916034836610535752e+00
2.910718234105717173e+00
2.846012164441684256e+00
2.814319860435364529e+00
2.819506078879952859e+00
2.812132269296213849e+00
2.769795746209904319e+00
2.755321519238051131e+00
2.763888330753675238e+00
2.801741436996710188e+00
2.862266194296231969e+00
2.966163563472183018e+00
3.127704379860229533e+00
3.272970491054442377e+00
3.455491771900768505e+00
3.564657666037131634e+00
3.620363904435430769e+00
3.651977932916121272e+00
3.760068615544096104e+00
3.825811242277469049e+00
3.906445094372863025e+00
3.995590902714438730e+00
4.041030131123316771e+00
4.041368808701982118e+00
4.036799810108822051e+00
4.079866657871192182e+00
4.135986529927752287e+00
4.223564141539323913e+00
4.265864009292759995e+00
4.328161691570825198e+00
4.394522850782929702e+00
4.400124553149380446e+00
4.372399719594610268e+00
4.347446890005183917e+00
4.377025217670230894e+00
4.349741705873246822e+00
4.279049317263387664e+00
4.182029149875462259e+00
4.056806700728754045e+00
3.981824137894089066e+00
3.898306863203210959e+00
3.867770067999123818e+00
3.802933970706520839e+00
3.723799634906722389e+00
3.663791754562299552e+00
3.581253373774792248e+00
3.528001689849729061e+00
3.367537336667372205e+00
3.283013463797248122e+00
3.206880266224060971e+00
3.147799561200024687e+00
3.069801461550690114e+00
3.011506458939212649e+00
2.918769193848696375e+00
2.807561831403387664e+00
2.788506939104234750e+00
2.788494882495855975e+00
2.779686788538638265e+00
2.797346302805300944e+00
2.862439425621521760e+00
2.854900404129049107e+00
2.894931119390748098e+00
2.880559668457677969e+00
2.847249902209555650e+00
2.904032230086945887e+00
2.920038844261285238e+00
2.922670924874378962e+00
2.996570985483540284e+00
3.012597221481652543e+00
3.065131813525744597e+00
3.027107410264551657e+00
2.949755457390072166e+00
2.911840048756316524e+00
2.898259896841907768e+00
2.876357213589810335e+00
2.825223180041586790e+00
2.810631703850550611e+00
2.840215014439142927e+00
2.909774023308872248e+00
2.989346106786120671e+00
3.068141479183396747e+00
3.216556669628694021e+00
3.339847429602479600e+00
3.369469711589522909e+00
3.407322558047307215e+00
3.468254686012156363e+00
3.497721782666481705e+00
3.591578439473279705e+00
3.748200653933565274e+00
3.889756658926677879e+00
4.032331700069308411e+00
4.107912910101751969e+00
4.088381541576966427e+00
3.956034278039286090e+00
3.759274414800628517e+00
3.581000230851565380e+00
3.403671740858190908e+00
3.321977485850077905e+00
3.271854734883702598e+00
3.170378230694883115e+00
3.092910925346904705e+00
3.023639652418094403e+00
2.954193787515189129e+00
2.921105018207904802e+00
2.927545755636327574e+00
2.888632841416731267e+00
2.851476456943185411e+00
2.827428729678497010e+00
2.779519105571417459e+00
2.709670929508967152e+00
2.650582530988658814e+00
2.608225315482103124e+00
2.615125408597685830e+00
2.600275122778194614e+00
2.699872925388365097e+00
2.929674498637509394e+00
3.148219491510516388e+00
3.332212991888263698e+00
3.389070611396441723e+00
3.413246900942182194e+00
3.394293965702663396e+00
3.333811971425545195e+00
3.285217561350636029e+00
3.190305591382956774e+00
3.085678433575930413e+00
3.019211500626498346e+00
2.992834291735626540e+00
3.048133280495078257e+00
3.019836008871158217e+00
3.035057002955936056e+00
2.982803111611847857e+00
2.899834239411414050e+00
2.924250767367554182e+00
2.965934931860225277e+00
2.959804978832843769e+00
3.005409479486386370e+00
3.126069367778491426e+00
3.244514307350536253e+00
3.447015758659710993e+00
3.643018476200620803e+00
3.713809562178963741e+00
3.769471420110078519e+00
3.814962460574972347e+00
3.840692650431416055e+00
3.810358370320841015e+00
3.749425507570608218e+00
3.646174316261873827e+00
3.599874664821865355e+00
3.618329877588708055e+00
3.621001530224551956e+00
3.596610588759290295e+00
3.555090386319529117e+00
3.500862895700294963e+00
3.471203335870437279e+00
3.458823460300433972e+00
3.373796315781866006e+00
3.290201785644477184e+00
3.290589695137790649e+00
3.322979899419100658e+00
3.357983367151035736e+00
3.468537327773911105e+00
3.648836482027001615e+00
3.823512021547279094e+00
3.875893141840117906e+00
3.917612228310454192e+00
3.973080597655807455e+00
3.961481318513446759e+00
3.971225611980167880e+00
3.975371209000081674e+00
3.999689179136975081e+00
4.038056834588378052e+00
4.084937656039710596e+00
4.156752861416226352e+00
4.266525591788342453e+00
4.338009111046355670e+00
4.433286500970596400e+00
4.535534959137911493e+00
4.607449170995939092e+00
4.643951723407905519e+00
4.670657479674956924e+00
4.680109400449843804e+00
4.660595812239342273e+00
4.656803241770699486e+00
4.614813146084958184e+00
4.641357802703076629e+00
4.664791210831485735e+00
4.697619334711180983e+00
4.706767418615376286e+00
4.726505270086858168e+00
4.752962110988849354e+00
4.828400026031634873e+00
4.879184676745968119e+00
4.929254314295442363e+00
4.948692686383509454e+00
4.972677396341905975e+00
4.987375545723146786e+00
4.949554160115494206e+00
4.862536313097276519e+00
4.805514667147403607e+00
4.832678536375489387e+00
4.836995659921307755e+00
4.792496107185745480e+00
4.678005566127664494e+00
4.552852126957394496e+00
4.448499333165917058e+00
4.351203194408522101e+00
4.275309004555936987e+00
4.242633733553565101e+00
4.251518293485387012e+00
4.296777849222105594e+00
4.352772380643896710e+00
4.394199247588818302e+00
4.413725658621218351e+00
4.396848763615895272e+00
4.388221781045337444e+00
4.415993275128849760e+00
4.425629162002448602e+00
4.448960560555885735e+00
4.468075592981979760e+00
4.535595383828226801e+00
4.598906471931317519e+00
4.697602263437203440e+00
4.788386235243724087e+00
4.897516526417874161e+00
5.021115008397511126e+00
5.060504741602956713e+00
5.033766266317597271e+00
4.990956950790673474e+00
4.969175528868333025e+00
5.005871466390306779e+00
5.061363153950130922e+00
5.160952474529908685e+00
5.311126213877144231e+00
5.381070489899111742e+00
5.437128639677933251e+00
5.501445320181323595e+00
5.645094523515206575e+00
5.852919348936613808e+00
6.046297068012603582e+00
6.179106325084846141e+00
6.306490408042803253e+00
6.390861718911598821e+00
6.414695376968357898e+00
6.432052446227069176e+00
6.418896349155761349e+00
6.370340259646402714e+00
6.321282510222573592e+00
6.317201004308841128e+00
6.327701066461989932e+00
6.330895882909652883e+00
6.349164858176854054e+00
6.398997267820621282e+00
6.466515176695097011e+00
6.448112011953273104e+00
6.352132820328362683e+00
6.253961963040274519e+00
6.178841224207849869e+00
6.176357620112701063e+00
6.154482227476541389e+00
6.129198357565681654e+00
6.109236633413648754e+00
6.147569891049025514e+00
6.191383093630017598e+00
6.206005865021015921e+00
6.206182372599154284e+00
6.228268360359664690e+00
6.190468524362162661e+00
6.114982201027848063e+00
6.051955754701859647e+00
6.030407384127934201e+00
6.009818516130045474e+00
6.030885136792875301e+00
6.034026123543303477e+00
5.968314643164632116e+00
5.873185792533342386e+00
5.800996572469816925e+00
5.695751913658409826e+00
5.535675064691423231e+00
5.355203975944021089e+00
5.152914003087000872e+00
4.969829777128883741e+00
4.789324557964129703e+00
4.578239855365643152e+00
4.438332659045795658e+00
4.282217917111601047e+00
4.091626971670896395e+00
3.879509127419733527e+00
3.740199213597453998e+00
3.642742343206203604e+00
3.614584622240120559e+00
3.655778650496053217e+00
3.719331160943976311e+00
3.849889767044220257e+00
3.957351296214544067e+00
4.044192050681786554e+00
4.123780457474282457e+00
4.071092910728236092e+00
3.996252782838310758e+00
3.954202838434879297e+00
3.985750397782882981e+00
4.095635328555434995e+00
4.196642078168112633e+00
4.279904879004360119e+00
4.344114119991175471e+00
4.423371119961249320e+00
4.577138165930770164e+00
4.735043641631776268e+00
4.888341944265117256e+00
5.064000710082189549e+00
5.194269552101117959e+00
5.251410196731134405e+00
5.316094904411165167e+00
5.355209713032804686e+00
5.408325055190156050e+00
5.420604362503925522e+00
5.410080416515662627e+00
5.377306353533805705e+00
5.305666245113831003e+00
5.214483666912884452e+00
5.128807407468039870e+00
5.065270898594111948e+00
4.973263266628302759e+00
4.858589297148504293e+00
4.770079473104360090e+00
4.730423768785925631e+00
4.691218497239213470e+00
4.714976090213443882e+00
4.711138413188811214e+00
4.680727387313901922e+00
4.645502719285754090e+00
4.604563059065521990e+00
4.534216184136244721e+00
4.463105926079059316e+00
4.415213222166564755e+00
4.333368150355309645e+00
4.301340682210793354e+00
4.284426368770708038e+00
4.270648505055378408e+00
4.285291169947861967e+00
4.341829976499277599e+00
4.381958036353465147e+00
4.416840186892407871e+00
4.430427839866617035e+00
4.465621971348416430e+00
4.509568431377977582e+00
4.510682563629324626e+00
4.543771324339892281e+00
4.623521243496532485e+00
4.712813402659175921e+00
4.803231296325125577e+00
4.914559823530425753e+00
4.988452361078017816e+00
5.004815469250692317e+00
4.963470524665583028e+00
4.935687936151552435e+00
4.966671525168547596e+00
5.001330121193769074e+00
5.005725194726776905e+00
5.065153048399902325e+00
5.103563866785698622e+00
5.104692490943323335e+00
5.138435311615554113e+00
5.152996294006812583e+00
5.120457175819252527e+00
5.020098215623435500e+00
4.921624625656288998e+00
4.764203283864075544e+00
4.626370976258005641e+00
4.511833338636267676e+00
4.400163853796223989e+00
4.255265664198790709e+00
4.088221489607302139e+00
3.959825300063853692e+00
3.856043560293528127e+00
3.722007688243488932e+00
3.553179131053508133e+00
3.408056510211618484e+00
3.332921634089754281e+00
3.275815235892298283e+00
3.242161140851739454e+00
3.217842026750766138e+00
3.253214141906049850e+00
3.298291150651337933e+00
3.323929276976977487e+00
3.360521812428227229e+00
3.452403446458396363e+00
3.497607248803249469e+00
3.495456708577350469e+00
3.483476251907325238e+00
3.436454953243691435e+00
3.352016275214199315e+00
3.289881459250934892e+00
3.211160448047388094e+00
3.117545682666335249e+00
3.125346172164288561e+00
3.169350621361313181e+00
3.140467350992474760e+00
3.184637818760112093e+00
3.263810804005484290e+00
3.389451662021624401e+00
3.465674169947051464e+00
3.450625890131329587e+00
3.408755085655730266e+00
3.343999479605258340e+00
3.258116288229983226e+00
3.260524666037349029e+00
3.314066427785457236e+00
3.351738776052291424e+00
3.313045010230584619e+00
3.294558988311650172e+00
3.299375739416416931e+00
3.379302322449564411e+00
3.529013639972537586e+00
3.654978051861060173e+00
3.720954122300342171e+00
3.802049676008605772e+00
3.853170922768585971e+00
3.840517087644722771e+00
3.851289209964336546e+00
3.839350439015638994e+00
3.858548855960986845e+00
3.936825946711805191e+00
3.998214651065265191e+00
4.042547228787225500e+00
4.050263304490115068e+00
4.039867219006706200e+00
3.980166159273179183e+00
3.957339296663044514e+00
3.996505767726284741e+00
4.045988772085631346e+00
4.128373695899014706e+00
4.119093379493008911e+00
4.119857799891261330e+00
4.111368510969247936e+00
4.165139117668259949e+00
4.203580167313872629e+00
4.193500390962887181e+00
4.206585046732222999e+00
4.279753932041746367e+00
4.379365097227210235e+00
4.437494683118302419e+00
4.493230198103865369e+00
4.540637992724038341e+00
4.609368395622515990e+00
4.658621167633139493e+00
4.680030098737361755e+00
4.690860221470612323e+00
4.666857304979624921e+00
4.656287896619360822e+00
4.697065241214810172e+00
4.765626798773374695e+00
4.810902585407811571e+00
4.838049057928276220e+00
4.833904286228618119e+00
4.919349364281172754e+00
4.986841786232476537e+00
5.023590741417597982e+00
5.080051662070883545e+00
5.148229137518947063e+00
5.250293620437975761e+00
5.345702092517415238e+00
5.450776543989825917e+00
5.545361503739023590e+00
5.657950724726161340e+00
5.787497031253509228e+00
5.878233140642095123e+00
5.930238651214183143e+00
5.974081281556112621e+00
5.964850509302567438e+00
5.970822824135836981e+00
5.938421013923328218e+00
5.926338880522285635e+00
5.942442756763369083e+00
5.906016488883742532e+00
5.853091124844798543e+00
5.788017751629415564e+00
5.694905765735594372e+00
5.631714620956426387e+00
5.563319461815510181e+00
5.522369218144858927e+00
5.474658050814711352e+00
5.405682496493347422e+00
5.325977228919521522e+00
5.246018866496712896e+00
5.154578936794942834e+00
5.038959111451210227e+00
4.935404519545900648e+00
4.762676887064452913e+00
4.630099186460107319e+00
4.531928092424343468e+00
4.420330110369335763e+00
4.320049426452535535e+00
4.204196046889448368e+00
4.021589371938512514e+00
3.729012405575906630e+00
3.482327874878292207e+00
3.272670460693696270e+00
3.175501274476367985e+00
3.168521121995824252e+00
3.211744627368378957e+00
3.268684753386162711e+00
3.296249149585965377e+00
3.431614971312006102e+00
3.479046187399662315e+00
3.537138367452458798e+00
3.602177607246282776e+00
3.664637542140101178e+00
3.752097427534440310e+00
3.836877657616992732e+00
3.907126763741560982e+00
3.995102572700226062e+00
4.031358251306094154e+00
4.056897823368354139e+00
4.137229871964732020e+00
4.215340644368928302e+00
4.294209575038962612e+00
4.341465720904116310e+00
4.359250178999975134e+00
4.349421246307081823e+00
4.378214701196317726e+00
4.400125392363562149e+00
4.461755438110500904e+00
4.524714354561018226e+00
4.546109358480408424e+00
4.571278906982922052e+00
4.623438833914068624e+00
4.653694665820678367e+00
4.689507785492500247e+00
4.717797904636328532e+00
4.687044281120384071e+00
4.662651335678133613e+00
4.738370424148643956e+00
4.787571804135620113e+00
4.848085007315583894e+00
4.892354984997385969e+00
4.903965434489731656e+00
4.899780125062545011e+00
4.822178912295604469e+00
4.696017427201637062e+00
4.584804529092235903e+00
4.510973727314252280e+00
4.411977372159351596e+00
4.347829150615677207e+00
4.372652423340958272e+00
4.433369837958853310e+00
4.529699017010133666e+00
4.635996009737669787e+00
4.716986768767059246e+00
4.827612053450576646e+00
4.936628115965863373e+00
5.045292226469527463e+00
5.138739839939352905e+00
5.240837747098933797e+00
5.357201297021028097e+00
5.464731861437270410e+00
5.542450049015394953e+00
5.550742971530658210e+00
5.516295900048569401e+00
5.424324154010757404e+00
5.319474475936039504e+00
5.169969170956750126e+00
5.086556780600528960e+00
5.028271749179951122e+00
4.972105073737845160e+00
4.938317140325898968e+00
4.918387183773854865e+00
4.926758708349933791e+00
4.980942713971987956e+00
4.990566092203706283e+00
5.003321169837469107e+00
5.008514379509704462e+00
4.996387668766919532e+00
4.984322776707746705e+00
4.966421270999095583e+00
5.040875679158608236e+00
5.132894684331903434e+00
5.154973584561210131e+00
5.096248935170685002e+00
4.981044167467402417e+00
4.897508581928418536e+00
4.859935713716178718e+00
4.753541395663494207e+00
4.653682865952813330e+00
4.594659710834343436e+00
4.546562341801672069e+00
4.462019209364032513e+00
4.434551418177974824e+00
4.425018828289289274e+00
4.336928934509411526e+00
4.319026968604333661e+00
4.298059427792151332e+00
4.281372662245596317e+00
4.262232760016489763e+00
4.247336806735019010e+00
4.271891801573870495e+00
4.286239619700205949e+00
4.226755787340495729e+00
4.235123154902423082e+00
4.245089742142321931e+00
4.217829188413945829e+00
4.188543418695612530e+00
4.086994969633090946e+00
4.027264330227018796e+00
3.939590418493317703e+00
3.847834854039893226e+00
3.702839181148450010e+00
3.515100941656628564e+00
3.376235491650295906e+00
3.271147893602341039e+00
3.272877976659548604e+00
3.272844542117284483e+00
3.286510261634146612e+00
3.292071217346568712e+00
3.296388568268651120e+00
3.271189163060072680e+00
3.282548558459071675e+00
3.308364524610855284e+00
3.283776515621707137e+00
3.239599991877634366e+00
3.200452835352622927e+00
3.242671901472499396e+00
3.285893798714620395e+00
3.242678726449170767e+00
3.168828608780107636e+00
3.122469442461226041e+00
3.092044363000971074e+00
3.092086797649942209e+00
3.095361019127845115e+00
3.105234419822399339e+00
3.048184286958677713e+00
2.997440327487305378e+00
2.951414200045431535e+00
2.917970788786349079e+00
3.091460949378316059e+00
3.174244619593850736e+00
3.278835135038441706e+00
3.351322265606369477e+00
3.431977008624450320e+00
3.480680180864644591e+00
3.521432110601328436e+00
3.587844247425799882e+00
3.635966634734093095e+00
3.661514842023115168e+00
3.671839775925070715e+00
3.659311767805958571e+00
3.665801724819226504e+00
3.604773194286566174e+00
3.551633688210783735e+00
3.492653690737649086e+00
3.545047183216617714e+00
3.598609123207731741e+00
3.722983067303954563e+00
3.788330020930724906e+00
3.874359930330387503e+00
3.907767008010371246e+00
3.959707232959994716e+00
4.007735731005239721e+00
4.039213488002830310e+00
4.018111264634296909e+00
4.023191449656725815e+00
4.023622945512250304e+00
4.033012500082178597e+00
3.991482427305413250e+00
3.979885427037024304e+00
3.990597207559826387e+00
3.966254678999319605e+00
3.912896625993366406e+00
3.833551286250845624e+00
3.800267172158831475e+00
3.793044155240250515e+00
3.775439425381434955e+00
3.732129161554184282e+00
3.727071042972118331e+00
3.745518793173665983e+00
3.735671197745033645e+00
3.803583734575715081e+00
3.859441664069526379e+00
3.866560049339070382e+00
3.933011402100974330e+00
3.968699515602039263e+00
3.976236977827841024e+00
3.938023524962547040e+00
3.918766812403047251e+00
3.903693998084162953e+00
3.902399965814946636e+00
3.896666584159060420e+00
3.875018164758363248e+00
3.822772823699155609e+00
3.721517299704675263e+00
3.591323022563510659e+00
3.477238441665214452e+00
3.405274966293988737e+00
3.310407439300850907e+00
3.282779829905034585e+00
3.328879088399903541e+00
3.335336342743817184e+00
3.307923529805594232e+00
3.307294512115372509e+00
3.363156139646169773e+00
3.519960616019531141e+00
3.609244794784703725e+00
3.709307577186123694e+00
3.796726363430136697e+00
3.859455152133282496e+00
3.871639297895560716e+00
3.845188787167942213e+00
3.818921323012663738e+00
3.817574191090689517e+00
3.810438912291867375e+00
3.858526908039350722e+00
3.896583525438050088e+00
3.943481310307353382e+00
3.964283342889701967e+00
4.062170795122219680e+00
4.173525933408851252e+00
4.252677165485460264e+00
4.328408375519281037e+00
4.390969651909542470e+00
4.465110827543889549e+00
4.532873566070731997e+00
4.604690698227913437e+00
4.687955635353792339e+00
4.740471565322298630e+00
4.760540085307260583e+00
4.785198379237749933e+00
4.772467177929335058e+00
4.837304330349106785e+00
4.894278706476866247e+00
4.998308111122691244e+00
5.071674538863321757e+00
5.126861520284018425e+00
5.154370307460968803e+00
5.167482978427897500e+00
5.216665211996112994e+00
5.242346485243547072e+00
5.300873023520329852e+00
5.331198856658020624e+00
5.322599966744078870e+00
5.302312657671286900e+00
5.294645870593960524e+00
5.291041702153004955e+00
5.291760255929136569e+00
5.301307424258021150e+00
5.281030700353000817e+00
5.289207339680338293e+00
5.298492945658693110e+00
5.318239002696235396e+00
5.374388821123262439e+00
5.403659394647029046e+00
5.479851317457982596e+00
5.591052597674868174e+00
5.669689865612816071e+00
5.750615210897947804e+00
5.826425742146113862e+00
5.853605064295708260e+00
5.814998171268498162e+00
5.701300598430598221e+00
5.589581448742469760e+00
5.522842394748126438e+00
5.453607216618730824e+00
5.405878067683705268e+00
5.401522829774313195e+00
5.412953865326963765e+00
5.465271781784073468e+00
5.472214179063190187e+00
5.459314215113073132e+00
5.498732823458047925e+00
5.592793032190562563e+00
5.640467088252525407e+00
5.659676752374962483e+00
5.689115248467672359e+00
5.747106654001192361e+00
5.773105892394156058e+00
5.756707102460226544e+00
5.669367137073229479e+00
5.576510250465448237e+00
5.498591959741968793e+00
5.435165760467286056e+00
5.383441149785373803e+00
5.324382699043370692e+00
5.287069643232434224e+00
5.271319585328724244e+00
5.222358005591329899e+00
5.152586581869091908e+00
5.020049145990224559e+00
4.886792654887623932e+00
4.776395307675501911e+00
4.680742327702494876e+00
4.671043429151314541e+00
4.693737854214947269e+00
4.655076182485977654e+00
4.596090663769965445e+00
4.570149986278833509e+00
4.515996076058596209e+00
4.439567264754861853e+00
4.338794745391648888e+00
4.230866615704671041e+00
4.139085730564564969e+00
4.038073789809262237e+00
3.951959456945697280e+00
3.820645442981819961e+00
3.753228350310604533e+00
3.733670418347107667e+00
3.747790945089497505e+00
3.750146053519731737e+00
3.788126718702392814e+00
3.809942946078344939e+00
3.841389442214111938e+00
3.825002253669122609e+00
3.799841552132598554e+00
3.784414883947239794e+00
3.762291887648486988e+00
3.807390453874339720e+00
3.879667640717550103e+00
3.916867826102893080e+00
3.934446920886597532e+00
3.948662304551244784e+00
3.947301407498907899e+00
3.883952420305305075e+00
3.786460254427678418e+00
3.672825860395564579e+00
3.584195168436190571e+00
3.545457919744505748e+00
3.526489959378346750e+00
3.543313902504151347e+00
3.594951359230938781e+00
3.560918198549954727e+00
3.540389300201380429e+00
3.566276570098725340e+00
3.617618935796013790e+00
3.692503184024785057e+00
3.815531496488822061e+00
3.954743268516475396e+00
4.076807902065922917e+00
4.165398560631088820e+00
4.193337688921238815e+00
4.188348949665477328e+00
4.183562964239396109e+00
4.251066157755570174e+00
4.317103664325546930e+00
4.382360894337127277e+00
4.483667182294165166e+00
4.583205463387771239e+00
4.636940253793907729e+00
4.698256178467500099e+00
4.707983975686326872e+00
4.711142431378209317e+00
4.720246844009145626e+00
4.752783615596307243e+00
4.799503776697669366e+00
4.874138632716116248e+00
4.926404168719822785e+00
4.978072724023719253e+00
4.994271133589149869e+00
4.973731825494173364e+00
4.996744431806312114e+00
5.100358260760535778e+00
5.199608545552089289e+00
5.232324558203076847e+00
5.212098347460552006e+00
5.186863191478655821e+00
5.118858152776572190e+00
5.055741231250746814e+00
5.040200139091288278e+00
5.048871770407394877e+00
5.051146662982142210e+00
5.062366549401631666e+00
5.058010545085440235e+00
5.095713834397582076e+00
5.176327564175221774e+00
5.243576104048320197e+00
5.287736331090981956e+00
5.314928379715579077e+00
5.386364369681829523e+00
5.482366765161425626e+00
5.549146938426834375e+00
5.540751219633397895e+00
5.517644326499357987e+00
5.537425320535705353e+00
5.590602863296336267e+00
5.671196084485193190e+00
5.716932025570920395e+00
5.784622557407439913e+00
5.903979584590718588e+00
6.043028687526124543e+00
6.169155752402508242e+00
6.295680208130113975e+00
6.426448330775662576e+00
6.553663954434807870e+00
6.712485352907774150e+00
6.876029122059733822e+00
7.011133032482441685e+00
7.075819757187958636e+00
7.144003839456017246e+00
7.233960049773358492e+00
7.365496429911653209e+00
7.531995649172199769e+00
7.671995520518552603e+00
7.812776797430581510e+00
7.896090114410155181e+00
7.942239426674019498e+00
7.992040673447085020e+00
8.053986740439713188e+00
8.075298173904618793e+00
8.058340041183729596e+00
8.030490099458543085e+00
7.974498763506116639e+00
7.899272125018772073e+00
7.840780077911053247e+00
7.776717518483788893e+00
7.742065932504140768e+00
7.693688368562558111e+00
7.602182747389645279e+00
7.485468426371367556e+00
7.342917103407457624e+00
7.210540361755527705e+00
7.086153124918237012e+00
6.991481430420194876e+00
6.869518166924064140e+00
6.762454706254949599e+00
6.700654604542389592e+00
6.661415249717203224e+00
6.644412154068517928e+00
6.592029838027110955e+00
6.572379356044710796e+00
6.563003300551674357e+00
6.558947788555912872e+00
6.545039500988050207e+00
6.551305635103280345e+00
6.528587809696801969e+00
6.502396103894715118e+00
6.463299796438353617e+00
6.410494907412800814e+00
6.348219650971101302e+00
6.255744856687345035e+00
6.224239778368029441e+00
6.211166030964025531e+00
6.177735018052999294e+00
6.133185148526558272e+00
6.056711063287415264e+00
6.014678673016970123e+00
5.978977612830598254e+00
5.908463871283451851e+00
5.862237340622796111e+00
5.771526676004213208e+00
5.715088881847457003e+00
5.581016800310487191e+00
5.476367206363851103e+00
5.334123793029245775e+00
5.153224411623209100e+00
4.948711473823601104e+00
4.751811919269038675e+00
4.555494618828801023e+00
4.310928105367227481e+00
4.071170071416293723e+00
3.878589240665425653e+00
3.720347433124671976e+00
3.621231194691192812e+00
3.594636489775245192e+00
3.639722783474977241e+00
3.683522752666857691e+00
3.723879559734324385e+00
3.765777635947973767e+00
3.758417960267482538e+00
3.738735205359650760e+00
3.655927588353220070e+00
3.606217980800444867e+00
3.620373753003482964e+00
3.631465122916827770e+00
3.666381502109810508e+00
3.699865445254281404e+00
3.724080381784925287e+00
3.784818813164405604e+00
3.809450157461480746e+00
3.817356049681290830e+00
3.774414122870658250e+00
3.679349248867004984e+00
3.577117062201133901e+00
3.459639129883508524e+00
3.338717845747543933e+00
3.196370951487666368e+00
3.049847770224529686e+00
3.024297205888994089e+00
2.910145858449129541e+00
2.790427919587707528e+00
2.784238819903969819e+00
2.831799789421973301e+00
2.909100136364019207e+00
3.050929698722868899e+00
3.188935680112269466e+00
3.345029819579814934e+00
3.432340996634116959e+00
3.455746255477548434e+00
3.466234624313106583e+00
3.483352888767349498e+00
3.485325833843123000e+00
3.463791477588246348e+00
3.410841727291161973e+00
3.381374720342837037e+00
3.401807633115358609e+00
3.464991191470905729e+00
3.544641205105114601e+00
3.593820473173376495e+00
3.597897597440576689e+00
3.495097794300520810e+00
3.378871241658363278e+00
3.238564256781423456e+00
3.133679286599235780e+00
3.112440482117654117e+00
3.126673169470602254e+00
3.150832177540101586e+00
3.165270788214528341e+00
3.247977720027420467e+00
3.334338480459023035e+00
3.434672694251195146e+00
3.441759924289935491e+00
3.353466501751314777e+00
3.259401027577629062e+00
3.243816553764207189e+00
3.225206888429081431e+00
3.245630052460199977e+00
3.175875131655010009e+00
3.100232020501315855e+00
3.053609704435236605e+00
2.973347100528923370e+00
2.881421083323849608e+00
2.810853529284443653e+00
2.802220133226314580e+00
2.792007019118492028e+00
2.746953027880043141e+00
2.748954268766824249e+00
2.741743220032767159e+00
2.753930942422436079e+00
2.782009231692732509e+00
2.779365356767996786e+00
2.813610850616493853e+00
2.816355049797316656e+00
2.903672451529694332e+00
2.989642177661311795e+00
3.025528910650425285e+00
3.015633042374336270e+00
3.052003757504563985e+00
3.060460000885234066e+00
3.122900567555977780e+00
3.219416782737669180e+00
3.353444745666059212e+00
3.491259772383375370e+00
3.606758907248593715e+00
3.724180469307302399e+00
3.776526075580845188e+00
3.902069567742115552e+00
4.005093038115429493e+00
3.986841099372505859e+00
3.906866109452465263e+00
3.787245468542003835e+00
3.726059608972311032e+00
3.607377582495564727e+00
3.518651620120991641e+00
3.509154436173065328e+00
3.590560547971030303e+00
3.659728455683037840e+00
3.707337543867083696e+00
3.765803466245414288e+00
3.839159631115034443e+00
3.905288049626558511e+00
3.955598287214356912e+00
4.024960671315604976e+00
4.128934024610364517e+00
4.288799681562773358e+00
4.445619687403537412e+00
4.553907384765826905e+00
4.623834177741681373e+00
4.699665219198339017e+00
4.742497633562647863e+00
4.759742955824363797e+00
4.753356658669913415e+00
4.770091340389186918e+00
4.754874279839229168e+00
4.701153350810104214e+00
4.687510862224442576e+00
4.687820414454450635e+00
4.679727817950127822e+00
4.675562123561593175e+00
4.676494136081124076e+00
4.720846892490459190e+00
4.710096293359124608e+00
4.687474475935396789e+00
4.602871804313548587e+00
4.490248672928704998e+00
4.476163186017411810e+00
4.552568737630052986e+00
4.604915896788934759e+00
4.613830715080912803e+00
4.592753621676163078e+00
4.580749483285975643e+00
4.587728594328144283e+00
4.624849815721758794e+00
4.633750005109753545e+00
4.622922755012260687e+00
4.601658761388994101e+00
4.526500550895495856e+00
4.455789234673541266e+00
4.426753585344780362e+00
4.382632777473685515e+00
4.420868858357656528e+00
4.454630697335336897e+00
4.513250856379402265e+00
4.531241711924478999e+00
4.537253188337295740e+00
4.505607714146731446e+00
4.471267713914158115e+00
4.438368051383895896e+00
4.434580374959821825e+00
4.396078562526652966e+00
4.319437134287218427e+00
4.267393059956726908e+00
4.216784583704652256e+00
4.197594460034541619e+00
4.171749243683864350e+00
4.191889015126712970e+00
4.217340395462121805e+00
4.284901904332350853e+00
4.355027714950915119e+00
4.404230814864262378e+00
4.481954002982596386e+00
4.496737213301824632e+00
4.502919193133927855e+00
4.510250249881019080e+00
4.535559559154934028e+00
4.515341908034703700e+00
4.509952283749376178e+00
4.556056202435031288e+00
4.612992056061234081e+00
4.644201075053811856e+00
4.639032169819022222e+00
4.603660866958565911e+00
4.630430296030295878e+00
4.578115125661024187e+00
4.501806735558423256e+00
4.382462847721950716e+00
4.233217513937847620e+00
4.105718213721270438e+00
4.102882298221556034e+00
4.086071845579154704e+00
4.048711906705843688e+00
4.023043996315944781e+00
4.040030248927007683e+00
4.042253517559617038e+00
4.000614901249619493e+00
4.004445504877780948e+00
4.014800020711899009e+00
4.026422143203855164e+00
4.012042868348410174e+00
4.015572777359669665e+00
4.075101789779245642e+00
4.042890450576459571e+00
3.976782423766535235e+00
3.922523746413698387e+00
3.937189253083188678e+00
3.966521561614992031e+00
3.996399048071482607e+00
4.016575990657843320e+00
4.008235184752890312e+00
4.049570566103342983e+00
4.107592655383421665e+00
4.129785372862787796e+00
4.126699242090814401e+00
4.116691320112196628e+00
4.150790553902295343e+00
4.187884009286974241e+00
4.185882882938718019e+00
4.153485768521971266e+00
4.153531116647950050e+00
4.112910104867060213e+00
4.079860167271786686e+00
4.026247520055534324e+00
3.943300232349165046e+00
3.791634026286567316e+00
3.685342578392688306e+00
3.630955623786766839e+00
3.565040270321986338e+00
3.453632447126043559e+00
3.341583957034275798e+00
3.284252983314176699e+00
3.329126982600174145e+00
3.479185710411365484e+00
3.687727112196738766e+00
3.781640449308699026e+00
3.846593137738949508e+00
3.907424932822977315e+00
3.969715622648307907e+00
4.050573994780177323e+00
4.143629994427524998e+00
4.273225564647071373e+00
4.398188329142998398e+00
4.426223015612316125e+00
4.410236038148761750e+00
4.313237948956670564e+00
4.267161352033560284e+00
4.174845206578776668e+00
4.067821856490454024e+00
3.998490807831580174e+00
3.911914350223110404e+00
3.814719246188142954e+00
3.745204215522750957e+00
3.658510518596539640e+00
3.510162059171960447e+00
3.376403035732655322e+00
3.272982631114904173e+00
3.257956250737086279e+00
3.295585401229322642e+00
3.301311138257313704e+00
3.353735126412544343e+00
3.345603292087282910e+00
3.317293516128892339e+00
3.363710033079871931e+00
3.427868553639585869e+00
3.512143599820908513e+00
3.605040443215977941e+00
3.588962010946163961e+00
3.575117815924772735e+00
3.568394798103501575e+00
3.519762843575010347e+00
3.471140764958975389e+00
3.519352522199924671e+00
3.625868339396657980e+00
3.711680138997283773e+00
3.847091425013212884e+00
3.996536966351281084e+00
4.133045869067466072e+00
4.237905289724228197e+00
4.218987428246262716e+00
4.146529506458253245e+00
4.035318109420457766e+00
4.000225525582513875e+00
3.994644688207381833e+00
4.017303451476670340e+00
4.102490369738529985e+00
4.142993713445163984e+00
4.213493324540405816e+00
4.289751564256517824e+00
4.268011779607447487e+00
4.232207561579722110e+00
4.191484318777248141e+00
4.117226179598075575e+00
4.000850844627980685e+00
3.924939677720741038e+00
3.887635533207162819e+00
3.862948684005298006e+00
3.836703476215594488e+00
3.829841320943805805e+00
3.765633407547550604e+00
3.735125828915593527e+00
3.690839297120410034e+00
3.622497239087596022e+00
3.587424183815902889e+00
3.591813086946429312e+00
3.594188429908947935e+00
3.559512656224707694e+00
3.551599792950202783e+00
3.519213828548286571e+00
3.522119698699079482e+00
3.447581513725329838e+00
3.341255113758699657e+00
3.277950049244675146e+00
3.342381155425289130e+00
3.466713636660526898e+00
3.602747750171397811e+00
3.720808037238987342e+00
3.804139033819331495e+00
3.870800898982414751e+00
3.907183590142483176e+00
3.937299668357502558e+00
3.978445498530895463e+00
4.064368626763826597e+00
4.177675577476994029e+00
4.263162376096661710e+00
4.333198128112544012e+00
4.373994113609279033e+00
4.399243698958717808e+00
4.427781967659883300e+00
4.405122359465496906e+00
4.271397602530366377e+00
4.135951854496766167e+00
4.008213359759649208e+00
3.982249363474953174e+00
3.982036971560907190e+00
3.951325769424743672e+00
3.914899339408224765e+00
3.889500455664363088e+00
3.882081264534669618e+00
3.864494860308496538e+00
3.891644667129334323e+00
3.869823777717422253e+00
3.827544870392986187e+00
3.863212791293559434e+00
3.833760973167133379e+00
3.841828015806291852e+00
3.784846289461841984e+00
3.711157217749270654e+00
3.643611442099488951e+00
3.605114681679679745e+00
3.605710520350851933e+00
3.575846410773724671e+00
3.575649347147675350e+00
3.607868058276577639e+00
3.608972858868288114e+00
3.591606534217799851e+00
3.548479416064214131e+00
3.507672655516443694e+00
3.452750376333819649e+00
3.440857530838103973e+00
3.496283095898108595e+00
3.677528570853783485e+00
3.832280418141358780e+00
4.013276827701727889e+00
4.193420723293058927e+00
4.399087870345171680e+00
4.540631123643006362e+00
4.635094528229639188e+00
4.715073414851048916e+00
4.807630506906410695e+00
4.906055014579997042e+00
5.046847528425026930e+00
5.215738990104265227e+00
5.376673714795768610e+00
5.501196229727808529e+00
5.619973412047526651e+00
5.762429274632505205e+00
5.874026723269750505e+00
5.948932440521939036e+00
5.971195398313291491e+00
5.995246657801288848e+00
6.013901280200817823e+00
6.039547589491987445e+00
6.070491221605451848e+00
6.089385034885181014e+00
6.096319613375166924e+00
6.085598600584855689e+00
6.098241177088217668e+00
6.149253222732234292e+00
6.268077155570885850e+00
6.376888740822248103e+00
6.466742784359716723e+00
6.491218501273847252e+00
6.455309748718712548e+00
6.422019776748010500e+00
6.409913491289114695e+00
6.388618286109042366e+00
6.364687587944137803e+00
6.362627967213303037e+00
6.360914660542883681e+00
6.355849138760227390e+00
6.379994453249648423e+00
6.420502477532468610e+00
6.441811413925247365e+00
6.431413523311630520e+00
6.391827684378324825e+00
6.316494142146169999e+00
6.215846903760147590e+00
6.074177304661200871e+00
5.977875552316183061e+00
5.890627809249077806e+00
5.805570065726335827e+00
5.724923727373640858e+00
5.662065380534790471e+00
5.639161947961117249e+00
5.632870130504697315e+00
5.581423206158515171e+00
5.494397366505805458e+00
5.399129665002736722e+00
5.273134420974452397e+00
5.199464049779027874e+00
5.180765438620951180e+00
5.187950075765312086e+00
5.229528269492133674e+00
5.293741627241590031e+00
5.335169823358191010e+00
5.303054152501411878e+00
5.277593511214712763e+00
5.232171698947889915e+00
5.165486422357282947e+00
5.077551575508290505e+00
4.971570503199111535e+00
4.808760121325224901e+00
4.670641441019682816e+00
4.562818823486525233e+00
4.480277174302784715e+00
4.404332362746644414e+00
4.345580283310924052e+00
4.297464825010574252e+00
4.275372841998930973e+00
4.307562184822281814e+00
4.365394514377156199e+00
4.373682665395538294e+00
4.266805893581307352e+00
4.176557237341693707e+00
4.112922872123058404e+00
4.041463436593894620e+00
4.024488694296367797e+00
