7.361629486083984375e+00
7.769074440002441406e+00
8.055421829223632812e+00
8.435019493103027344e+00
8.628958702087402344e+00
8.110810279846191406e+00
8.191522598266601562e+00
6.924676418304443359e+00
7.675375938415527344e+00
6.157217979431152344e+00
5.674144744873046875e+00
5.745893001556396484e+00
5.480101108551025391e+00
5.954493999481201172e+00
5.473730564117431641e+00
5.689613342285156250e+00
5.575077533721923828e+00
5.634140014648437500e+00
5.275180339813232422e+00
6.298272609710693359e+00
6.226403236389160156e+00
6.293578624725341797e+00
6.815885066986083984e+00
7.707306861877441406e+00
7.277105808258056641e+00
8.303432464599609375e+00
9.160288810729980469e+00
8.843465805053710938e+00
9.958110809326171875e+00
9.726410865783691406e+00
9.456185340881347656e+00
9.270779609680175781e+00
1.031925678253173828e+01
1.012172603607177734e+01
9.421902656555175781e+00
8.627828598022460938e+00
8.038219451904296875e+00
8.838829040527343750e+00
9.057445526123046875e+00
8.172505378723144531e+00
7.622727394104003906e+00
7.459822654724121094e+00
6.736240386962890625e+00
7.327801704406738281e+00
8.223860740661621094e+00
8.213496208190917969e+00
8.292963981628417969e+00
7.459266662597656250e+00
6.147740364074707031e+00
4.647475719451904297e+00
3.447549343109130859e+00
4.040370464324951172e+00
3.458708524703979492e+00
3.115765571594238281e+00
3.567048549652099609e+00
3.086443424224853516e+00
5.907898426055908203e+00
5.800650119781494141e+00
6.001012802124023438e+00
7.192053318023681641e+00
8.855056762695312500e+00
9.363529205322265625e+00
8.101262092590332031e+00
8.939851760864257812e+00
8.209795951843261719e+00
8.431122779846191406e+00
9.562191963195800781e+00
1.012422752380371094e+01
1.076618385314941406e+01
1.114748573303222656e+01
1.124065589904785156e+01
1.080060291290283203e+01
1.161457061767578125e+01
1.182239913940429688e+01
1.137553405761718750e+01
1.123608207702636719e+01
1.079063129425048828e+01
1.100956916809082031e+01
1.104753589630126953e+01
1.178465366363525391e+01
1.221684837341308594e+01
1.260245609283447266e+01
1.347704315185546875e+01
1.373689746856689453e+01
1.232285308837890625e+01
1.231264305114746094e+01
1.025285720825195312e+01
9.199014663696289062e+00
8.420502662658691406e+00
7.272809028625488281e+00
7.129317283630371094e+00
6.609829902648925781e+00
6.166925430297851562e+00
6.435876369476318359e+00
5.730049610137939453e+00
5.584806442260742188e+00
6.732594490051269531e+00
5.763805389404296875e+00
6.426982879638671875e+00
6.044202327728271484e+00
6.546048641204833984e+00
6.018954277038574219e+00
6.452925682067871094e+00
6.340946197509765625e+00
4.236052989959716797e+00
5.548093318939208984e+00
5.203769207000732422e+00
5.190872192382812500e+00
5.147396087646484375e+00
6.024291038513183594e+00
6.885542392730712891e+00
7.145859718322753906e+00
7.663015842437744141e+00
7.809230804443359375e+00
7.784135341644287109e+00
8.828949928283691406e+00
9.524263381958007812e+00
9.008034706115722656e+00
9.020041465759277344e+00
7.882145881652832031e+00
6.288207054138183594e+00
6.823136329650878906e+00
6.234720230102539062e+00
5.476889133453369141e+00
5.684544563293457031e+00
6.072724819183349609e+00
6.074885368347167969e+00
6.823278903961181641e+00
8.485796928405761719e+00
7.735790252685546875e+00
7.110551357269287109e+00
8.388444900512695312e+00
8.583822250366210938e+00
8.808303833007812500e+00
9.438680648803710938e+00
1.011892509460449219e+01
1.035398769378662109e+01
1.018876552581787109e+01
1.041325569152832031e+01
1.045869731903076172e+01
1.173266792297363281e+01
1.123431968688964844e+01
1.275609397888183594e+01
1.222555065155029297e+01
1.394236755371093750e+01
1.493419837951660156e+01
1.499481201171875000e+01
1.558300209045410156e+01
1.548808860778808594e+01
1.567029762268066406e+01
1.477473926544189453e+01
1.384477043151855469e+01
1.363008594512939453e+01
1.246063709259033203e+01
1.168969345092773438e+01
1.202644729614257812e+01
1.232183647155761719e+01
1.201427936553955078e+01
1.070221900939941406e+01
1.071011924743652344e+01
1.140310192108154297e+01
1.053456401824951172e+01
9.529221534729003906e+00
1.067166519165039062e+01
9.732599258422851562e+00
9.045221328735351562e+00
9.224559783935546875e+00
8.716860771179199219e+00
8.440844535827636719e+00
9.232635498046875000e+00
8.514016151428222656e+00
8.613760948181152344e+00
8.594095230102539062e+00
8.080195426940917969e+00
7.272840976715087891e+00
7.126946926116943359e+00
6.406761169433593750e+00
7.701658725738525391e+00
6.430718898773193359e+00
7.124592781066894531e+00
6.583361148834228516e+00
6.577174186706542969e+00
7.398542881011962891e+00
7.710258483886718750e+00
7.792794227600097656e+00
8.038974761962890625e+00
7.841035366058349609e+00
8.165268898010253906e+00
7.906931877136230469e+00
7.585609436035156250e+00
7.907289981842041016e+00
6.755841255187988281e+00
5.929663181304931641e+00
5.489298820495605469e+00
4.514971733093261719e+00
5.242200851440429688e+00
5.012118339538574219e+00
5.113976001739501953e+00
5.772128105163574219e+00
5.297187805175781250e+00
5.329374790191650391e+00
6.565984249114990234e+00
6.276054382324218750e+00
6.014579772949218750e+00
6.281201362609863281e+00
6.730010986328125000e+00
7.926381587982177734e+00
7.642469882965087891e+00
7.642519950866699219e+00
7.411224365234375000e+00
6.964398860931396484e+00
7.262187957763671875e+00
7.728259086608886719e+00
8.111083984375000000e+00
8.587036132812500000e+00
8.002548217773437500e+00
8.171851158142089844e+00
7.088686943054199219e+00
6.920229911804199219e+00
8.152987480163574219e+00
7.890125274658203125e+00
8.836530685424804688e+00
9.028279304504394531e+00
8.404829978942871094e+00
9.627234458923339844e+00
9.596358299255371094e+00
9.163174629211425781e+00
9.882130622863769531e+00
9.949841499328613281e+00
1.052936363220214844e+01
1.043477344512939453e+01
1.002522468566894531e+01
1.023470115661621094e+01
9.424107551574707031e+00
8.302148818969726562e+00
8.655282974243164062e+00
7.975572109222412109e+00
6.755033016204833984e+00
6.739495754241943359e+00
8.004121780395507812e+00
6.465849876403808594e+00
6.660277366638183594e+00
5.763178825378417969e+00
5.274966239929199219e+00
5.948071479797363281e+00
5.751952648162841797e+00
5.397999763488769531e+00
5.881303310394287109e+00
7.428343772888183594e+00
6.628172874450683594e+00
7.857122898101806641e+00
7.489105224609375000e+00
8.035840988159179688e+00
6.696103096008300781e+00
6.736431121826171875e+00
6.213878631591796875e+00
6.511177062988281250e+00
6.594850063323974609e+00
5.277921199798583984e+00
6.132517814636230469e+00
5.739825725555419922e+00
7.368094444274902344e+00
6.436253547668457031e+00
8.745927810668945312e+00
8.790298461914062500e+00
8.406373023986816406e+00
8.895608901977539062e+00
9.554525375366210938e+00
8.177958488464355469e+00
8.408062934875488281e+00
8.519360542297363281e+00
8.311432838439941406e+00
8.431037902832031250e+00
8.655797958374023438e+00
8.268432617187500000e+00
8.912504196166992188e+00
9.640185356140136719e+00
9.274549484252929688e+00
9.600426673889160156e+00
9.664887428283691406e+00
8.952234268188476562e+00
8.484100341796875000e+00
8.510669708251953125e+00
8.861288070678710938e+00
8.040136337280273438e+00
1.023887062072753906e+01
9.919958114624023438e+00
1.014876747131347656e+01
1.008629894256591797e+01
1.073935699462890625e+01
1.120059776306152344e+01
1.183996963500976562e+01
1.212195014953613281e+01
1.189644432067871094e+01
1.193768405914306641e+01
1.282173347473144531e+01
1.219624519348144531e+01
1.149482536315917969e+01
1.213496589660644531e+01
1.165653324127197266e+01
1.177995395660400391e+01
1.272619342803955078e+01
1.320760154724121094e+01
1.391848468780517578e+01
1.367123413085937500e+01
1.435066032409667969e+01
1.388012409210205078e+01
1.472999763488769531e+01
1.489653015136718750e+01
1.524488544464111328e+01
1.603574752807617188e+01
1.599818134307861328e+01
1.710774230957031250e+01
1.810193443298339844e+01
1.828567886352539062e+01
1.816406631469726562e+01
1.919960212707519531e+01
1.976454353332519531e+01
1.820922851562500000e+01
1.827044296264648438e+01
1.719438552856445312e+01
1.794774627685546875e+01
1.695760726928710938e+01
1.769927597045898438e+01
1.796554374694824219e+01
1.718599319458007812e+01
1.717795181274414062e+01
1.637603187561035156e+01
1.612327766418457031e+01
1.646203994750976562e+01
1.521430492401123047e+01
1.426185894012451172e+01
1.382002735137939453e+01
1.277642726898193359e+01
1.222698783874511719e+01
1.182218647003173828e+01
1.105945777893066406e+01
1.083976936340332031e+01
1.133201694488525391e+01
1.105766487121582031e+01
1.110234451293945312e+01
1.068225955963134766e+01
1.142870235443115234e+01
1.139714527130126953e+01
1.125705909729003906e+01
1.112639331817626953e+01
1.105915546417236328e+01
1.103219032287597656e+01
1.158638191223144531e+01
1.187719631195068359e+01
1.151108551025390625e+01
1.264695358276367188e+01
1.211036491394042969e+01
1.210744667053222656e+01
1.148886680603027344e+01
1.104965496063232422e+01
1.147387504577636719e+01
1.139048385620117188e+01
1.107649421691894531e+01
1.092069339752197266e+01
1.191251564025878906e+01
1.191118240356445312e+01
1.233779335021972656e+01
1.175419044494628906e+01
1.085531711578369141e+01
1.031863307952880859e+01
1.012598896026611328e+01
9.589381217956542969e+00
1.050042629241943359e+01
1.059690284729003906e+01
1.064986515045166016e+01
9.970879554748535156e+00
9.681088447570800781e+00
8.687093734741210938e+00
7.908435821533203125e+00
7.846785545349121094e+00
7.894625186920166016e+00
7.858512878417968750e+00
9.414377212524414062e+00
9.861938476562500000e+00
9.894108772277832031e+00
1.020053386688232422e+01
9.286171913146972656e+00
9.102262496948242188e+00
8.999788284301757812e+00
9.042016029357910156e+00
9.293799400329589844e+00
9.093250274658203125e+00
9.551391601562500000e+00
9.368104934692382812e+00
9.749077796936035156e+00
9.932394981384277344e+00
9.852585792541503906e+00
9.621683120727539062e+00
1.039686203002929688e+01
1.025188255310058594e+01
1.035221767425537109e+01
9.764117240905761719e+00
1.044698524475097656e+01
1.044744682312011719e+01
1.121060276031494141e+01
1.139267158508300781e+01
1.173718261718750000e+01
1.160975074768066406e+01
1.211311531066894531e+01
1.272140502929687500e+01
1.374739360809326172e+01
1.436528587341308594e+01
1.434733295440673828e+01
1.455990314483642578e+01
1.430356311798095703e+01
1.425393676757812500e+01
1.392992877960205078e+01
1.452068901062011719e+01
1.458386230468750000e+01
1.493218708038330078e+01
1.498285865783691406e+01
1.492158508300781250e+01
1.405460548400878906e+01
1.420962810516357422e+01
1.350040626525878906e+01
1.363939857482910156e+01
1.393772125244140625e+01
1.374647712707519531e+01
1.390648841857910156e+01
1.465447807312011719e+01
1.529374980926513672e+01
1.570662975311279297e+01
1.489612388610839844e+01
1.566691780090332031e+01
1.537633800506591797e+01
1.677148818969726562e+01
1.655978775024414062e+01
1.625753974914550781e+01
1.604613876342773438e+01
1.692225456237792969e+01
1.670506286621093750e+01
1.622019195556640625e+01
1.575274372100830078e+01
1.561952209472656250e+01
1.627055549621582031e+01
1.598525238037109375e+01
1.476098442077636719e+01
1.466751575469970703e+01
1.579864788055419922e+01
1.440797424316406250e+01
1.452793693542480469e+01
1.505655097961425781e+01
1.488625144958496094e+01
1.588977622985839844e+01
1.569883728027343750e+01
1.495926189422607422e+01
1.452979850769042969e+01
1.409147167205810547e+01
1.462192058563232422e+01
1.387719249725341797e+01
1.289907836914062500e+01
1.311480903625488281e+01
1.225473308563232422e+01
1.030176258087158203e+01
9.864236831665039062e+00
1.021858310699462891e+01
9.446163177490234375e+00
7.992442131042480469e+00
7.902153968811035156e+00
7.945097446441650391e+00
8.150697708129882812e+00
8.544919967651367188e+00
8.912917137145996094e+00
8.057374954223632812e+00
8.024039268493652344e+00
7.410194396972656250e+00
6.784749507904052734e+00
6.855895042419433594e+00
5.754756450653076172e+00
4.933167457580566406e+00
5.571979999542236328e+00
4.285354137420654297e+00
4.396487236022949219e+00
4.726916790008544922e+00
4.675622940063476562e+00
6.011105060577392578e+00
6.186644554138183594e+00
5.745400905609130859e+00
6.424003601074218750e+00
6.963444709777832031e+00
5.928513526916503906e+00
7.522768497467041016e+00
7.490873813629150391e+00
7.202368259429931641e+00
7.132561683654785156e+00
7.321141242980957031e+00
7.033352851867675781e+00
7.388576507568359375e+00
7.845397949218750000e+00
7.397792816162109375e+00
6.425253868103027344e+00
5.834491729736328125e+00
5.311894416809082031e+00
4.398464679718017578e+00
5.068666458129882812e+00
4.509563922882080078e+00
5.109103202819824219e+00
5.949256896972656250e+00
6.483885765075683594e+00
6.776373386383056641e+00
6.914144992828369141e+00
7.397092342376708984e+00
7.581695556640625000e+00
7.816760063171386719e+00
8.138113021850585938e+00
8.131788253784179688e+00
8.777561187744140625e+00
8.883610725402832031e+00
9.158309936523437500e+00
9.046403884887695312e+00
8.598740577697753906e+00
8.435221672058105469e+00
8.267305374145507812e+00
8.647096633911132812e+00
8.264649391174316406e+00
8.119668960571289062e+00
8.591154098510742188e+00
8.647311210632324219e+00
7.126599311828613281e+00
7.117720603942871094e+00
8.440275192260742188e+00
8.139122009277343750e+00
8.637459754943847656e+00
8.650859832763671875e+00
8.677518844604492188e+00
7.762987613677978516e+00
8.228309631347656250e+00
7.793913841247558594e+00
7.635166168212890625e+00
5.887751102447509766e+00
6.179096698760986328e+00
6.844848632812500000e+00
7.039596557617187500e+00
6.684564113616943359e+00
6.800384521484375000e+00
6.276957035064697266e+00
7.672180175781250000e+00
6.574204921722412109e+00
7.056759834289550781e+00
6.346787452697753906e+00
8.180059432983398438e+00
7.392887115478515625e+00
7.839182853698730469e+00
7.950685024261474609e+00
8.561690330505371094e+00
7.330848693847656250e+00
8.120157241821289062e+00
9.414975166320800781e+00
9.647570610046386719e+00
9.396757125854492188e+00
9.245441436767578125e+00
9.026750564575195312e+00
7.646420478820800781e+00
7.610311031341552734e+00
5.999509334564208984e+00
5.703944206237792969e+00
4.285568237304687500e+00
3.504845142364501953e+00
3.063809871673583984e+00
2.979600429534912109e+00
2.554740190505981445e+00
3.179750919342041016e+00
4.318459510803222656e+00
4.311629295349121094e+00
4.006991863250732422e+00
4.795393466949462891e+00
4.648890018463134766e+00
5.522318363189697266e+00
4.920235633850097656e+00
6.331086158752441406e+00
6.004024505615234375e+00
7.121610164642333984e+00
6.426297187805175781e+00
6.722407341003417969e+00
6.152011871337890625e+00
4.755271434783935547e+00
4.215431213378906250e+00
4.173674106597900391e+00
3.762232542037963867e+00
2.222215175628662109e+00
2.400254249572753906e+00
2.518690109252929688e+00
1.784969925880432129e+00
1.961490631103515625e+00
3.278548002243041992e+00
3.387372970581054688e+00
5.152825355529785156e+00
4.544795513153076172e+00
5.506987571716308594e+00
6.200954914093017578e+00
5.571573257446289062e+00
5.871180057525634766e+00
5.753572940826416016e+00
4.576392173767089844e+00
4.651356697082519531e+00
4.773431777954101562e+00
4.689261436462402344e+00
3.893990278244018555e+00
4.893239021301269531e+00
4.478191852569580078e+00
5.068846702575683594e+00
5.539225578308105469e+00
5.843626976013183594e+00
6.198332309722900391e+00
5.560205936431884766e+00
5.332335472106933594e+00
3.282070159912109375e+00
3.343788146972656250e+00
4.217215061187744141e+00
4.033226966857910156e+00
4.174780845642089844e+00
4.942444801330566406e+00
4.602696418762207031e+00
4.387332916259765625e+00
4.375296592712402344e+00
3.521322965621948242e+00
3.674046039581298828e+00
3.949642181396484375e+00
3.605691909790039062e+00
3.374762296676635742e+00
3.947502613067626953e+00
4.265236854553222656e+00
4.423861026763916016e+00
4.504972457885742188e+00
4.389687061309814453e+00
4.461325645446777344e+00
4.567675590515136719e+00
4.656404972076416016e+00
5.660199165344238281e+00
6.281570911407470703e+00
6.201622962951660156e+00
6.907444953918457031e+00
7.567821502685546875e+00
8.359777450561523438e+00
8.497056961059570312e+00
8.631373405456542969e+00
8.757412910461425781e+00
9.681978225708007812e+00
8.692341804504394531e+00
8.305559158325195312e+00
9.131615638732910156e+00
9.044794082641601562e+00
9.723583221435546875e+00
1.079776287078857422e+01
1.185506725311279297e+01
1.014140415191650391e+01
1.086682319641113281e+01
1.206102085113525391e+01
1.209693622589111328e+01
1.370751476287841797e+01
1.388747119903564453e+01
1.334863567352294922e+01
1.371411323547363281e+01
1.250514221191406250e+01
1.312784004211425781e+01
1.260424804687500000e+01
1.195211887359619141e+01
1.172694587707519531e+01
1.187652778625488281e+01
1.244541072845458984e+01
1.254145812988281250e+01
1.217667293548583984e+01
1.320785045623779297e+01
1.268404579162597656e+01
1.331889533996582031e+01
1.343531608581542969e+01
1.401761054992675781e+01
1.404265403747558594e+01
1.419934368133544922e+01
1.400295066833496094e+01
1.436742687225341797e+01
1.448629760742187500e+01
1.545332813262939453e+01
1.513990211486816406e+01
1.561923694610595703e+01
1.521710968017578125e+01
1.453637218475341797e+01
1.493971824645996094e+01
1.353425312042236328e+01
1.439802837371826172e+01
1.303688049316406250e+01
1.320326232910156250e+01
1.251820182800292969e+01
1.243068599700927734e+01
1.290968608856201172e+01
1.235331439971923828e+01
1.305050373077392578e+01
1.255425167083740234e+01
1.185558032989501953e+01
1.153420639038085938e+01
1.170722484588623047e+01
1.209049129486083984e+01
1.242508029937744141e+01
1.236812114715576172e+01
1.254536247253417969e+01
1.311015129089355469e+01
1.352766227722167969e+01
1.440939617156982422e+01
1.377641773223876953e+01
1.351358222961425781e+01
1.215675926208496094e+01
1.185929298400878906e+01
1.084585189819335938e+01
1.084682655334472656e+01
9.779451370239257812e+00
9.120643615722656250e+00
8.698831558227539062e+00
8.488261222839355469e+00
7.769224643707275391e+00
7.998134613037109375e+00
7.554685115814208984e+00
7.382396697998046875e+00
7.181255340576171875e+00
7.044371604919433594e+00
7.142782688140869141e+00
6.753546237945556641e+00
6.755721092224121094e+00
7.868138313293457031e+00
7.667688846588134766e+00
1.001125431060791016e+01
1.024453449249267578e+01
1.078837013244628906e+01
9.328802108764648438e+00
1.099357891082763672e+01
1.048205089569091797e+01
1.081564140319824219e+01
1.025056362152099609e+01
1.005886459350585938e+01
1.067100906372070312e+01
9.898492813110351562e+00
1.005576992034912109e+01
9.513457298278808594e+00
1.021286296844482422e+01
9.053293228149414062e+00
9.666026115417480469e+00
8.891771316528320312e+00
8.355031967163085938e+00
8.669138908386230469e+00
7.965075492858886719e+00
7.916013240814208984e+00
7.018113136291503906e+00
6.032669067382812500e+00
6.632211208343505859e+00
6.616131782531738281e+00
6.316835403442382812e+00
7.451958656311035156e+00
7.185499668121337891e+00
7.911814212799072266e+00
7.358821868896484375e+00
6.931042671203613281e+00
7.901972293853759766e+00
7.704316139221191406e+00
8.551744461059570312e+00
8.952677726745605469e+00
8.536211013793945312e+00
9.081849098205566406e+00
9.773964881896972656e+00
1.020386314392089844e+01
9.740084648132324219e+00
1.001178455352783203e+01
1.059708023071289062e+01
9.850978851318359375e+00
1.037526988983154297e+01
1.029776000976562500e+01
8.783074378967285156e+00
8.944368362426757812e+00
8.566475868225097656e+00
9.030993461608886719e+00
1.053898429870605469e+01
1.064822196960449219e+01
1.114607715606689453e+01
1.087854290008544922e+01
1.075283813476562500e+01
1.002272987365722656e+01
1.021380901336669922e+01
9.864318847656250000e+00
1.017682075500488281e+01
1.012491798400878906e+01
1.026924610137939453e+01
1.233164119720458984e+01
1.244388103485107422e+01
1.247109508514404297e+01
1.252496528625488281e+01
1.275369262695312500e+01
1.328933906555175781e+01
1.290166187286376953e+01
1.295895195007324219e+01
1.335831642150878906e+01
1.348387145996093750e+01
1.295261383056640625e+01
1.377990531921386719e+01
1.408753776550292969e+01
1.390265178680419922e+01
1.392262268066406250e+01
1.404950714111328125e+01
1.438116931915283203e+01
1.456978607177734375e+01
1.520618438720703125e+01
1.507960700988769531e+01
1.484977245330810547e+01
1.399826622009277344e+01
1.301798439025878906e+01
1.337646961212158203e+01
1.261014842987060547e+01
1.257548904418945312e+01
1.250157260894775391e+01
1.138249111175537109e+01
1.148100280761718750e+01
1.206116962432861328e+01
1.371429729461669922e+01
1.439922809600830078e+01
1.484642791748046875e+01
1.647241020202636719e+01
1.624087905883789062e+01
1.660166931152343750e+01
1.646901321411132812e+01
1.680882835388183594e+01
1.679080581665039062e+01
1.615983200073242188e+01
1.618192672729492188e+01
1.673713684082031250e+01
1.697830009460449219e+01
1.661839675903320312e+01
1.741148757934570312e+01
1.574032115936279297e+01
1.596371269226074219e+01
1.536980724334716797e+01
1.518368244171142578e+01
1.440415000915527344e+01
1.529765605926513672e+01
1.375768566131591797e+01
1.411960601806640625e+01
1.225216579437255859e+01
1.159776973724365234e+01
1.179470157623291016e+01
1.228957557678222656e+01
1.134720611572265625e+01
1.017182350158691406e+01
9.954490661621093750e+00
9.817941665649414062e+00
1.013303565979003906e+01
1.029462051391601562e+01
9.061864852905273438e+00
9.557435035705566406e+00
9.996308326721191406e+00
9.473555564880371094e+00
9.335482597351074219e+00
8.914422035217285156e+00
9.426893234252929688e+00
9.513004302978515625e+00
9.326993942260742188e+00
9.547332763671875000e+00
1.073658370971679688e+01
1.029968643188476562e+01
9.744638442993164062e+00
9.681033134460449219e+00
9.169954299926757812e+00
9.199611663818359375e+00
8.704680442810058594e+00
9.811577796936035156e+00
1.040110015869140625e+01
9.569643020629882812e+00
9.716692924499511719e+00
1.075399684906005859e+01
1.101539897918701172e+01
1.191095352172851562e+01
1.244102478027343750e+01
1.217562294006347656e+01
1.169559764862060547e+01
1.140179252624511719e+01
1.117303180694580078e+01
1.110677433013916016e+01
1.037305545806884766e+01
1.049131774902343750e+01
9.832090377807617188e+00
1.079164981842041016e+01
9.547413825988769531e+00
1.050639915466308594e+01
1.092975521087646484e+01
1.139025115966796875e+01
1.166111183166503906e+01
1.165203285217285156e+01
1.166531467437744141e+01
1.153667259216308594e+01
1.179058647155761719e+01
1.142496871948242188e+01
1.009864997863769531e+01
9.649185180664062500e+00
1.008260345458984375e+01
8.934690475463867188e+00
7.542893886566162109e+00
7.776276588439941406e+00
6.082207202911376953e+00
5.957842826843261719e+00
5.641949176788330078e+00
5.865725517272949219e+00
6.040307521820068359e+00
5.418671131134033203e+00
5.055451869964599609e+00
4.271968364715576172e+00
3.886117219924926758e+00
3.264997959136962891e+00
3.555372953414916992e+00
3.904068708419799805e+00
4.378729820251464844e+00
3.627421855926513672e+00
2.375731229782104492e+00
2.742596387863159180e+00
2.654589176177978516e+00
3.057883262634277344e+00
2.122557878494262695e+00
3.119878292083740234e+00
3.201872587203979492e+00
3.332869052886962891e+00
3.566685199737548828e+00
3.692539215087890625e+00
4.363846778869628906e+00
4.576458930969238281e+00
5.137659072875976562e+00
4.893752098083496094e+00
5.204539775848388672e+00
4.564516544342041016e+00
4.577867507934570312e+00
3.143095254898071289e+00
3.625214338302612305e+00
3.035702705383300781e+00
2.438331127166748047e+00
2.702836513519287109e+00
2.775780916213989258e+00
3.393134593963623047e+00
4.620532989501953125e+00
5.702156543731689453e+00
5.787083148956298828e+00
5.709285736083984375e+00
5.859094619750976562e+00
5.663148880004882812e+00
5.523985862731933594e+00
6.053991317749023438e+00
6.259713172912597656e+00
7.060054779052734375e+00
7.367047786712646484e+00
8.115880966186523438e+00
8.711779594421386719e+00
9.278944015502929688e+00
9.343228340148925781e+00
9.728650093078613281e+00
1.004579353332519531e+01
1.002066421508789062e+01
9.871595382690429688e+00
9.425858497619628906e+00
8.935716629028320312e+00
8.507516860961914062e+00
7.868769645690917969e+00
8.397372245788574219e+00
8.523922920227050781e+00
9.127732276916503906e+00
9.057333946228027344e+00
7.851496696472167969e+00
8.083094596862792969e+00
7.746411323547363281e+00
8.260515213012695312e+00
7.694017887115478516e+00
8.439291954040527344e+00
9.091465950012207031e+00
8.919292449951171875e+00
9.260861396789550781e+00
8.812620162963867188e+00
1.022686386108398438e+01
1.057311820983886719e+01
1.064681720733642578e+01
9.645834922790527344e+00
9.448206901550292969e+00
8.820547103881835938e+00
8.593037605285644531e+00
9.137810707092285156e+00
9.172083854675292969e+00
9.345098495483398438e+00
7.928605556488037109e+00
7.756063938140869141e+00
6.905915260314941406e+00
6.428761482238769531e+00
6.771485328674316406e+00
6.342626094818115234e+00
5.893923759460449219e+00
6.607418060302734375e+00
7.889241218566894531e+00
7.847330570220947266e+00
7.410558223724365234e+00
8.613306999206542969e+00
7.719473838806152344e+00
7.390260219573974609e+00
7.948865413665771484e+00
7.316190242767333984e+00
7.140360832214355469e+00
7.382279396057128906e+00
7.388693332672119141e+00
8.556251525878906250e+00
8.421240806579589844e+00
8.372640609741210938e+00
7.803624629974365234e+00
7.277936458587646484e+00
6.953089714050292969e+00
6.544454097747802734e+00
7.231005668640136719e+00
7.452283382415771484e+00
7.730457305908203125e+00
7.820997714996337891e+00
8.119429588317871094e+00
8.328115463256835938e+00
7.873988151550292969e+00
7.106227874755859375e+00
8.001769065856933594e+00
7.914224147796630859e+00
7.015272617340087891e+00
7.493977546691894531e+00
8.162778854370117188e+00
7.427117824554443359e+00
7.840925693511962891e+00
8.016410827636718750e+00
8.160005569458007812e+00
9.266860008239746094e+00
9.696890830993652344e+00
1.091114997863769531e+01
1.121168708801269531e+01
1.149411201477050781e+01
1.154405117034912109e+01
1.134111499786376953e+01
1.107334518432617188e+01
1.273508644104003906e+01
1.102196502685546875e+01
1.073174858093261719e+01
1.075923347473144531e+01
1.026537036895751953e+01
1.091835403442382812e+01
1.000323009490966797e+01
1.035268783569335938e+01
9.743383407592773438e+00
9.519611358642578125e+00
9.703372001647949219e+00
1.018003368377685547e+01
9.681883811950683594e+00
9.225419044494628906e+00
1.033057689666748047e+01
1.044204235076904297e+01
9.349482536315917969e+00
9.642666816711425781e+00
8.758913040161132812e+00
9.167300224304199219e+00
9.506822586059570312e+00
1.039942359924316406e+01
1.053572654724121094e+01
1.152917003631591797e+01
1.109186744689941406e+01
1.121572780609130859e+01
1.128791236877441406e+01
1.234370231628417969e+01
1.147319889068603516e+01
1.106270694732666016e+01
1.103656578063964844e+01
1.087816429138183594e+01
1.078160095214843750e+01
1.091891002655029297e+01
1.199991512298583984e+01
1.244431495666503906e+01
1.266766166687011719e+01
1.269669723510742188e+01
1.334686851501464844e+01
1.221909523010253906e+01
1.264806079864501953e+01
1.285505390167236328e+01
1.335222434997558594e+01
1.296063041687011719e+01
1.281959533691406250e+01
1.381894874572753906e+01
1.504990959167480469e+01
1.486865997314453125e+01
1.458683013916015625e+01
1.418014049530029297e+01
1.469033622741699219e+01
1.379458808898925781e+01
1.403028869628906250e+01
1.387015724182128906e+01
1.267854118347167969e+01
1.204083251953125000e+01
1.098248291015625000e+01
1.039354705810546875e+01
1.000486564636230469e+01
8.671443939208984375e+00
9.261058807373046875e+00
8.984563827514648438e+00
8.960958480834960938e+00
8.937273025512695312e+00
9.242581367492675781e+00
9.836671829223632812e+00
8.787838935852050781e+00
8.955661773681640625e+00
8.593066215515136719e+00
8.407809257507324219e+00
8.132952690124511719e+00
7.371400356292724609e+00
8.585510253906250000e+00
8.594129562377929688e+00
7.449687004089355469e+00
7.064544677734375000e+00
7.540628910064697266e+00
7.487166404724121094e+00
7.825861454010009766e+00
8.075996398925781250e+00
7.774596214294433594e+00
7.511052131652832031e+00
8.522562026977539062e+00
7.727835655212402344e+00
7.061408042907714844e+00
7.413973331451416016e+00
8.184415817260742188e+00
9.218289375305175781e+00
9.364027023315429688e+00
8.937643051147460938e+00
9.245558738708496094e+00
9.170917510986328125e+00
9.348303794860839844e+00
1.069130897521972656e+01
1.002589321136474609e+01
1.117706108093261719e+01
1.143230724334716797e+01
1.123838996887207031e+01
1.102391242980957031e+01
1.102099323272705078e+01
1.098114490509033203e+01
1.008691310882568359e+01
8.751613616943359375e+00
8.860085487365722656e+00
8.509900093078613281e+00
8.242227554321289062e+00
6.731172084808349609e+00
7.120200157165527344e+00
6.189621925354003906e+00
6.440407752990722656e+00
6.800187587738037109e+00
5.438636779785156250e+00
5.215335845947265625e+00
5.600836277008056641e+00
5.220730781555175781e+00
5.183806419372558594e+00
4.997448921203613281e+00
5.026207447052001953e+00
4.621092796325683594e+00
4.419901847839355469e+00
3.884793043136596680e+00
4.575568675994873047e+00
4.258015632629394531e+00
5.174007892608642578e+00
6.851468563079833984e+00
6.912011623382568359e+00
7.439248561859130859e+00
9.175829887390136719e+00
8.959783554077148438e+00
8.964785575866699219e+00
8.943406105041503906e+00
8.382337570190429688e+00
9.202820777893066406e+00
8.130676269531250000e+00
8.026016235351562500e+00
9.205828666687011719e+00
8.163805007934570312e+00
8.789740562438964844e+00
9.161583900451660156e+00
9.018854141235351562e+00
8.985009193420410156e+00
9.073187828063964844e+00
9.561655998229980469e+00
9.891191482543945312e+00
9.403612136840820312e+00
1.022151565551757812e+01
1.050811195373535156e+01
1.021115875244140625e+01
1.144537544250488281e+01
1.123338699340820312e+01
1.045934867858886719e+01
1.072783279418945312e+01
1.160022640228271484e+01
1.147432231903076172e+01
1.192198181152343750e+01
1.213398170471191406e+01
1.121954059600830078e+01
1.215196132659912109e+01
1.143518733978271484e+01
1.104134559631347656e+01
1.070366668701171875e+01
9.922469139099121094e+00
1.032312774658203125e+01
1.028847599029541016e+01
9.893095016479492188e+00
9.773805618286132812e+00
1.058790779113769531e+01
1.201978588104248047e+01
1.189503860473632812e+01
1.208751392364501953e+01
1.238508701324462891e+01
1.204867267608642578e+01
1.139598274230957031e+01
1.113707542419433594e+01
1.051476478576660156e+01
9.837953567504882812e+00
8.838112831115722656e+00
8.663720130920410156e+00
9.193313598632812500e+00
8.958089828491210938e+00
9.208158493041992188e+00
9.266957283020019531e+00
9.157071113586425781e+00
1.018337440490722656e+01
1.010182952880859375e+01
9.531879425048828125e+00
9.096343040466308594e+00
9.207056045532226562e+00
8.316048622131347656e+00
8.709085464477539062e+00
9.457637786865234375e+00
1.048341941833496094e+01
1.067206764221191406e+01
1.169221305847167969e+01
1.197891712188720703e+01
1.271501731872558594e+01
1.358992195129394531e+01
1.442895698547363281e+01
1.473623180389404297e+01
1.425709819793701172e+01
1.396028423309326172e+01
1.492210674285888672e+01
1.490231513977050781e+01
1.412681293487548828e+01
1.394034290313720703e+01
1.393715858459472656e+01
1.293968200683593750e+01
1.291237926483154297e+01
1.298162841796875000e+01
1.226507186889648438e+01
1.144585514068603516e+01
1.242461013793945312e+01
1.280408668518066406e+01
1.277485466003417969e+01
1.350606346130371094e+01
1.287680530548095703e+01
1.323583507537841797e+01
1.348636054992675781e+01
1.397898864746093750e+01
1.435309600830078125e+01
1.396991539001464844e+01
1.430858612060546875e+01
1.538615131378173828e+01
1.683537292480468750e+01
1.629129409790039062e+01
1.732635688781738281e+01
1.717956161499023438e+01
1.659296035766601562e+01
1.538129615783691406e+01
1.580496788024902344e+01
1.698491859436035156e+01
1.615667915344238281e+01
1.631866073608398438e+01
1.676348114013671875e+01
1.768983268737792969e+01
1.702948760986328125e+01
1.838985443115234375e+01
1.754718399047851562e+01
1.822092819213867188e+01
1.803323554992675781e+01
1.742785072326660156e+01
1.750381851196289062e+01
1.720477294921875000e+01
1.773383903503417969e+01
1.698093223571777344e+01
1.645189476013183594e+01
1.759080886840820312e+01
1.594934558868408203e+01
1.569623756408691406e+01
1.500461387634277344e+01
1.500385093688964844e+01
1.379381370544433594e+01
1.319602203369140625e+01
1.305363750457763672e+01
1.201597499847412109e+01
1.127036380767822266e+01
1.128833198547363281e+01
1.046088218688964844e+01
1.027729225158691406e+01
1.033212947845458984e+01
1.095634746551513672e+01
1.066648769378662109e+01
1.108540821075439453e+01
1.196516227722167969e+01
1.224864101409912109e+01
1.229860115051269531e+01
1.198770999908447266e+01
1.187600421905517578e+01
1.126979160308837891e+01
1.196642398834228516e+01
1.238245105743408203e+01
1.174772453308105469e+01
1.222717857360839844e+01
1.096425819396972656e+01
1.161301803588867188e+01
1.160782051086425781e+01
1.043206977844238281e+01
1.022064495086669922e+01
9.989492416381835938e+00
1.007072162628173828e+01
1.114077758789062500e+01
1.236920928955078125e+01
1.197275733947753906e+01
1.167039680480957031e+01
1.228558635711669922e+01
1.241405487060546875e+01
1.257288551330566406e+01
1.229014205932617188e+01
1.159232044219970703e+01
1.208330535888671875e+01
1.233448314666748047e+01
1.072042942047119141e+01
1.166003417968750000e+01
1.211399173736572266e+01
1.161205673217773438e+01
1.270350456237792969e+01
1.194215774536132812e+01
1.131041812896728516e+01
1.061971950531005859e+01
1.068028640747070312e+01
1.074047279357910156e+01
9.910056114196777344e+00
8.812634468078613281e+00
9.492941856384277344e+00
9.891811370849609375e+00
1.017331790924072266e+01
9.130075454711914062e+00
9.250852584838867188e+00
8.488519668579101562e+00
8.433744430541992188e+00
7.770101070404052734e+00
7.707045555114746094e+00
7.497094154357910156e+00
9.016171455383300781e+00
8.252751350402832031e+00
9.055452346801757812e+00
9.385538101196289062e+00
9.701433181762695312e+00
9.572800636291503906e+00
9.052256584167480469e+00
9.295879364013671875e+00
8.811356544494628906e+00
7.922840118408203125e+00
8.228657722473144531e+00
6.863240242004394531e+00
7.509356498718261719e+00
7.529278755187988281e+00
7.098160743713378906e+00
6.732141971588134766e+00
6.430233955383300781e+00
6.643352508544921875e+00
6.339051246643066406e+00
6.561020851135253906e+00
6.788343906402587891e+00
6.602416992187500000e+00
6.535562038421630859e+00
6.910852909088134766e+00
6.648519992828369141e+00
6.502186775207519531e+00
5.886191844940185547e+00
6.279561042785644531e+00
6.522572517395019531e+00
5.584583759307861328e+00
4.742815971374511719e+00
3.966319561004638672e+00
3.721680879592895508e+00
3.486227750778198242e+00
3.810214281082153320e+00
4.104706764221191406e+00
3.767161607742309570e+00
4.319378376007080078e+00
4.833691596984863281e+00
4.987683296203613281e+00
5.106974601745605469e+00
5.632863998413085938e+00
6.097619056701660156e+00
6.268556594848632812e+00
6.853454589843750000e+00
7.903690338134765625e+00
8.806722640991210938e+00
8.881995201110839844e+00
9.643288612365722656e+00
1.100750446319580078e+01
1.113343906402587891e+01
1.193869495391845703e+01
1.149162673950195312e+01
1.110018444061279297e+01
1.146241569519042969e+01
1.069950294494628906e+01
1.034698963165283203e+01
1.095083427429199219e+01
1.072907066345214844e+01
1.053388118743896484e+01
9.855867385864257812e+00
9.910590171813964844e+00
1.105309581756591797e+01
9.557306289672851562e+00
1.070284843444824219e+01
9.040426254272460938e+00
8.945863723754882812e+00
9.355734825134277344e+00
9.957011222839355469e+00
1.070684242248535156e+01
1.093244171142578125e+01
1.187727928161621094e+01
1.278811550140380859e+01
1.238319206237792969e+01
1.338808917999267578e+01
1.242943000793457031e+01
1.287564849853515625e+01
1.218795204162597656e+01
1.290097808837890625e+01
1.305062103271484375e+01
1.325740528106689453e+01
1.226627159118652344e+01
1.263579463958740234e+01
1.245019340515136719e+01
1.254553222656250000e+01
1.229421806335449219e+01
1.215020179748535156e+01
1.226437282562255859e+01
1.247045803070068359e+01
1.268054008483886719e+01
1.200406837463378906e+01
1.145916557312011719e+01
1.169275856018066406e+01
1.144175434112548828e+01
1.168781566619873047e+01
1.199799537658691406e+01
1.251691818237304688e+01
1.335343456268310547e+01
1.304658222198486328e+01
1.302575969696044922e+01
1.243457412719726562e+01
1.250293445587158203e+01
1.250761032104492188e+01
1.145593738555908203e+01
1.165266036987304688e+01
1.148085975646972656e+01
1.087828159332275391e+01
1.012314987182617188e+01
8.969369888305664062e+00
8.291795730590820312e+00
6.626631259918212891e+00
6.650137901306152344e+00
5.887056350708007812e+00
6.337357521057128906e+00
5.325273036956787109e+00
5.454659461975097656e+00
5.320657730102539062e+00
5.372269153594970703e+00
5.360759258270263672e+00
5.216595649719238281e+00
5.556267261505126953e+00
5.276389122009277344e+00
6.234571456909179688e+00
5.072659015655517578e+00
4.922053337097167969e+00
5.166532039642333984e+00
5.420396327972412109e+00
5.024367332458496094e+00
4.703969001770019531e+00
4.582168102264404297e+00
4.388053417205810547e+00
4.869605064392089844e+00
5.413437366485595703e+00
5.701064109802246094e+00
6.185920715332031250e+00
7.664466857910156250e+00
8.645155906677246094e+00
8.329554557800292969e+00
9.707408905029296875e+00
9.746708869934082031e+00
1.005336570739746094e+01
9.830871582031250000e+00
9.759084701538085938e+00
9.700407028198242188e+00
1.042648506164550781e+01
1.113107585906982422e+01
1.177355957031250000e+01
1.201576042175292969e+01
1.252355098724365234e+01
1.270284843444824219e+01
1.332482147216796875e+01
1.303592205047607422e+01
1.218994235992431641e+01
1.256878376007080078e+01
1.219869422912597656e+01
1.234942817687988281e+01
1.114228343963623047e+01
1.196513557434082031e+01
1.206395626068115234e+01
1.122894096374511719e+01
1.092604827880859375e+01
1.111739540100097656e+01
1.129001045227050781e+01
1.178062629699707031e+01
1.127663326263427734e+01
1.126174259185791016e+01
1.117446899414062500e+01
1.175347709655761719e+01
1.146776485443115234e+01
1.204703330993652344e+01
1.146244621276855469e+01
1.145129966735839844e+01
1.157475757598876953e+01
1.232728862762451172e+01
1.374535655975341797e+01
1.339103507995605469e+01
1.381181144714355469e+01
1.286051940917968750e+01
1.212591552734375000e+01
1.291725921630859375e+01
1.258634090423583984e+01
1.071243953704833984e+01
1.223499584197998047e+01
1.148688983917236328e+01
1.039947605133056641e+01
9.533963203430175781e+00
9.552481651306152344e+00
9.468396186828613281e+00
1.031744098663330078e+01
1.039236831665039062e+01
9.557460784912109375e+00
1.014081382751464844e+01
1.009165000915527344e+01
9.701719284057617188e+00
1.077136421203613281e+01
1.129048538208007812e+01
1.147680664062500000e+01
1.041294765472412109e+01
1.137443161010742188e+01
9.163021087646484375e+00
9.638017654418945312e+00
8.542417526245117188e+00
9.750574111938476562e+00
9.966659545898437500e+00
1.065781688690185547e+01
1.069227886199951172e+01
1.078818798065185547e+01
1.036058998107910156e+01
1.052087020874023438e+01
1.034197616577148438e+01
9.727289199829101562e+00
1.019578838348388672e+01
9.085530281066894531e+00
9.669263839721679688e+00
1.013011741638183594e+01
1.035649871826171875e+01
1.091286277770996094e+01
1.182897758483886719e+01
1.163099861145019531e+01
1.143034648895263672e+01
1.271282482147216797e+01
1.281653308868408203e+01
1.315913963317871094e+01
1.407712841033935547e+01
1.330393218994140625e+01
1.313673877716064453e+01
1.322462272644042969e+01
1.238826179504394531e+01
1.221945095062255859e+01
1.264931392669677734e+01
1.208326911926269531e+01
1.188162803649902344e+01
1.159604549407958984e+01
1.211578559875488281e+01
1.189284610748291016e+01
1.289792919158935547e+01
1.312236785888671875e+01
1.258558845520019531e+01
1.238541793823242188e+01
1.160595130920410156e+01
1.223275566101074219e+01
1.207814216613769531e+01
1.187930583953857422e+01
1.077343082427978516e+01
1.136808204650878906e+01
1.167257976531982422e+01
1.141312694549560547e+01
1.122203922271728516e+01
1.045714950561523438e+01
1.047146415710449219e+01
1.116893100738525391e+01
1.131620693206787109e+01
1.117838859558105469e+01
1.183419418334960938e+01
1.243109607696533203e+01
1.343670082092285156e+01
1.381793689727783203e+01
1.297169303894042969e+01
1.325783348083496094e+01
1.339776611328125000e+01
1.247366428375244141e+01
1.224236583709716797e+01
1.260715103149414062e+01
1.147582054138183594e+01
1.111648559570312500e+01
1.154453086853027344e+01
1.093130302429199219e+01
1.108441925048828125e+01
1.058799552917480469e+01
1.027236843109130859e+01
1.061453533172607422e+01
1.103310489654541016e+01
1.164890193939208984e+01
1.132623672485351562e+01
1.143195152282714844e+01
1.204852104187011719e+01
1.103908443450927734e+01
1.034094810485839844e+01
1.060339164733886719e+01
1.036280345916748047e+01
1.018452644348144531e+01
9.057596206665039062e+00
8.618878364562988281e+00
9.141218185424804688e+00
1.072831821441650391e+01
1.108804893493652344e+01
1.137445068359375000e+01
1.146723175048828125e+01
1.083572292327880859e+01
1.200691795349121094e+01
1.041278743743896484e+01
1.029408645629882812e+01
1.032514762878417969e+01
9.635225296020507812e+00
1.016228580474853516e+01
9.085699081420898438e+00
9.201810836791992188e+00
9.543000221252441406e+00
9.792188644409179688e+00
8.144165039062500000e+00
7.382904052734375000e+00
7.408625125885009766e+00
8.400930404663085938e+00
9.082579612731933594e+00
8.565931320190429688e+00
9.261903762817382812e+00
9.065085411071777344e+00
9.566719055175781250e+00
1.023382472991943359e+01
1.070421409606933594e+01
1.020467376708984375e+01
9.716897964477539062e+00
9.743249893188476562e+00
8.719878196716308594e+00
1.006738471984863281e+01
9.952804565429687500e+00
9.881245613098144531e+00
9.032094955444335938e+00
9.030794143676757812e+00
7.831779479980468750e+00
9.077936172485351562e+00
9.285794258117675781e+00
9.126511573791503906e+00
8.851959228515625000e+00
9.299686431884765625e+00
8.563879966735839844e+00
9.568078994750976562e+00
9.454778671264648438e+00
1.010002326965332031e+01
1.070193862915039062e+01
1.078021430969238281e+01
1.204004192352294922e+01
1.121603107452392578e+01
1.125498771667480469e+01
1.160656261444091797e+01
1.090380859375000000e+01
1.081974220275878906e+01
9.246439933776855469e+00
1.038791751861572266e+01
1.010677909851074219e+01
9.750626564025878906e+00
9.769586563110351562e+00
1.042551517486572266e+01
9.970445632934570312e+00
1.229207038879394531e+01
1.158892154693603516e+01
1.125618076324462891e+01
1.154729175567626953e+01
1.164192867279052734e+01
1.097364330291748047e+01
1.120582485198974609e+01
1.099460315704345703e+01
1.097748088836669922e+01
9.654340744018554688e+00
9.086849212646484375e+00
9.340027809143066406e+00
9.753244400024414062e+00
8.705419540405273438e+00
8.911971092224121094e+00
7.763979911804199219e+00
7.387964725494384766e+00
7.309042930603027344e+00
7.916275978088378906e+00
6.950962066650390625e+00
6.950961112976074219e+00
6.703794956207275391e+00
6.205351829528808594e+00
6.831933498382568359e+00
7.377233982086181641e+00
7.418263435363769531e+00
7.169560909271240234e+00
6.679007053375244141e+00
6.767922878265380859e+00
7.359396934509277344e+00
7.599841117858886719e+00
7.161337375640869141e+00
7.514508724212646484e+00
7.222308158874511719e+00
8.335861206054687500e+00
8.663148880004882812e+00
9.339032173156738281e+00
9.047782897949218750e+00
9.091237068176269531e+00
9.642014503479003906e+00
1.041015815734863281e+01
1.095338249206542969e+01
1.026141929626464844e+01
1.027400112152099609e+01
1.089066696166992188e+01
1.038045406341552734e+01
1.041889381408691406e+01
1.173638153076171875e+01
1.149063873291015625e+01
1.190253067016601562e+01
1.225931358337402344e+01
1.291762351989746094e+01
1.251058197021484375e+01
1.139084625244140625e+01
1.090736484527587891e+01
1.115103054046630859e+01
9.584674835205078125e+00
9.724960327148437500e+00
9.111898422241210938e+00
9.421020507812500000e+00
9.675938606262207031e+00
1.001911354064941406e+01
1.011795997619628906e+01
1.093974304199218750e+01
1.032317543029785156e+01
1.046443271636962891e+01
1.083343315124511719e+01
1.173456954956054688e+01
1.183561706542968750e+01
1.224198913574218750e+01
1.293081951141357422e+01
1.326291656494140625e+01
1.383591747283935547e+01
1.448178672790527344e+01
1.487200355529785156e+01
1.492367267608642578e+01
1.611625862121582031e+01
1.650955200195312500e+01
1.630375671386718750e+01
1.681543922424316406e+01
1.770739364624023438e+01
1.834003829956054688e+01
1.871286392211914062e+01
1.920634269714355469e+01
1.918601799011230469e+01
1.907064819335937500e+01
1.863535308837890625e+01
1.882813835144042969e+01
1.844493103027343750e+01
1.915743064880371094e+01
1.843643569946289062e+01
1.734466934204101562e+01
1.758991241455078125e+01
1.669051170349121094e+01
1.559959602355957031e+01
1.572169780731201172e+01
1.470380878448486328e+01
1.407378959655761719e+01
1.340964794158935547e+01
1.383084392547607422e+01
1.502203559875488281e+01
1.471011352539062500e+01
1.496950244903564453e+01
1.442095661163330078e+01
1.454777240753173828e+01
1.378890514373779297e+01
1.356842231750488281e+01
1.270680713653564453e+01
1.179021835327148438e+01
1.219093132019042969e+01
1.290497112274169922e+01
1.198512172698974609e+01
1.316780090332031250e+01
1.234575366973876953e+01
1.282558631896972656e+01
1.322971153259277344e+01
1.413964080810546875e+01
1.404257678985595703e+01
1.498993492126464844e+01
1.433620452880859375e+01
1.504175090789794922e+01
1.603500938415527344e+01
1.600882720947265625e+01
1.590976428985595703e+01
1.524978446960449219e+01
1.434262371063232422e+01
1.300479412078857422e+01
1.173947715759277344e+01
1.158860206604003906e+01
1.136540603637695312e+01
1.095415496826171875e+01
1.079774093627929688e+01
1.154764270782470703e+01
1.077375411987304688e+01
9.506589889526367188e+00
9.466509819030761719e+00
8.705923080444335938e+00
9.057314872741699219e+00
9.914632797241210938e+00
8.827959060668945312e+00
9.187132835388183594e+00
8.734169960021972656e+00
1.000259590148925781e+01
1.003177833557128906e+01
1.045837020874023438e+01
9.397500991821289062e+00
8.495130538940429688e+00
7.624158382415771484e+00
6.705586433410644531e+00
7.030555725097656250e+00
6.667016506195068359e+00
5.918366432189941406e+00
5.735494136810302734e+00
6.283482551574707031e+00
5.440308570861816406e+00
4.087195873260498047e+00
4.225872039794921875e+00
4.296290397644042969e+00
4.945686340332031250e+00
4.166039466857910156e+00
4.979031562805175781e+00
5.813103675842285156e+00
5.343571662902832031e+00
6.062052726745605469e+00
4.868013858795166016e+00
5.710583686828613281e+00
5.778965950012207031e+00
6.559254646301269531e+00
7.183423042297363281e+00
8.131116867065429688e+00
8.287757873535156250e+00
9.530219078063964844e+00
9.489339828491210938e+00
1.080305004119873047e+01
1.030194854736328125e+01
9.926751136779785156e+00
9.812387466430664062e+00
1.059945487976074219e+01
1.087733459472656250e+01
1.023016166687011719e+01
1.041867637634277344e+01
1.072731018066406250e+01
1.018558597564697266e+01
9.040346145629882812e+00
9.896909713745117188e+00
8.352762222290039062e+00
8.998908996582031250e+00
9.370143890380859375e+00
9.748867034912109375e+00
1.058017063140869141e+01
1.070455360412597656e+01
1.171176910400390625e+01
1.183818340301513672e+01
1.228244590759277344e+01
1.301026344299316406e+01
1.341293144226074219e+01
1.376632213592529297e+01
1.338481616973876953e+01
1.457143211364746094e+01
1.517328071594238281e+01
1.482711791992187500e+01
1.547605419158935547e+01
1.546434783935546875e+01
1.616919898986816406e+01
1.603999900817871094e+01
1.565673542022705078e+01
1.540317249298095703e+01
1.592418956756591797e+01
1.499742889404296875e+01
1.477116966247558594e+01
1.510919475555419922e+01
1.345661640167236328e+01
1.233569622039794922e+01
1.152948951721191406e+01
1.103639888763427734e+01
1.075533199310302734e+01
9.945041656494140625e+00
1.058184051513671875e+01
1.014420604705810547e+01
9.008543014526367188e+00
1.103670787811279297e+01
1.082740020751953125e+01
1.001243400573730469e+01
1.123705196380615234e+01
1.094187831878662109e+01
1.049593830108642578e+01
1.142318534851074219e+01
1.162095928192138672e+01
1.108967685699462891e+01
1.194238471984863281e+01
1.232847118377685547e+01
1.272067642211914062e+01
1.246288681030273438e+01
1.388937187194824219e+01
1.375389385223388672e+01
1.416815471649169922e+01
1.267576408386230469e+01
1.124333953857421875e+01
1.260697460174560547e+01
1.138609504699707031e+01
1.199656009674072266e+01
1.108467483520507812e+01
1.151354408264160156e+01
1.282047271728515625e+01
1.210176563262939453e+01
1.244870185852050781e+01
1.176541709899902344e+01
1.190815258026123047e+01
1.128782463073730469e+01
1.116097640991210938e+01
1.123153495788574219e+01
1.185381507873535156e+01
1.219544601440429688e+01
1.300743293762207031e+01
1.263441467285156250e+01
1.242060756683349609e+01
1.231630516052246094e+01
1.171451759338378906e+01
1.203212738037109375e+01
1.189366054534912109e+01
1.195300483703613281e+01
1.255967712402343750e+01
1.248873043060302734e+01
1.323165702819824219e+01
1.274041366577148438e+01
1.225968360900878906e+01
1.245852851867675781e+01
1.222779941558837891e+01
1.370932292938232422e+01
1.353665733337402344e+01
1.340337371826171875e+01
1.286980247497558594e+01
1.438580131530761719e+01
1.404327678680419922e+01
1.350059795379638672e+01
1.429152679443359375e+01
1.490047264099121094e+01
1.629052162170410156e+01
1.725081062316894531e+01
1.772298431396484375e+01
1.755586051940917969e+01
1.786188507080078125e+01
1.901420021057128906e+01
1.874529647827148438e+01
1.806332778930664062e+01
1.804538345336914062e+01
1.709688377380371094e+01
1.673833465576171875e+01
1.661973190307617188e+01
1.536226081848144531e+01
1.518590259552001953e+01
1.473607921600341797e+01
1.427431964874267578e+01
1.345052051544189453e+01
1.435409355163574219e+01
1.432762336730957031e+01
1.362385845184326172e+01
1.509609508514404297e+01
1.507973670959472656e+01
1.575307941436767578e+01
1.580987739562988281e+01
1.539763832092285156e+01
1.409832000732421875e+01
1.425077819824218750e+01
1.416298484802246094e+01
1.417168426513671875e+01
1.387756538391113281e+01
1.428652477264404297e+01
1.340652751922607422e+01
1.308815002441406250e+01
1.271299743652343750e+01
1.181416893005371094e+01
1.082739734649658203e+01
1.056357574462890625e+01
1.006418800354003906e+01
9.689270019531250000e+00
8.955003738403320312e+00
9.279414176940917969e+00
9.889370918273925781e+00
9.828396797180175781e+00
8.887731552124023438e+00
8.942178726196289062e+00
9.331033706665039062e+00
8.523786544799804688e+00
8.451799392700195312e+00
8.143812179565429688e+00
8.653860092163085938e+00
7.749722957611083984e+00
8.551805496215820312e+00
8.204660415649414062e+00
8.715669631958007812e+00
8.167478561401367188e+00
7.704836845397949219e+00
8.181879997253417969e+00
8.826563835144042969e+00
8.597337722778320312e+00
8.250343322753906250e+00
8.453260421752929688e+00
1.047693824768066406e+01
9.770492553710937500e+00
1.099635124206542969e+01
1.111103725433349609e+01
1.184756946563720703e+01
1.233173942565917969e+01
1.168127918243408203e+01
1.274726772308349609e+01
1.234275245666503906e+01
1.296004009246826172e+01
1.285181140899658203e+01
1.349432563781738281e+01
1.377156257629394531e+01
1.360499095916748047e+01
1.375252532958984375e+01
1.273751068115234375e+01
1.295576286315917969e+01
1.360858154296875000e+01
1.288875579833984375e+01
1.317637634277343750e+01
1.295545959472656250e+01
1.357457160949707031e+01
1.368854522705078125e+01
1.375829887390136719e+01
1.353215312957763672e+01
1.347214031219482422e+01
1.297330474853515625e+01
1.291284656524658203e+01
1.291248798370361328e+01
1.303100585937500000e+01
1.189421176910400391e+01
1.257254600524902344e+01
1.166875267028808594e+01
1.181916999816894531e+01
1.116827964782714844e+01
1.031529140472412109e+01
9.457590103149414062e+00
9.376443862915039062e+00
8.997615814208984375e+00
7.708907127380371094e+00
7.417617797851562500e+00
7.578681945800781250e+00
6.675085544586181641e+00
6.444792747497558594e+00
5.694272041320800781e+00
5.326707363128662109e+00
5.195994853973388672e+00
4.556218624114990234e+00
3.651242494583129883e+00
4.707486152648925781e+00
4.021988868713378906e+00
5.201024055480957031e+00
5.330622673034667969e+00
6.229704856872558594e+00
6.431106567382812500e+00
7.029278755187988281e+00
6.711342811584472656e+00
6.138776779174804688e+00
7.022596836090087891e+00
6.509043216705322266e+00
7.426843166351318359e+00
7.265402317047119141e+00
6.481542110443115234e+00
6.022799491882324219e+00
5.625653266906738281e+00
6.217038154602050781e+00
6.186013221740722656e+00
6.348893642425537109e+00
6.396831989288330078e+00
5.834869861602783203e+00
6.018708705902099609e+00
5.684514999389648438e+00
6.903014183044433594e+00
7.082555294036865234e+00
6.604086875915527344e+00
6.786992073059082031e+00
5.885679244995117188e+00
6.101589202880859375e+00
6.513497829437255859e+00
6.790473937988281250e+00
6.980007171630859375e+00
7.079195499420166016e+00
6.540892601013183594e+00
7.581358432769775391e+00
7.752962589263916016e+00
8.259229660034179688e+00
7.645700931549072266e+00
8.015951156616210938e+00
8.673235893249511719e+00
9.390970230102539062e+00
8.775876045227050781e+00
8.226621627807617188e+00
8.434261322021484375e+00
7.158193111419677734e+00
7.110576629638671875e+00
7.465186119079589844e+00
7.596369743347167969e+00
7.786795616149902344e+00
6.973207950592041016e+00
7.280455589294433594e+00
7.830510139465332031e+00
7.928763389587402344e+00
8.864007949829101562e+00
8.436404228210449219e+00
8.589733123779296875e+00
8.527135848999023438e+00
8.995453834533691406e+00
7.535445213317871094e+00
8.051697731018066406e+00
7.122589111328125000e+00
7.143989562988281250e+00
6.325782775878906250e+00
6.769033908843994141e+00
6.435749053955078125e+00
5.399837970733642578e+00
4.891119480133056641e+00
3.725266218185424805e+00
3.352600574493408203e+00
4.579501152038574219e+00
4.534889698028564453e+00
5.034817695617675781e+00
5.369873046875000000e+00
5.156595230102539062e+00
5.615872859954833984e+00
5.328675270080566406e+00
5.065678596496582031e+00
5.145112037658691406e+00
5.179141998291015625e+00
6.138107299804687500e+00
6.555434226989746094e+00
6.733784675598144531e+00
7.152449607849121094e+00
7.914519309997558594e+00
7.442694664001464844e+00
8.432077407836914062e+00
8.755411148071289062e+00
8.205392837524414062e+00
9.679265975952148438e+00
9.668060302734375000e+00
9.610746383666992188e+00
9.638769149780273438e+00
1.002520847320556641e+01
9.648769378662109375e+00
1.011073493957519531e+01
1.091027259826660156e+01
1.083426094055175781e+01
1.049430084228515625e+01
1.150391387939453125e+01
1.211921977996826172e+01
1.239107418060302734e+01
1.211980819702148438e+01
1.266455078125000000e+01
1.242852973937988281e+01
1.201148796081542969e+01
1.248738861083984375e+01
1.209161090850830078e+01
1.163274192810058594e+01
1.175015830993652344e+01
1.242469215393066406e+01
1.237765216827392578e+01
1.254749488830566406e+01
1.294754981994628906e+01
1.261096477508544922e+01
1.248571681976318359e+01
1.163642692565917969e+01
1.265344810485839844e+01
1.221154212951660156e+01
1.179919719696044922e+01
1.098231983184814453e+01
1.073720741271972656e+01
9.861480712890625000e+00
9.660020828247070312e+00
8.712264060974121094e+00
9.219986915588378906e+00
8.953740119934082031e+00
8.520631790161132812e+00
8.817776679992675781e+00
8.930852890014648438e+00
9.119952201843261719e+00
8.566836357116699219e+00
7.661217689514160156e+00
7.009032249450683594e+00
7.300509452819824219e+00
7.034834861755371094e+00
7.041615962982177734e+00
6.967005252838134766e+00
7.374214172363281250e+00
9.255474090576171875e+00
9.049291610717773438e+00
1.006219863891601562e+01
1.047113990783691406e+01
1.177105140686035156e+01
1.219963264465332031e+01
1.268808174133300781e+01
1.250845050811767578e+01
1.279863166809082031e+01
1.380281066894531250e+01
1.283717346191406250e+01
1.307605552673339844e+01
1.303271770477294922e+01
1.229351615905761719e+01
1.195570659637451172e+01
1.073623180389404297e+01
1.087767696380615234e+01
1.052722740173339844e+01
9.354562759399414062e+00
8.114608764648437500e+00
8.225863456726074219e+00
8.133396148681640625e+00
6.664886474609375000e+00
7.838892936706542969e+00
7.808452606201171875e+00
8.140853881835937500e+00
8.213305473327636719e+00
8.220991134643554688e+00
7.785569190979003906e+00
9.110219955444335938e+00
8.813287734985351562e+00
9.899903297424316406e+00
1.009896564483642578e+01
9.961297035217285156e+00
1.080007839202880859e+01
1.178509998321533203e+01
1.351500892639160156e+01
1.443627643585205078e+01
1.277805995941162109e+01
1.277257347106933594e+01
1.354286956787109375e+01
1.324243164062500000e+01
1.501481151580810547e+01
1.558183765411376953e+01
1.526920890808105469e+01
1.575725746154785156e+01
1.558264350891113281e+01
1.606956100463867188e+01
1.523681926727294922e+01
1.515867805480957031e+01
1.601659202575683594e+01
1.590431213378906250e+01
1.531591606140136719e+01
1.623874282836914062e+01
1.678202247619628906e+01
1.659009933471679688e+01
1.657984352111816406e+01
1.693679428100585938e+01
1.692986106872558594e+01
1.706382369995117188e+01
1.758758354187011719e+01
1.774077796936035156e+01
1.724863815307617188e+01
1.748274803161621094e+01
1.640002441406250000e+01
1.597776794433593750e+01
1.555605030059814453e+01
1.616248512268066406e+01
1.725343894958496094e+01
1.669643402099609375e+01
1.651310729980468750e+01
1.674700164794921875e+01
1.633508682250976562e+01
1.647510147094726562e+01
1.534557819366455078e+01
1.433375835418701172e+01
1.378458881378173828e+01
1.406234264373779297e+01
1.328467559814453125e+01
1.325085639953613281e+01
1.187519550323486328e+01
1.162091636657714844e+01
1.165225982666015625e+01
1.183760929107666016e+01
1.257298088073730469e+01
1.372861766815185547e+01
1.406834125518798828e+01
1.483700847625732422e+01
1.545728302001953125e+01
1.603051567077636719e+01
1.620929527282714844e+01
1.626927566528320312e+01
1.596829700469970703e+01
1.642701339721679688e+01
1.563752555847167969e+01
1.545070648193359375e+01
1.571914196014404297e+01
1.559470367431640625e+01
1.492529869079589844e+01
1.603414535522460938e+01
1.680953216552734375e+01
1.760054397583007812e+01
1.760291290283203125e+01
1.794783210754394531e+01
1.811763954162597656e+01
1.729348373413085938e+01
1.794070053100585938e+01
1.843249702453613281e+01
1.803192710876464844e+01
1.771459579467773438e+01
1.772101211547851562e+01
1.716767501831054688e+01
1.695273780822753906e+01
1.695055580139160156e+01
1.714603805541992188e+01
1.744794845581054688e+01
1.717702865600585938e+01
1.753769493103027344e+01
1.774950408935546875e+01
1.778161239624023438e+01
1.834780120849609375e+01
1.940917587280273438e+01
2.035147857666015625e+01
2.097078514099121094e+01
2.075848770141601562e+01
2.120956802368164062e+01
2.227058792114257812e+01
2.256777954101562500e+01
2.214604759216308594e+01
2.146422195434570312e+01
2.225876998901367188e+01
2.196782302856445312e+01
2.243338012695312500e+01
2.343688583374023438e+01
2.371990585327148438e+01
2.352317810058593750e+01
2.441317367553710938e+01
2.368964004516601562e+01
2.357683181762695312e+01
2.271487808227539062e+01
2.249579811096191406e+01
2.159250640869140625e+01
2.076272201538085938e+01
2.140209007263183594e+01
2.051663589477539062e+01
2.038503646850585938e+01
2.047348403930664062e+01
2.095105361938476562e+01
2.113675498962402344e+01
2.195601463317871094e+01
2.243691635131835938e+01
2.256455612182617188e+01
2.173845291137695312e+01
2.172423171997070312e+01
2.184249496459960938e+01
2.228618240356445312e+01
2.227034950256347656e+01
2.225923347473144531e+01
2.240793228149414062e+01
2.203524398803710938e+01
2.292024803161621094e+01
2.242887878417968750e+01
2.260507583618164062e+01
2.241452407836914062e+01
2.156853103637695312e+01
2.133562850952148438e+01
2.162085151672363281e+01
2.069701194763183594e+01
1.932935714721679688e+01
1.867706871032714844e+01
1.754408073425292969e+01
1.665883255004882812e+01
1.695168876647949219e+01
1.659111595153808594e+01
1.725539016723632812e+01
1.698680686950683594e+01
1.601782989501953125e+01
1.627307128906250000e+01
1.640780258178710938e+01
1.646421432495117188e+01
1.562958240509033203e+01
1.668493080139160156e+01
1.613550758361816406e+01
1.583781433105468750e+01
1.560684013366699219e+01
1.516260814666748047e+01
1.650671005249023438e+01
1.469038200378417969e+01
1.414918518066406250e+01
1.419079017639160156e+01
1.428181648254394531e+01
1.441871833801269531e+01
1.368495464324951172e+01
1.358394145965576172e+01
1.349711894989013672e+01
1.366770648956298828e+01
1.408516979217529297e+01
1.385807228088378906e+01
1.542933082580566406e+01
1.528761291503906250e+01
1.674422073364257812e+01
1.640791893005371094e+01
1.744664001464843750e+01
1.748897171020507812e+01
1.771389770507812500e+01
1.740517044067382812e+01
1.686234664916992188e+01
1.571779346466064453e+01
1.518358421325683594e+01
1.439058113098144531e+01
1.379681110382080078e+01
1.276496028900146484e+01
1.333855438232421875e+01
1.279932975769042969e+01
1.346163749694824219e+01
1.338302421569824219e+01
1.295507812500000000e+01
1.291012573242187500e+01
1.352844238281250000e+01
1.280710411071777344e+01
1.269174194335937500e+01
1.346488380432128906e+01
1.335365867614746094e+01
1.287871074676513672e+01
1.273150825500488281e+01
1.256325721740722656e+01
1.275712013244628906e+01
1.265654087066650391e+01
1.356736755371093750e+01
1.295388793945312500e+01
1.270298194885253906e+01
1.169964599609375000e+01
1.102347373962402344e+01
1.123309516906738281e+01
1.147350883483886719e+01
1.139783382415771484e+01
1.200337219238281250e+01
1.157966709136962891e+01
1.137487602233886719e+01
1.154618263244628906e+01
1.152715873718261719e+01
1.218313789367675781e+01
1.135513305664062500e+01
1.108843708038330078e+01
9.891249656677246094e+00
8.408932685852050781e+00
8.254245758056640625e+00
7.604080200195312500e+00
6.789061069488525391e+00
6.023037433624267578e+00
4.550074577331542969e+00
4.169775962829589844e+00
4.805895805358886719e+00
5.137543201446533203e+00
5.732039928436279297e+00
5.377383708953857422e+00
5.497145652770996094e+00
6.540874481201171875e+00
6.747995853424072266e+00
6.817101478576660156e+00
7.104072570800781250e+00
7.233232975006103516e+00
6.605385780334472656e+00
6.906460762023925781e+00
6.483357906341552734e+00
6.042323112487792969e+00
6.392156600952148438e+00
5.645190238952636719e+00
6.297619819641113281e+00
5.691922187805175781e+00
6.524602413177490234e+00
6.466022491455078125e+00
7.613468170166015625e+00
8.198798179626464844e+00
7.775221824645996094e+00
7.758150577545166016e+00
7.678503513336181641e+00
7.250096797943115234e+00
7.280423164367675781e+00
8.279423713684082031e+00
8.307603836059570312e+00
8.793780326843261719e+00
8.982938766479492188e+00
9.229188919067382812e+00
1.006159305572509766e+01
9.839242935180664062e+00
1.026433086395263672e+01
1.012686634063720703e+01
1.029593086242675781e+01
9.912022590637207031e+00
1.069105815887451172e+01
1.015651988983154297e+01
1.112876987457275391e+01
1.120323276519775391e+01
1.197357940673828125e+01
1.373043537139892578e+01
1.423844909667968750e+01
1.391862201690673828e+01
1.374735260009765625e+01
1.452056312561035156e+01
1.346870231628417969e+01
1.501597309112548828e+01
1.492644691467285156e+01
1.504272270202636719e+01
1.415670776367187500e+01
1.469229125976562500e+01
1.564269733428955078e+01
1.548901081085205078e+01
1.622829818725585938e+01
1.601310729980468750e+01
1.598126697540283203e+01
1.522786426544189453e+01
1.531946372985839844e+01
1.481700611114501953e+01
1.379659271240234375e+01
1.313808917999267578e+01
1.256036567687988281e+01
1.158183765411376953e+01
1.075834083557128906e+01
1.053413677215576172e+01
9.910875320434570312e+00
1.021039676666259766e+01
9.782478332519531250e+00
9.932690620422363281e+00
1.087221717834472656e+01
1.219740200042724609e+01
1.178533554077148438e+01
1.186438655853271484e+01
1.066270446777343750e+01
1.009152889251708984e+01
9.825364112854003906e+00
1.049920654296875000e+01
1.038844585418701172e+01
1.019917488098144531e+01
1.102906322479248047e+01
1.091769886016845703e+01
1.183682441711425781e+01
1.264654159545898438e+01
1.228301048278808594e+01
1.196704673767089844e+01
1.238717842102050781e+01
1.200015830993652344e+01
1.092420768737792969e+01
1.155147171020507812e+01
1.123385047912597656e+01
1.052664852142333984e+01
1.153842639923095703e+01
1.158259963989257812e+01
1.262691402435302734e+01
1.247431087493896484e+01
1.305533885955810547e+01
1.316195869445800781e+01
1.242367267608642578e+01
1.187405490875244141e+01
1.225299930572509766e+01
1.124170112609863281e+01
1.230239486694335938e+01
1.252353572845458984e+01
1.317041301727294922e+01
1.345747661590576172e+01
1.338726329803466797e+01
1.450254058837890625e+01
1.481827354431152344e+01
1.489634418487548828e+01
1.420797538757324219e+01
1.505172538757324219e+01
1.446061229705810547e+01
1.589828681945800781e+01
1.516056823730468750e+01
1.494315910339355469e+01
1.514474296569824219e+01
1.513511943817138672e+01
1.570556640625000000e+01
1.574902915954589844e+01
1.571109580993652344e+01
1.620443534851074219e+01
1.658243560791015625e+01
1.617349052429199219e+01
1.529830455780029297e+01
1.540990447998046875e+01
1.496444702148437500e+01
1.548665046691894531e+01
1.496604442596435547e+01
1.293387889862060547e+01
1.286563301086425781e+01
1.238553333282470703e+01
1.185900306701660156e+01
1.109835910797119141e+01
9.692231178283691406e+00
9.524333000183105469e+00
9.783642768859863281e+00
9.945240020751953125e+00
1.015775489807128906e+01
1.058684062957763672e+01
9.902764320373535156e+00
1.073259353637695312e+01
1.023832225799560547e+01
1.000306701660156250e+01
9.676671981811523438e+00
8.792967796325683594e+00
9.275472640991210938e+00
9.118788719177246094e+00
8.702877044677734375e+00
8.716171264648437500e+00
9.228214263916015625e+00
8.636438369750976562e+00
8.660203933715820312e+00
8.711521148681640625e+00
8.414767265319824219e+00
8.837845802307128906e+00
8.329420089721679688e+00
8.048710823059082031e+00
8.212615013122558594e+00
6.899836063385009766e+00
6.980434417724609375e+00
6.936199188232421875e+00
7.337576866149902344e+00
6.851255893707275391e+00
7.878182411193847656e+00
7.829379081726074219e+00
8.300348281860351562e+00
9.215221405029296875e+00
9.863769531250000000e+00
1.004241752624511719e+01
1.097253227233886719e+01
1.079086971282958984e+01
1.158855152130126953e+01
1.119470882415771484e+01
9.446622848510742188e+00
9.863389015197753906e+00
9.982941627502441406e+00
9.805329322814941406e+00
9.955714225769042969e+00
1.068700981140136719e+01
9.469214439392089844e+00
9.742930412292480469e+00
1.045845222473144531e+01
1.146634769439697266e+01
1.137557125091552734e+01
1.253799247741699219e+01
1.294774818420410156e+01
1.330280780792236328e+01
1.362619972229003906e+01
1.395264625549316406e+01
1.288571357727050781e+01
1.354571819305419922e+01
1.306172752380371094e+01
1.251264476776123047e+01
1.309166240692138672e+01
1.290868663787841797e+01
1.305257225036621094e+01
1.263921260833740234e+01
1.263921546936035156e+01
1.249920177459716797e+01
1.227711772918701172e+01
1.206272315979003906e+01
1.203685665130615234e+01
1.146035480499267578e+01
1.148715019226074219e+01
1.197739028930664062e+01
1.263264179229736328e+01
1.159428119659423828e+01
1.064396667480468750e+01
1.124486541748046875e+01
1.101010704040527344e+01
1.154861545562744141e+01
1.165710067749023438e+01
1.173599624633789062e+01
1.218157386779785156e+01
1.300382709503173828e+01
1.180636692047119141e+01
1.247970581054687500e+01
1.225885963439941406e+01
1.253238105773925781e+01
1.196842193603515625e+01
1.157656002044677734e+01
1.211075973510742188e+01
1.200681304931640625e+01
1.132337760925292969e+01
1.301704406738281250e+01
1.293575477600097656e+01
1.304826068878173828e+01
1.386676311492919922e+01
1.357691001892089844e+01
1.280312919616699219e+01
1.419773101806640625e+01
1.426323890686035156e+01
1.286379718780517578e+01
1.253086090087890625e+01
1.316203594207763672e+01
1.249482917785644531e+01
1.283556175231933594e+01
1.260864067077636719e+01
1.378339385986328125e+01
1.294034385681152344e+01
1.347410583496093750e+01
1.388128852844238281e+01
1.383177375793457031e+01
1.370097351074218750e+01
1.533335113525390625e+01
1.550031089782714844e+01
1.647429466247558594e+01
1.740699958801269531e+01
1.654237174987792969e+01
1.708648681640625000e+01
1.614119529724121094e+01
1.573286151885986328e+01
1.481178092956542969e+01
1.623154067993164062e+01
1.594531059265136719e+01
1.404578590393066406e+01
1.497213745117187500e+01
1.458088111877441406e+01
1.447365283966064453e+01
1.480999183654785156e+01
1.534861946105957031e+01
1.511578369140625000e+01
1.475324249267578125e+01
1.395842266082763672e+01
1.431302928924560547e+01
1.442648029327392578e+01
1.390783977508544922e+01
1.340365123748779297e+01
1.422814655303955078e+01
1.346156311035156250e+01
1.303280067443847656e+01
1.227018928527832031e+01
1.195275878906250000e+01
1.121958923339843750e+01
1.035345935821533203e+01
9.696382522583007812e+00
8.983968734741210938e+00
8.903250694274902344e+00
9.014953613281250000e+00
8.419922828674316406e+00
8.709017753601074219e+00
8.396717071533203125e+00
7.941499233245849609e+00
6.449048519134521484e+00
5.603740692138671875e+00
5.103933334350585938e+00
5.294211387634277344e+00
5.616803169250488281e+00
6.031888484954833984e+00
5.549387931823730469e+00
4.909640312194824219e+00
5.245730876922607422e+00
5.487477302551269531e+00
6.033049106597900391e+00
5.554572105407714844e+00
5.925561904907226562e+00
4.945705890655517578e+00
6.135472297668457031e+00
7.266849517822265625e+00
7.572041511535644531e+00
8.574812889099121094e+00
8.970132827758789062e+00
9.595258712768554688e+00
9.471206665039062500e+00
1.022397708892822266e+01
9.875140190124511719e+00
1.060301017761230469e+01
1.137614440917968750e+01
1.156062793731689453e+01
1.145302295684814453e+01
1.257616424560546875e+01
1.338714313507080078e+01
1.413295745849609375e+01
1.356626892089843750e+01
1.376781272888183594e+01
1.389178943634033203e+01
1.364868927001953125e+01
1.393457221984863281e+01
1.322716999053955078e+01
1.389063739776611328e+01
1.400717926025390625e+01
1.402782630920410156e+01
1.412417411804199219e+01
1.292287731170654297e+01
1.277906990051269531e+01
1.337881946563720703e+01
1.245321846008300781e+01
1.213048934936523438e+01
1.240206241607666016e+01
1.273609352111816406e+01
1.324436664581298828e+01
1.226274394989013672e+01
1.223782825469970703e+01
1.187320518493652344e+01
1.151652145385742188e+01
1.190803146362304688e+01
1.163382720947265625e+01
1.141820049285888672e+01
1.066619873046875000e+01
1.067062950134277344e+01
1.014032840728759766e+01
1.110408210754394531e+01
1.074851417541503906e+01
1.064179801940917969e+01
1.136438655853271484e+01
1.141712760925292969e+01
1.103451061248779297e+01
1.001768875122070312e+01
1.015429687500000000e+01
9.521810531616210938e+00
1.015654182434082031e+01
9.444744110107421875e+00
9.087987899780273438e+00
8.050292015075683594e+00
8.248429298400878906e+00
7.670083045959472656e+00
7.546544551849365234e+00
8.467570304870605469e+00
8.278743743896484375e+00
8.087162971496582031e+00
7.384486198425292969e+00
6.671236515045166016e+00
6.535223484039306641e+00
6.950846195220947266e+00
6.921216011047363281e+00
6.471079349517822266e+00
6.775074958801269531e+00
7.136351108551025391e+00
7.037756443023681641e+00
6.937796115875244141e+00
6.857213497161865234e+00
7.292420387268066406e+00
7.983706474304199219e+00
8.240476608276367188e+00
7.324288845062255859e+00
7.358237266540527344e+00
8.151673316955566406e+00
9.139406204223632812e+00
8.872843742370605469e+00
9.927563667297363281e+00
1.155138206481933594e+01
1.181769371032714844e+01
1.079392528533935547e+01
1.126441192626953125e+01
1.158733177185058594e+01
1.139517974853515625e+01
1.163579177856445312e+01
1.183338356018066406e+01
1.212380409240722656e+01
1.071397209167480469e+01
1.068488121032714844e+01
8.770239830017089844e+00
9.507373809814453125e+00
9.248018264770507812e+00
9.567221641540527344e+00
9.152521133422851562e+00
7.878857612609863281e+00
8.154899597167968750e+00
8.172990798950195312e+00
8.734962463378906250e+00
7.976796150207519531e+00
8.444803237915039062e+00
7.895695686340332031e+00
9.579417228698730469e+00
1.074924278259277344e+01
1.018966293334960938e+01
1.125868797302246094e+01
1.176198005676269531e+01
1.111324596405029297e+01
1.172290134429931641e+01
1.152709102630615234e+01
1.175079441070556641e+01
1.218558692932128906e+01
1.250306129455566406e+01
1.380434703826904297e+01
1.344938468933105469e+01
1.563510894775390625e+01
1.547169017791748047e+01
1.629613876342773438e+01
1.718371963500976562e+01
1.687843322753906250e+01
1.769883918762207031e+01
1.894319915771484375e+01
1.926054954528808594e+01
1.960848617553710938e+01
1.958995246887207031e+01
2.054089736938476562e+01
2.093693733215332031e+01
2.082565689086914062e+01
2.138009262084960938e+01
2.139670562744140625e+01
2.182419013977050781e+01
2.146176910400390625e+01
2.186938667297363281e+01
2.165205001831054688e+01
2.234950447082519531e+01
2.103151321411132812e+01
2.160279273986816406e+01
1.986942672729492188e+01
1.946140289306640625e+01
1.958117866516113281e+01
1.998732566833496094e+01
1.976719093322753906e+01
1.932000350952148438e+01
1.996076202392578125e+01
1.869568252563476562e+01
1.946501159667968750e+01
1.891171836853027344e+01
1.872256088256835938e+01
1.896852493286132812e+01
1.903945732116699219e+01
1.772311973571777344e+01
1.784028244018554688e+01
1.831361007690429688e+01
1.712419891357421875e+01
1.861064338684082031e+01
1.777413558959960938e+01
1.910892105102539062e+01
1.797535514831542969e+01
1.877067375183105469e+01
1.879426956176757812e+01
1.785578536987304688e+01
1.695357894897460938e+01
1.707283782958984375e+01
1.608482933044433594e+01
1.445769691467285156e+01
1.404032897949218750e+01
1.330839538574218750e+01
1.250604248046875000e+01
1.224730396270751953e+01
1.243761062622070312e+01
1.209057617187500000e+01
1.144144248962402344e+01
1.088880729675292969e+01
1.101989078521728516e+01
1.060836410522460938e+01
9.985381126403808594e+00
9.139305114746093750e+00
9.849402427673339844e+00
9.789183616638183594e+00
9.368985176086425781e+00
8.765844345092773438e+00
8.571816444396972656e+00
7.443174839019775391e+00
6.984593868255615234e+00
6.433901786804199219e+00
5.504292488098144531e+00
5.387534141540527344e+00
4.741902351379394531e+00
5.646571159362792969e+00
5.832624435424804688e+00
6.306413650512695312e+00
7.513802528381347656e+00
8.591856002807617188e+00
8.355572700500488281e+00
8.204880714416503906e+00
7.777396202087402344e+00
6.388146877288818359e+00
5.315119743347167969e+00
4.737132072448730469e+00
5.231187820434570312e+00
5.521955966949462891e+00
4.906250476837158203e+00
5.149851799011230469e+00
4.794945716857910156e+00
5.231957912445068359e+00
5.717171669006347656e+00
5.989920139312744141e+00
6.711592197418212891e+00
5.665398597717285156e+00
5.780079364776611328e+00
5.458388805389404297e+00
5.462358474731445312e+00
5.811334609985351562e+00
7.709162712097167969e+00
7.964355468750000000e+00
8.946603775024414062e+00
9.934835433959960938e+00
1.073204612731933594e+01
1.094278812408447266e+01
1.020006847381591797e+01
1.015884685516357422e+01
1.067830753326416016e+01
1.109110641479492188e+01
1.193327808380126953e+01
1.175700664520263672e+01
1.112696552276611328e+01
1.147215175628662109e+01
1.150424385070800781e+01
1.191366004943847656e+01
1.172233676910400391e+01
1.323331451416015625e+01
1.311616039276123047e+01
1.260082530975341797e+01
1.348111915588378906e+01
1.359102058410644531e+01
1.317049598693847656e+01
1.258323478698730469e+01
1.342655754089355469e+01
1.307238960266113281e+01
1.400614643096923828e+01
1.476683998107910156e+01
1.489034271240234375e+01
1.498365592956542969e+01
1.387068462371826172e+01
1.416344261169433594e+01
1.304675865173339844e+01
1.394408702850341797e+01
1.413548469543457031e+01
1.401217937469482422e+01
1.347396564483642578e+01
1.309148597717285156e+01
1.332456016540527344e+01
1.064617061614990234e+01
1.010149955749511719e+01
9.380937576293945312e+00
1.029020214080810547e+01
9.558134078979492188e+00
8.469103813171386719e+00
8.091453552246093750e+00
8.203799247741699219e+00
8.384373664855957031e+00
7.419644355773925781e+00
8.710037231445312500e+00
8.942494392395019531e+00
8.479007720947265625e+00
7.687741756439208984e+00
7.969570159912109375e+00
8.375265121459960938e+00
7.603621482849121094e+00
8.087450981140136719e+00
8.749436378479003906e+00
9.289576530456542969e+00
9.733082771301269531e+00
9.817882537841796875e+00
9.670449256896972656e+00
9.545209884643554688e+00
1.017987537384033203e+01
9.580600738525390625e+00
9.631879806518554688e+00
9.760870933532714844e+00
9.136957168579101562e+00
8.871675491333007812e+00
1.002991008758544922e+01
9.479925155639648438e+00
9.624119758605957031e+00
8.884227752685546875e+00
9.222017288208007812e+00
9.995375633239746094e+00
9.298173904418945312e+00
9.513128280639648438e+00
1.009984779357910156e+01
1.029110145568847656e+01
1.092431068420410156e+01
1.169250679016113281e+01
1.194863700866699219e+01
1.195866298675537109e+01
1.235353088378906250e+01
1.172305679321289062e+01
1.174475383758544922e+01
1.105942153930664062e+01
1.070805263519287109e+01
1.031600284576416016e+01
1.055669307708740234e+01
1.110306930541992188e+01
1.073444366455078125e+01
9.976937294006347656e+00
1.022632122039794922e+01
1.087442493438720703e+01
1.097270011901855469e+01
1.125604629516601562e+01
1.108643627166748047e+01
1.130572223663330078e+01
1.105241775512695312e+01
1.060399055480957031e+01
1.074835395812988281e+01
9.163213729858398438e+00
8.698991775512695312e+00
8.200663566589355469e+00
7.645539283752441406e+00
8.100534439086914062e+00
7.244740962982177734e+00
7.580169677734375000e+00
7.101469993591308594e+00
7.308704376220703125e+00
7.506260871887207031e+00
7.569222450256347656e+00
7.427025794982910156e+00
6.664175510406494141e+00
6.856999397277832031e+00
7.021002769470214844e+00
7.284915924072265625e+00
7.853721618652343750e+00
9.595086097717285156e+00
9.817787170410156250e+00
8.997510910034179688e+00
9.147643089294433594e+00
9.600222587585449219e+00
9.953257560729980469e+00
9.467615127563476562e+00
1.025125503540039062e+01
9.863990783691406250e+00
9.356871604919433594e+00
9.358908653259277344e+00
9.607583045959472656e+00
9.244028091430664062e+00
8.239731788635253906e+00
7.313569545745849609e+00
7.233151912689208984e+00
7.322875976562500000e+00
7.326697349548339844e+00
8.600735664367675781e+00
7.538262844085693359e+00
7.984948158264160156e+00
7.073398590087890625e+00
6.802311897277832031e+00
7.979609489440917969e+00
7.825273990631103516e+00
9.154704093933105469e+00
8.434732437133789062e+00
1.028634071350097656e+01
9.867177963256835938e+00
9.384883880615234375e+00
9.243984222412109375e+00
8.858892440795898438e+00
8.993994712829589844e+00
8.924023628234863281e+00
8.658493995666503906e+00
8.946753501892089844e+00
9.342615127563476562e+00
9.618742942810058594e+00
1.005878257751464844e+01
1.034367275238037109e+01
1.027462959289550781e+01
1.018718910217285156e+01
1.054174613952636719e+01
1.021825504302978516e+01
1.005912113189697266e+01
9.355825424194335938e+00
9.334038734436035156e+00
9.410249710083007812e+00
8.056768417358398438e+00
7.827009677886962891e+00
7.737390041351318359e+00
7.281305789947509766e+00
7.225934028625488281e+00
8.109972000122070312e+00
7.831209659576416016e+00
9.466076850891113281e+00
1.011186695098876953e+01
9.549345016479492188e+00
9.884864807128906250e+00
9.452985763549804688e+00
9.273813247680664062e+00
7.457727909088134766e+00
6.393315792083740234e+00
7.433037757873535156e+00
6.084038257598876953e+00
6.803462028503417969e+00
5.415874958038330078e+00
5.076850414276123047e+00
5.815512180328369141e+00
5.827516078948974609e+00
5.514354228973388672e+00
5.122675418853759766e+00
4.656216144561767578e+00
5.286243438720703125e+00
5.523089408874511719e+00
5.484414577484130859e+00
6.349823951721191406e+00
6.511853694915771484e+00
6.908423423767089844e+00
7.232481956481933594e+00
7.065042972564697266e+00
8.961956977844238281e+00
8.508423805236816406e+00
9.905611038208007812e+00
1.015635299682617188e+01
1.218961048126220703e+01
1.200241279602050781e+01
1.288316822052001953e+01
1.318452453613281250e+01
1.339619922637939453e+01
1.286953735351562500e+01
1.314885425567626953e+01
1.315198516845703125e+01
1.272799110412597656e+01
1.299491310119628906e+01
1.215017414093017578e+01
1.094813156127929688e+01
1.175654983520507812e+01
1.105774116516113281e+01
1.064632606506347656e+01
1.065909099578857422e+01
1.061330223083496094e+01
9.643130302429199219e+00
1.109957885742187500e+01
1.140744972229003906e+01
1.139966392517089844e+01
1.252204513549804688e+01
1.130351638793945312e+01
1.111599445343017578e+01
1.139682006835937500e+01
1.150042724609375000e+01
1.217674446105957031e+01
1.293728160858154297e+01
1.305424785614013672e+01
1.328717041015625000e+01
1.333443450927734375e+01
1.512699604034423828e+01
1.503791236877441406e+01
1.485790824890136719e+01
1.481060504913330078e+01
1.534148406982421875e+01
1.536938285827636719e+01
1.463825416564941406e+01
1.604741477966308594e+01
1.535686016082763672e+01
1.629007148742675781e+01
1.620496177673339844e+01
1.669325637817382812e+01
1.612904167175292969e+01
1.580645942687988281e+01
1.530096721649169922e+01
1.414616870880126953e+01
1.375266456604003906e+01
1.299160289764404297e+01
1.274159145355224609e+01
1.277458477020263672e+01
1.210761165618896484e+01
1.256629848480224609e+01
1.159632492065429688e+01
1.214221763610839844e+01
1.228364467620849609e+01
1.195590114593505859e+01
1.376276874542236328e+01
1.353407001495361328e+01
1.504004859924316406e+01
1.510172843933105469e+01
1.437398338317871094e+01
1.532095909118652344e+01
1.485987281799316406e+01
1.398012542724609375e+01
1.305857276916503906e+01
1.277109813690185547e+01
1.251984977722167969e+01
1.300611591339111328e+01
1.277019309997558594e+01
1.243862247467041016e+01
1.314106941223144531e+01
1.174218177795410156e+01
1.158338260650634766e+01
1.173561191558837891e+01
1.066318607330322266e+01
1.030831527709960938e+01
1.100699710845947266e+01
1.060022258758544922e+01
1.046205615997314453e+01
9.459920883178710938e+00
8.830849647521972656e+00
8.487125396728515625e+00
8.469906806945800781e+00
7.065719604492187500e+00
7.982301235198974609e+00
7.587467193603515625e+00
7.423875331878662109e+00
8.741924285888671875e+00
8.827349662780761719e+00
9.684684753417968750e+00
1.068056297302246094e+01
1.169053077697753906e+01
1.167310714721679688e+01
1.189307498931884766e+01
1.233881568908691406e+01
1.137446403503417969e+01
1.128860664367675781e+01
1.097987461090087891e+01
1.053424644470214844e+01
1.038622474670410156e+01
9.952486038208007812e+00
9.955590248107910156e+00
9.911520004272460938e+00
8.819419860839843750e+00
8.071149826049804688e+00
7.297207832336425781e+00
7.553238868713378906e+00
8.147197723388671875e+00
8.079561233520507812e+00
8.166059494018554688e+00
8.920584678649902344e+00
8.407607078552246094e+00
8.422566413879394531e+00
9.145524024963378906e+00
9.534577369689941406e+00
1.005965328216552734e+01
1.038731670379638672e+01
1.066162872314453125e+01
1.103444957733154297e+01
1.149730014801025391e+01
1.161343955993652344e+01
1.177927589416503906e+01
1.237225532531738281e+01
1.324972724914550781e+01
1.403270435333251953e+01
1.389752960205078125e+01
1.415358161926269531e+01
1.413971519470214844e+01
1.454438591003417969e+01
1.454802989959716797e+01
1.369590759277343750e+01
1.277409076690673828e+01
1.187166404724121094e+01
9.855707168579101562e+00
9.904746055603027344e+00
1.065828323364257812e+01
1.087461280822753906e+01
1.094496154785156250e+01
1.110788440704345703e+01
1.230951023101806641e+01
1.253282356262207031e+01
1.237775611877441406e+01
1.193554306030273438e+01
1.308473014831542969e+01
1.276440143585205078e+01
1.272937774658203125e+01
1.324943256378173828e+01
1.367957878112792969e+01
1.372440052032470703e+01
1.287347221374511719e+01
1.249106597900390625e+01
1.216311264038085938e+01
1.283535289764404297e+01
1.229501628875732422e+01
1.334101390838623047e+01
1.423498725891113281e+01
1.489136981964111328e+01
1.579658699035644531e+01
1.613096237182617188e+01
1.667127609252929688e+01
1.571990966796875000e+01
1.564008045196533203e+01
1.435239219665527344e+01
1.402425861358642578e+01
1.299681282043457031e+01
1.247745704650878906e+01
1.270413398742675781e+01
1.195989990234375000e+01
1.200899982452392578e+01
1.177750968933105469e+01
1.255009841918945312e+01
1.398463249206542969e+01
1.407496070861816406e+01
1.539286231994628906e+01
1.539133644104003906e+01
1.598552894592285156e+01
1.657162284851074219e+01
1.726595878601074219e+01
1.586818504333496094e+01
1.647315216064453125e+01
1.571737480163574219e+01
1.515135669708251953e+01
1.460038471221923828e+01
1.316539192199707031e+01
1.312529754638671875e+01
1.201956176757812500e+01
1.176628971099853516e+01
1.153063869476318359e+01
1.025876998901367188e+01
8.788702964782714844e+00
8.914613723754882812e+00
7.528466224670410156e+00
7.028143405914306641e+00
6.271439552307128906e+00
7.200688362121582031e+00
6.659154415130615234e+00
6.730478763580322266e+00
6.043864727020263672e+00
6.158520221710205078e+00
6.997355461120605469e+00
6.072184562683105469e+00
6.095458984375000000e+00
6.971430778503417969e+00
6.300006866455078125e+00
6.336360454559326172e+00
7.052281856536865234e+00
5.793126106262207031e+00
4.921489715576171875e+00
5.686621665954589844e+00
5.499429702758789062e+00
5.103114128112792969e+00
5.115091323852539062e+00
5.140833377838134766e+00
5.088803768157958984e+00
5.854007720947265625e+00
6.305754184722900391e+00
5.253024101257324219e+00
5.136733055114746094e+00
4.268044471740722656e+00
5.548159122467041016e+00
5.097334861755371094e+00
5.457362174987792969e+00
6.837042331695556641e+00
6.472367286682128906e+00
7.076683044433593750e+00
7.495221614837646484e+00
8.208420753479003906e+00
8.390239715576171875e+00
8.656507492065429688e+00
9.856053352355957031e+00
1.054187583923339844e+01
1.092782878875732422e+01
1.114095878601074219e+01
1.178493690490722656e+01
1.301418018341064453e+01
1.380956840515136719e+01
1.385570812225341797e+01
1.487692737579345703e+01
1.551465129852294922e+01
1.538022422790527344e+01
1.617247772216796875e+01
1.537062072753906250e+01
1.624072647094726562e+01
1.622687911987304688e+01
1.629197692871093750e+01
1.668216323852539062e+01
1.664249992370605469e+01
1.673115539550781250e+01
1.598990154266357422e+01
1.518104553222656250e+01
1.547076606750488281e+01
1.610997390747070312e+01
1.607689285278320312e+01
1.570604991912841797e+01
1.578536701202392578e+01
1.607865524291992188e+01
1.459347534179687500e+01
1.495161724090576172e+01
1.451915168762207031e+01
1.428972625732421875e+01
1.414656639099121094e+01
1.460440826416015625e+01
1.410455036163330078e+01
1.365452384948730469e+01
1.416216850280761719e+01
1.350169086456298828e+01
1.409546947479248047e+01
1.494690895080566406e+01
1.505311584472656250e+01
1.530711936950683594e+01
1.590118598937988281e+01
1.661182212829589844e+01
1.634453201293945312e+01
1.628712081909179688e+01
1.572153949737548828e+01
1.514278888702392578e+01
1.478198051452636719e+01
1.483506584167480469e+01
1.404944133758544922e+01
1.355190849304199219e+01
1.312806224822998047e+01
1.202555751800537109e+01
1.114739799499511719e+01
1.141170215606689453e+01
1.093700981140136719e+01
1.132648849487304688e+01
1.273682498931884766e+01
1.143636894226074219e+01
1.139837074279785156e+01
1.082000160217285156e+01
1.093975162506103516e+01
1.072351455688476562e+01
1.111716175079345703e+01
1.066668796539306641e+01
1.190769577026367188e+01
1.218307971954345703e+01
1.183679580688476562e+01
1.162429904937744141e+01
1.227433586120605469e+01
1.290306854248046875e+01
1.302243995666503906e+01
1.248412036895751953e+01
1.257023906707763672e+01
1.282261848449707031e+01
1.296359539031982422e+01
1.306788444519042969e+01
1.233096790313720703e+01
1.286018943786621094e+01
1.205487251281738281e+01
1.240292167663574219e+01
1.271078586578369141e+01
1.095871067047119141e+01
1.027622413635253906e+01
9.985007286071777344e+00
9.805295944213867188e+00
9.494435310363769531e+00
9.474866867065429688e+00
1.075206756591796875e+01
1.094349098205566406e+01
9.811761856079101562e+00
1.012486457824707031e+01
1.150402164459228516e+01
1.074192905426025391e+01
1.120069408416748047e+01
1.029897403717041016e+01
9.790310859680175781e+00
9.530540466308593750e+00
1.029707717895507812e+01
9.939332962036132812e+00
9.820184707641601562e+00
1.064890003204345703e+01
1.030702114105224609e+01
9.966960906982421875e+00
9.709034919738769531e+00
8.992602348327636719e+00
8.702842712402343750e+00
8.039693832397460938e+00
8.055393218994140625e+00
6.715029239654541016e+00
7.318074703216552734e+00
7.739176273345947266e+00
8.208345413208007812e+00
7.682188987731933594e+00
7.989341735839843750e+00
7.439305782318115234e+00
7.270020961761474609e+00
7.762015342712402344e+00
6.989104270935058594e+00
7.505345821380615234e+00
7.068737030029296875e+00
7.863858222961425781e+00
6.583626747131347656e+00
7.257881164550781250e+00
6.416023254394531250e+00
6.302418708801269531e+00
6.042851448059082031e+00
4.847358703613281250e+00
5.787772655487060547e+00
6.928823947906494141e+00
8.000097274780273438e+00
8.430081367492675781e+00
8.588635444641113281e+00
8.388982772827148438e+00
8.752833366394042969e+00
9.001274108886718750e+00
8.629126548767089844e+00
8.766237258911132812e+00
9.006179809570312500e+00
8.560270309448242188e+00
8.727880477905273438e+00
9.221099853515625000e+00
8.805037498474121094e+00
9.632330894470214844e+00
8.365861892700195312e+00
8.795751571655273438e+00
8.514237403869628906e+00
9.299274444580078125e+00
8.960767745971679688e+00
8.080122947692871094e+00
8.508248329162597656e+00
8.376508712768554688e+00
8.527786254882812500e+00
9.617945671081542969e+00
1.003489017486572266e+01
1.036733245849609375e+01
1.110509395599365234e+01
1.205588626861572266e+01
1.148893451690673828e+01
1.202352237701416016e+01
1.365348625183105469e+01
1.379155540466308594e+01
1.387772655487060547e+01
1.329574298858642578e+01
1.281337738037109375e+01
1.257292747497558594e+01
1.171851825714111328e+01
1.182726001739501953e+01
1.163908386230468750e+01
1.282362174987792969e+01
1.247345638275146484e+01
1.259801959991455078e+01
1.285940551757812500e+01
1.358444786071777344e+01
1.334650707244873047e+01
1.322402191162109375e+01
1.219592571258544922e+01
1.201518154144287109e+01
1.101166248321533203e+01
1.121123886108398438e+01
1.007555484771728516e+01
1.031396865844726562e+01
1.019984436035156250e+01
9.930858612060546875e+00
9.282605171203613281e+00
9.701987266540527344e+00
1.063144111633300781e+01
1.045644569396972656e+01
1.019109058380126953e+01
1.146772480010986328e+01
1.184485340118408203e+01
1.239408683776855469e+01
1.252881908416748047e+01
1.218833351135253906e+01
1.207508182525634766e+01
1.201119136810302734e+01
1.183888339996337891e+01
1.110951042175292969e+01
1.181794452667236328e+01
1.077425670623779297e+01
1.063326263427734375e+01
1.023402976989746094e+01
1.008070945739746094e+01
9.759546279907226562e+00
9.458918571472167969e+00
9.030088424682617188e+00
9.067429542541503906e+00
1.000827598571777344e+01
9.022581100463867188e+00
8.674589157104492188e+00
8.841207504272460938e+00
9.247961044311523438e+00
9.450006484985351562e+00
8.635712623596191406e+00
1.015492439270019531e+01
1.016092109680175781e+01
1.207034873962402344e+01
1.131075477600097656e+01
1.114296817779541016e+01
1.138307380676269531e+01
1.221954631805419922e+01
1.179543590545654297e+01
1.105147171020507812e+01
1.164694404602050781e+01
1.238528537750244141e+01
1.135521507263183594e+01
1.184471321105957031e+01
1.264279365539550781e+01
1.278675365447998047e+01
1.298355579376220703e+01
1.207323837280273438e+01
1.167163467407226562e+01
1.066883373260498047e+01
1.302872943878173828e+01
1.335404777526855469e+01
1.408037281036376953e+01
1.381309318542480469e+01
1.421258068084716797e+01
1.536595726013183594e+01
1.488486289978027344e+01
1.667899513244628906e+01
1.562069416046142578e+01
1.583825683593750000e+01
1.584597969055175781e+01
1.664671897888183594e+01
1.617905044555664062e+01
1.660662651062011719e+01
1.728415298461914062e+01
1.733023071289062500e+01
1.657168388366699219e+01
1.722914314270019531e+01
1.760670471191406250e+01
1.693139266967773438e+01
1.687432861328125000e+01
1.802722358703613281e+01
1.859829902648925781e+01
1.925877952575683594e+01
1.857162094116210938e+01
1.873752212524414062e+01
1.887830543518066406e+01
1.846237564086914062e+01
1.649726486206054688e+01
1.699013519287109375e+01
1.721878051757812500e+01
1.782184219360351562e+01
1.578827953338623047e+01
1.375694751739501953e+01
1.322056007385253906e+01
1.314478302001953125e+01
1.216046810150146484e+01
1.260705375671386719e+01
1.118667602539062500e+01
1.052601337432861328e+01
9.806515693664550781e+00
9.077516555786132812e+00
8.563757896423339844e+00
8.969319343566894531e+00
8.827911376953125000e+00
8.466119766235351562e+00
8.051908493041992188e+00
8.553104400634765625e+00
8.774884223937988281e+00
7.599136352539062500e+00
9.046127319335937500e+00
8.601236343383789062e+00
8.703475952148437500e+00
9.326309204101562500e+00
9.318988800048828125e+00
9.896348953247070312e+00
9.564582824707031250e+00
1.064158725738525391e+01
1.102063560485839844e+01
9.857974052429199219e+00
9.808771133422851562e+00
1.023212528228759766e+01
1.020960903167724609e+01
9.821249008178710938e+00
1.016041660308837891e+01
9.368668556213378906e+00
1.068902111053466797e+01
1.050523090362548828e+01
1.023337745666503906e+01
1.078717136383056641e+01
1.022938060760498047e+01
8.617525100708007812e+00
8.856792449951171875e+00
8.825793266296386719e+00
8.538970947265625000e+00
8.302155494689941406e+00
8.116546630859375000e+00
7.236304283142089844e+00
6.932551383972167969e+00
8.006976127624511719e+00
7.780713081359863281e+00
7.971205711364746094e+00
8.273706436157226562e+00
8.213305473327636719e+00
8.349969863891601562e+00
7.262293338775634766e+00
7.365348815917968750e+00
6.558335781097412109e+00
5.697577953338623047e+00
5.740751266479492188e+00
4.854279994964599609e+00
4.313019752502441406e+00
4.021242141723632812e+00
4.655928611755371094e+00
4.632521152496337891e+00
5.213032722473144531e+00
5.214920997619628906e+00
4.850996494293212891e+00
5.707370758056640625e+00
5.401442527770996094e+00
5.287496089935302734e+00
5.587895393371582031e+00
4.449261188507080078e+00
4.663235664367675781e+00
3.456310272216796875e+00
3.993396282196044922e+00
4.243465900421142578e+00
4.151314258575439453e+00
4.129898071289062500e+00
4.936372756958007812e+00
4.848334789276123047e+00
6.914217472076416016e+00
7.064618587493896484e+00
8.060031890869140625e+00
8.230688095092773438e+00
7.264148712158203125e+00
7.027015686035156250e+00
6.093750953674316406e+00
6.553638458251953125e+00
6.612897396087646484e+00
7.278000831604003906e+00
6.395701408386230469e+00
6.864091396331787109e+00
6.376094341278076172e+00
7.447930335998535156e+00
7.843836307525634766e+00
8.694709777832031250e+00
8.919269561767578125e+00
9.545926094055175781e+00
1.021566867828369141e+01
1.167985057830810547e+01
1.221425151824951172e+01
1.259884262084960938e+01
1.273793983459472656e+01
1.243922710418701172e+01
1.367765331268310547e+01
1.334176635742187500e+01
1.224240779876708984e+01
1.150817680358886719e+01
9.915425300598144531e+00
1.038493537902832031e+01
1.083544635772705078e+01
1.065172863006591797e+01
1.056126594543457031e+01
1.085063266754150391e+01
1.034941291809082031e+01
1.054917716979980469e+01
9.853318214416503906e+00
9.687294006347656250e+00
9.067557334899902344e+00
9.612607955932617188e+00
9.188381195068359375e+00
8.421979904174804688e+00
8.275938034057617188e+00
7.882824897766113281e+00
7.858042716979980469e+00
8.000327110290527344e+00
7.167237758636474609e+00
8.131700515747070312e+00
8.448192596435546875e+00
6.807813167572021484e+00
6.721039772033691406e+00
7.246915340423583984e+00
6.814068794250488281e+00
6.212434768676757812e+00
8.239336013793945312e+00
7.746285915374755859e+00
7.204293727874755859e+00
7.889760494232177734e+00
7.239501953125000000e+00
5.419774055480957031e+00
5.434743404388427734e+00
5.517200946807861328e+00
5.712823867797851562e+00
5.985443592071533203e+00
7.426222324371337891e+00
8.030140876770019531e+00
8.190149307250976562e+00
8.804142951965332031e+00
8.245260238647460938e+00
8.541324615478515625e+00
7.722479343414306641e+00
8.548509597778320312e+00
7.320756435394287109e+00
6.475401401519775391e+00
6.726454257965087891e+00
5.147236347198486328e+00
4.690552711486816406e+00
4.818629741668701172e+00
4.910373210906982422e+00
4.489365100860595703e+00
6.056670665740966797e+00
4.660134792327880859e+00
5.721846580505371094e+00
5.556092262268066406e+00
5.609501361846923828e+00
5.703523635864257812e+00
5.669422149658203125e+00
5.540095806121826172e+00
4.706611633300781250e+00
5.486956596374511719e+00
5.941336154937744141e+00
5.575192451477050781e+00
6.339240074157714844e+00
7.066976070404052734e+00
7.303474426269531250e+00
8.397824287414550781e+00
8.415088653564453125e+00
8.480722427368164062e+00
8.152748107910156250e+00
8.197845458984375000e+00
8.718809127807617188e+00
9.280117034912109375e+00
9.530314445495605469e+00
9.158195495605468750e+00
8.679807662963867188e+00
9.730358123779296875e+00
1.017346858978271484e+01
1.073938655853271484e+01
1.041191196441650391e+01
1.085701560974121094e+01
1.150212669372558594e+01
1.114730834960937500e+01
1.093359947204589844e+01
1.089230728149414062e+01
1.139015102386474609e+01
1.073963451385498047e+01
9.890922546386718750e+00
9.020971298217773438e+00
9.150822639465332031e+00
9.264549255371093750e+00
9.116833686828613281e+00
9.278131484985351562e+00
8.770477294921875000e+00
9.280928611755371094e+00
9.753848075866699219e+00
1.012011528015136719e+01
1.099368667602539062e+01
1.109444522857666016e+01
1.055567359924316406e+01
1.154774093627929688e+01
1.246470451354980469e+01
1.310896873474121094e+01
1.340088462829589844e+01
1.339937019348144531e+01
1.380736541748046875e+01
1.229563140869140625e+01
1.365070629119873047e+01
1.385010242462158203e+01
1.423741626739501953e+01
1.524944305419921875e+01
1.561332702636718750e+01
1.470877265930175781e+01
1.557987689971923828e+01
1.574420166015625000e+01
1.610810661315917969e+01
1.718063926696777344e+01
1.587955188751220703e+01
1.578112983703613281e+01
1.615880966186523438e+01
1.667272758483886719e+01
1.643513870239257812e+01
1.584283256530761719e+01
1.645989799499511719e+01
1.573249816894531250e+01
1.600486755371093750e+01
1.675321769714355469e+01
1.716644668579101562e+01
1.763347053527832031e+01
1.796240425109863281e+01
1.787879943847656250e+01
1.842155647277832031e+01
1.846539497375488281e+01
1.729962730407714844e+01
1.720612335205078125e+01
1.734929275512695312e+01
1.735537147521972656e+01
1.790864562988281250e+01
1.830554580688476562e+01
1.764558029174804688e+01
1.711487197875976562e+01
1.706579780578613281e+01
1.812353324890136719e+01
1.862939834594726562e+01
1.712888717651367188e+01
1.720642280578613281e+01
1.739957809448242188e+01
1.661626243591308594e+01
1.624348640441894531e+01
1.577680778503417969e+01
1.516553211212158203e+01
1.393888378143310547e+01
1.234050178527832031e+01
1.104165077209472656e+01
9.705404281616210938e+00
1.002169990539550781e+01
9.465461730957031250e+00
9.474473953247070312e+00
9.540248870849609375e+00
9.826292991638183594e+00
9.620099067687988281e+00
9.199443817138671875e+00
8.552186965942382812e+00
9.446929931640625000e+00
9.279873847961425781e+00
9.630596160888671875e+00
8.937034606933593750e+00
8.598112106323242188e+00
9.354782104492187500e+00
1.022938728332519531e+01
1.190366744995117188e+01
1.287767982482910156e+01
1.294747447967529297e+01
1.375472545623779297e+01
1.335012626647949219e+01
1.368831920623779297e+01
1.362851524353027344e+01
1.358197021484375000e+01
1.297519207000732422e+01
1.308032226562500000e+01
1.292920112609863281e+01
1.273587608337402344e+01
1.354587268829345703e+01
1.359277820587158203e+01
1.392917346954345703e+01
1.386396312713623047e+01
1.412357521057128906e+01
1.422158336639404297e+01
1.425783824920654297e+01
1.568482971191406250e+01
1.615501022338867188e+01
1.561630439758300781e+01
1.653664970397949219e+01
1.629300308227539062e+01
1.690307617187500000e+01
1.735600280761718750e+01
1.760918045043945312e+01
1.817864608764648438e+01
1.884804153442382812e+01
1.955417442321777344e+01
1.953759193420410156e+01
1.765856170654296875e+01
1.830926895141601562e+01
1.887178611755371094e+01
1.775578117370605469e+01
1.752752304077148438e+01
1.580940437316894531e+01
1.564724445343017578e+01
1.588068675994873047e+01
1.654031944274902344e+01
1.611955451965332031e+01
1.593720722198486328e+01
1.645351028442382812e+01
1.694125175476074219e+01
1.565506553649902344e+01
1.649087905883789062e+01
1.711334228515625000e+01
1.716459274291992188e+01
1.653490829467773438e+01
1.636510086059570312e+01
1.632069015502929688e+01
1.566141223907470703e+01
1.525662517547607422e+01
1.493099784851074219e+01
1.564149761199951172e+01
1.533351898193359375e+01
1.435341835021972656e+01
1.480147838592529297e+01
1.495188713073730469e+01
1.471104431152343750e+01
1.546947765350341797e+01
1.588656044006347656e+01
1.694092941284179688e+01
1.752552413940429688e+01
1.809786415100097656e+01
1.889314842224121094e+01
1.894925689697265625e+01
1.950033187866210938e+01
1.967217636108398438e+01
2.017823410034179688e+01
1.975243759155273438e+01
1.904508399963378906e+01
1.876280975341796875e+01
1.823608589172363281e+01
1.762182426452636719e+01
1.733545684814453125e+01
1.700265121459960938e+01
1.685800170898437500e+01
1.664801025390625000e+01
1.635756874084472656e+01
1.677824783325195312e+01
1.718125534057617188e+01
1.678221511840820312e+01
1.690231704711914062e+01
1.702080345153808594e+01
1.732213020324707031e+01
1.703916168212890625e+01
1.769800567626953125e+01
1.779985237121582031e+01
1.756603431701660156e+01
1.671010971069335938e+01
1.814294052124023438e+01
1.790527153015136719e+01
1.785520553588867188e+01
1.736687850952148438e+01
1.724783706665039062e+01
1.721570014953613281e+01
1.757472610473632812e+01
1.799595451354980469e+01
1.770427703857421875e+01
1.727208137512207031e+01
1.715194129943847656e+01
1.655387496948242188e+01
1.642791175842285156e+01
1.658702087402343750e+01
1.624921989440917969e+01
1.663085365295410156e+01
1.639486885070800781e+01
1.626622962951660156e+01
1.558185386657714844e+01
1.574573326110839844e+01
1.480205059051513672e+01
1.523374748229980469e+01
1.505688953399658203e+01
1.508418464660644531e+01
1.537463665008544922e+01
1.503335857391357422e+01
1.465013694763183594e+01
1.668631935119628906e+01
1.736581611633300781e+01
1.861029815673828125e+01
1.872649383544921875e+01
1.873515319824218750e+01
1.830053329467773438e+01
1.671779060363769531e+01
1.725371360778808594e+01
1.773306465148925781e+01
1.735769653320312500e+01
1.745848274230957031e+01
1.814017105102539062e+01
1.752903938293457031e+01
1.691915130615234375e+01
1.692785644531250000e+01
1.721445846557617188e+01
1.709629821777343750e+01
1.662495613098144531e+01
1.700320053100585938e+01
1.634230422973632812e+01
1.559357166290283203e+01
1.605354499816894531e+01
1.537469005584716797e+01
1.618320846557617188e+01
1.581620025634765625e+01
1.507810688018798828e+01
1.505917167663574219e+01
1.427204608917236328e+01
1.369324779510498047e+01
1.430647754669189453e+01
1.351676368713378906e+01
1.365726661682128906e+01
1.394091606140136719e+01
1.275640869140625000e+01
1.335334300994873047e+01
1.335954284667968750e+01
1.258318328857421875e+01
1.304808044433593750e+01
1.308419227600097656e+01
1.293926429748535156e+01
1.284817504882812500e+01
1.326881217956542969e+01
1.309324932098388672e+01
1.274934387207031250e+01
1.302719402313232422e+01
1.264086914062500000e+01
1.185526084899902344e+01
1.182791519165039062e+01
1.185965919494628906e+01
1.210526943206787109e+01
1.135078144073486328e+01
1.075526714324951172e+01
9.856085777282714844e+00
9.700037002563476562e+00
8.473089218139648438e+00
8.807213783264160156e+00
8.080981254577636719e+00
7.375010013580322266e+00
7.703886508941650391e+00
7.317719936370849609e+00
6.907235145568847656e+00
6.734395503997802734e+00
7.067194461822509766e+00
6.996050357818603516e+00
7.236479759216308594e+00
7.317034244537353516e+00
7.975492954254150391e+00
8.477682113647460938e+00
8.684434890747070312e+00
8.702711105346679688e+00
8.890853881835937500e+00
1.012240505218505859e+01
1.043307590484619141e+01
1.112855815887451172e+01
1.208690834045410156e+01
1.217085361480712891e+01
1.169373035430908203e+01
1.158187770843505859e+01
1.164987850189208984e+01
1.158168792724609375e+01
1.067156600952148438e+01
1.053331947326660156e+01
9.214778900146484375e+00
8.586812973022460938e+00
8.287393569946289062e+00
7.388539791107177734e+00
8.890110015869140625e+00
8.755027770996093750e+00
9.671987533569335938e+00
1.022023868560791016e+01
1.076997852325439453e+01
1.068206405639648438e+01
1.184902763366699219e+01
1.154805088043212891e+01
1.128453159332275391e+01
1.134698772430419922e+01
1.074365806579589844e+01
1.178516578674316406e+01
1.150148200988769531e+01
1.187831211090087891e+01
1.216092491149902344e+01
1.254334259033203125e+01
1.177728843688964844e+01
1.216263389587402344e+01
1.182375431060791016e+01
1.147287654876708984e+01
1.210736751556396484e+01
1.250741386413574219e+01
1.262372875213623047e+01
1.253073978424072266e+01
1.212700843811035156e+01
1.356763267517089844e+01
1.353797912597656250e+01
1.361127471923828125e+01
1.487525463104248047e+01
1.512821769714355469e+01
1.488584136962890625e+01
1.440919017791748047e+01
1.439127922058105469e+01
1.588814830780029297e+01
1.651846694946289062e+01
1.757200241088867188e+01
1.779146766662597656e+01
1.646723556518554688e+01
1.675837135314941406e+01
1.620897483825683594e+01
1.492425727844238281e+01
1.563438224792480469e+01
1.521021461486816406e+01
1.523154258728027344e+01
1.498048591613769531e+01
1.454488563537597656e+01
1.444411659240722656e+01
1.450743675231933594e+01
1.476916980743408203e+01
1.439381217956542969e+01
1.405924510955810547e+01
1.413362121582031250e+01
1.437894439697265625e+01
1.373138618469238281e+01
1.386443519592285156e+01
1.257537937164306641e+01
1.180050563812255859e+01
1.078264331817626953e+01
1.014603710174560547e+01
9.986295700073242188e+00
1.002991771697998047e+01
9.310968399047851562e+00
9.468717575073242188e+00
8.841905593872070312e+00
8.309476852416992188e+00
8.397886276245117188e+00
7.916066646575927734e+00
6.721949577331542969e+00
6.247306823730468750e+00
6.331276893615722656e+00
5.137499332427978516e+00
5.231048107147216797e+00
4.944423675537109375e+00
4.777090549468994141e+00
5.173869132995605469e+00
5.694516181945800781e+00
5.224024772644042969e+00
5.909369468688964844e+00
4.590563774108886719e+00
4.226931571960449219e+00
4.001967906951904297e+00
4.251681327819824219e+00
3.773942947387695312e+00
5.094634532928466797e+00
4.862198352813720703e+00
5.728049278259277344e+00
5.170005321502685547e+00
5.629082679748535156e+00
6.931748867034912109e+00
6.887508392333984375e+00
6.387055397033691406e+00
7.152670383453369141e+00
6.942496299743652344e+00
8.638264656066894531e+00
8.697348594665527344e+00
9.375312805175781250e+00
9.246812820434570312e+00
9.797909736633300781e+00
1.046790027618408203e+01
9.644383430480957031e+00
1.056592369079589844e+01
1.004939937591552734e+01
9.631139755249023438e+00
9.857466697692871094e+00
1.005114459991455078e+01
1.001918983459472656e+01
9.750718116760253906e+00
8.878106117248535156e+00
9.270306587219238281e+00
9.126502990722656250e+00
9.667516708374023438e+00
9.847645759582519531e+00
9.479816436767578125e+00
1.112258625030517578e+01
1.144719505310058594e+01
1.155109977722167969e+01
1.302792358398437500e+01
1.200367164611816406e+01
1.175720787048339844e+01
1.066895866394042969e+01
1.107377910614013672e+01
1.076873397827148438e+01
1.057057476043701172e+01
1.071588993072509766e+01
9.890667915344238281e+00
9.996843338012695312e+00
1.075697517395019531e+01
1.100903129577636719e+01
1.078973579406738281e+01
1.153435707092285156e+01
1.117089557647705078e+01
1.134131717681884766e+01
1.081088924407958984e+01
1.054682731628417969e+01
9.360327720642089844e+00
8.696596145629882812e+00
9.334712982177734375e+00
9.380827903747558594e+00
9.412810325622558594e+00
9.720341682434082031e+00
8.921058654785156250e+00
9.435716629028320312e+00
8.984799385070800781e+00
8.364667892456054688e+00
8.907999038696289062e+00
9.026007652282714844e+00
9.316479682922363281e+00
9.615873336791992188e+00
9.962320327758789062e+00
1.097975826263427734e+01
1.073143482208251953e+01
1.091897487640380859e+01
1.020235919952392578e+01
9.637033462524414062e+00
9.606618881225585938e+00
9.329030036926269531e+00
8.124765396118164062e+00
8.392578125000000000e+00
7.487700462341308594e+00
9.043378829956054688e+00
8.294478416442871094e+00
8.628239631652832031e+00
9.220320701599121094e+00
9.369816780090332031e+00
9.798858642578125000e+00
9.997852325439453125e+00
1.012165927886962891e+01
1.048335075378417969e+01
1.018364620208740234e+01
1.130266284942626953e+01
1.022622585296630859e+01
1.004002189636230469e+01
8.912878990173339844e+00
8.658954620361328125e+00
9.025770187377929688e+00
9.793775558471679688e+00
1.039236450195312500e+01
1.002639961242675781e+01
9.377302169799804688e+00
8.976246833801269531e+00
9.261596679687500000e+00
9.061100959777832031e+00
9.534456253051757812e+00
9.735916137695312500e+00
1.047676181793212891e+01
1.071890544891357422e+01
1.133937263488769531e+01
1.129784297943115234e+01
1.074590110778808594e+01
1.084344959259033203e+01
1.133955669403076172e+01
1.145229530334472656e+01
1.235603427886962891e+01
1.223906040191650391e+01
1.221545410156250000e+01
1.210857963562011719e+01
1.157276153564453125e+01
1.228721141815185547e+01
1.321876525878906250e+01
1.347589397430419922e+01
1.327954864501953125e+01
1.370344352722167969e+01
1.336166191101074219e+01
1.392794036865234375e+01
1.228448486328125000e+01
1.298716163635253906e+01
1.301129150390625000e+01
1.377879524230957031e+01
1.253678798675537109e+01
1.272655391693115234e+01
1.194999122619628906e+01
1.149464702606201172e+01
1.185873126983642578e+01
1.273803710937500000e+01
1.154514503479003906e+01
1.228323268890380859e+01
1.176900863647460938e+01
1.266325473785400391e+01
1.229721927642822266e+01
1.295977306365966797e+01
1.361453437805175781e+01
1.466892433166503906e+01
1.437099742889404297e+01
1.469346904754638672e+01
1.483367633819580078e+01
1.529728412628173828e+01
1.562017345428466797e+01
1.618446731567382812e+01
1.592279338836669922e+01
1.657994270324707031e+01
1.586122894287109375e+01
1.598960685729980469e+01
1.536720561981201172e+01
1.639669799804687500e+01
1.611343193054199219e+01
1.516952991485595703e+01
1.423785686492919922e+01
1.344892120361328125e+01
1.386428833007812500e+01
1.263148307800292969e+01
1.132175445556640625e+01
1.121870231628417969e+01
1.083916282653808594e+01
1.077736949920654297e+01
1.033077430725097656e+01
1.098910522460937500e+01
1.177194309234619141e+01
1.208300781250000000e+01
1.325338935852050781e+01
1.350660514831542969e+01
1.290226459503173828e+01
1.319308948516845703e+01
1.341795349121093750e+01
1.310846233367919922e+01
1.160599708557128906e+01
1.159953498840332031e+01
1.013338756561279297e+01
1.095806407928466797e+01
1.121865749359130859e+01
1.046858215332031250e+01
1.057165527343750000e+01
1.073232460021972656e+01
1.032085704803466797e+01
9.819746017456054688e+00
1.086755657196044922e+01
1.204569435119628906e+01
1.134456539154052734e+01
1.301448059082031250e+01
1.155960083007812500e+01
1.147376155853271484e+01
1.203364562988281250e+01
1.110727405548095703e+01
1.071012306213378906e+01
9.911077499389648438e+00
1.008459854125976562e+01
1.060282421112060547e+01
1.000230693817138672e+01
1.037540054321289062e+01
1.036937999725341797e+01
1.145949077606201172e+01
1.115649986267089844e+01
1.075243568420410156e+01
1.119166374206542969e+01
1.236418151855468750e+01
1.369015026092529297e+01
1.391457843780517578e+01
1.500791454315185547e+01
1.563754558563232422e+01
1.466339683532714844e+01
1.459962749481201172e+01
1.377315807342529297e+01
1.229856491088867188e+01
1.252146625518798828e+01
1.233255100250244141e+01
1.314232444763183594e+01
1.368758964538574219e+01
1.286152935028076172e+01
1.326671886444091797e+01
1.272854995727539062e+01
1.197283458709716797e+01
1.299032402038574219e+01
1.358104419708251953e+01
1.319514274597167969e+01
1.316665172576904297e+01
1.191917991638183594e+01
1.188050842285156250e+01
1.206649017333984375e+01
1.240587234497070312e+01
1.258192348480224609e+01
1.181414985656738281e+01
1.179295158386230469e+01
1.237910652160644531e+01
1.288759613037109375e+01
1.071984291076660156e+01
1.099547958374023438e+01
1.067465400695800781e+01
1.040011024475097656e+01
1.093203067779541016e+01
1.067345237731933594e+01
1.072800254821777344e+01
1.040821647644042969e+01
1.029538917541503906e+01
1.034807014465332031e+01
9.760528564453125000e+00
1.003008556365966797e+01
1.042367744445800781e+01
1.092034912109375000e+01
1.232265472412109375e+01
1.313823509216308594e+01
1.314152050018310547e+01
1.376713562011718750e+01
1.296440696716308594e+01
1.333546733856201172e+01
1.398971366882324219e+01
1.323040580749511719e+01
1.399969673156738281e+01
1.401182079315185547e+01
1.345768451690673828e+01
1.405003833770751953e+01
1.309260749816894531e+01
1.242305183410644531e+01
1.183324337005615234e+01
1.163297939300537109e+01
1.051285648345947266e+01
9.567129135131835938e+00
9.562930107116699219e+00
8.804857254028320312e+00
8.750905990600585938e+00
8.141168594360351562e+00
7.377236843109130859e+00
7.015876770019531250e+00
6.790775299072265625e+00
7.107995510101318359e+00
7.051609992980957031e+00
6.970271110534667969e+00
6.482655525207519531e+00
7.605727195739746094e+00
7.121401309967041016e+00
6.668668270111083984e+00
6.945169925689697266e+00
6.354373931884765625e+00
6.735543251037597656e+00
6.772615909576416016e+00
8.851888656616210938e+00
7.883747100830078125e+00
8.174160003662109375e+00
9.007658004760742188e+00
9.084492683410644531e+00
8.129343032836914062e+00
7.253125190734863281e+00
6.555143833160400391e+00
6.330426216125488281e+00
6.013558387756347656e+00
6.823184013366699219e+00
6.230189323425292969e+00
7.377414703369140625e+00
7.105204105377197266e+00
6.625602722167968750e+00
5.935299873352050781e+00
5.475967407226562500e+00
5.943910598754882812e+00
5.893098831176757812e+00
4.767844676971435547e+00
3.905239820480346680e+00
3.238701581954956055e+00
3.514427661895751953e+00
3.731733798980712891e+00
3.515759706497192383e+00
4.380514144897460938e+00
4.936766624450683594e+00
4.841890335083007812e+00
5.109312057495117188e+00
3.613518238067626953e+00
3.759004116058349609e+00
2.271309375762939453e+00
2.852028369903564453e+00
2.665229797363281250e+00
3.335472822189331055e+00
2.291563987731933594e+00
2.457033872604370117e+00
2.919587135314941406e+00
2.860834836959838867e+00
3.182827472686767578e+00
2.462542295455932617e+00
3.161564826965332031e+00
2.582220077514648438e+00
2.989701509475708008e+00
3.236394882202148438e+00
4.594188213348388672e+00
4.824267387390136719e+00
6.847132682800292969e+00
7.572812557220458984e+00
8.318253517150878906e+00
8.836662292480468750e+00
1.037895774841308594e+01
1.024906158447265625e+01
1.084894180297851562e+01
1.158670234680175781e+01
1.171226310729980469e+01
1.154678058624267578e+01
1.114954566955566406e+01
9.842758178710937500e+00
9.902345657348632812e+00
1.102730560302734375e+01
1.129941463470458984e+01
1.093688774108886719e+01
1.117314624786376953e+01
1.228883647918701172e+01
1.275496196746826172e+01
1.338122844696044922e+01
1.318415546417236328e+01
1.382256031036376953e+01
1.330869579315185547e+01
1.310984611511230469e+01
1.293363952636718750e+01
1.277010917663574219e+01
1.213092231750488281e+01
1.272674369812011719e+01
1.284004211425781250e+01
1.332604217529296875e+01
1.460897064208984375e+01
1.458737754821777344e+01
1.448170661926269531e+01
1.390664196014404297e+01
1.424541187286376953e+01
1.464789104461669922e+01
1.468649291992187500e+01
1.518356132507324219e+01
1.539367103576660156e+01
1.598660850524902344e+01
1.501884937286376953e+01
1.450465106964111328e+01
1.533720684051513672e+01
1.597861766815185547e+01
1.614303970336914062e+01
1.637744522094726562e+01
1.722334671020507812e+01
1.733436584472656250e+01
1.826628875732421875e+01
1.848942947387695312e+01
1.808031463623046875e+01
1.808860969543457031e+01
1.778142166137695312e+01
1.778857803344726562e+01
1.783173751831054688e+01
1.796488571166992188e+01
1.765192794799804688e+01
1.743135643005371094e+01
1.637973976135253906e+01
1.482886505126953125e+01
1.514842987060546875e+01
1.462871742248535156e+01
1.325059795379638672e+01
1.295440196990966797e+01
1.273172283172607422e+01
1.309505462646484375e+01
1.359113788604736328e+01
1.412865638732910156e+01
1.544493675231933594e+01
1.513407135009765625e+01
1.625200080871582031e+01
1.534398937225341797e+01
1.673056983947753906e+01
1.703971862792968750e+01
1.815780067443847656e+01
1.782308578491210938e+01
1.844851303100585938e+01
1.842108345031738281e+01
1.827446556091308594e+01
1.733384323120117188e+01
1.752777099609375000e+01
1.822749710083007812e+01
1.718636894226074219e+01
1.772741889953613281e+01
1.681171035766601562e+01
1.712586021423339844e+01
1.767144203186035156e+01
1.736679458618164062e+01
1.706556701660156250e+01
1.772927284240722656e+01
1.761391258239746094e+01
1.904248428344726562e+01
1.832990646362304688e+01
1.827661705017089844e+01
1.798834037780761719e+01
1.769005966186523438e+01
1.767458152770996094e+01
1.728504562377929688e+01
1.686179542541503906e+01
1.622867202758789062e+01
1.650026512145996094e+01
1.553055286407470703e+01
1.554104614257812500e+01
1.617899513244628906e+01
1.670353317260742188e+01
1.724715423583984375e+01
1.613888931274414062e+01
1.696952438354492188e+01
1.698393249511718750e+01
1.715793609619140625e+01
1.743050575256347656e+01
1.690190887451171875e+01
1.645967292785644531e+01
1.627547073364257812e+01
1.578262138366699219e+01
1.591813659667968750e+01
1.489470958709716797e+01
1.437150001525878906e+01
1.406288719177246094e+01
1.387234497070312500e+01
1.450431060791015625e+01
1.534399223327636719e+01
1.550559520721435547e+01
1.582759284973144531e+01
1.499827861785888672e+01
1.556632995605468750e+01
1.632438468933105469e+01
1.643220710754394531e+01
1.620601272583007812e+01
1.627321624755859375e+01
1.516394996643066406e+01
1.586625194549560547e+01
1.600134849548339844e+01
1.677663993835449219e+01
1.739628982543945312e+01
1.828568840026855469e+01
1.758433532714843750e+01
1.752743530273437500e+01
1.701184463500976562e+01
1.674124717712402344e+01
1.687020492553710938e+01
1.683219528198242188e+01
1.611739349365234375e+01
1.694083023071289062e+01
1.554965686798095703e+01
1.444022941589355469e+01
1.432473564147949219e+01
1.429604625701904297e+01
1.378963661193847656e+01
1.368252754211425781e+01
1.297490692138671875e+01
1.326201438903808594e+01
1.386567211151123047e+01
1.337006950378417969e+01
1.322984313964843750e+01
1.360353565216064453e+01
1.332022666931152344e+01
1.373784923553466797e+01
1.362036895751953125e+01
1.354730415344238281e+01
1.442646312713623047e+01
1.467358684539794922e+01
1.627787590026855469e+01
1.573649787902832031e+01
1.724439620971679688e+01
1.719271659851074219e+01
1.720535087585449219e+01
1.717889976501464844e+01
1.718828392028808594e+01
1.658099746704101562e+01
1.652929687500000000e+01
1.581699371337890625e+01
1.651157379150390625e+01
1.565224647521972656e+01
1.668162918090820312e+01
1.553925323486328125e+01
1.601169776916503906e+01
1.670490074157714844e+01
1.564320182800292969e+01
1.604288101196289062e+01
1.601423263549804688e+01
1.620883750915527344e+01
1.603160476684570312e+01
1.550460815429687500e+01
1.494784545898437500e+01
1.577192878723144531e+01
1.512412548065185547e+01
1.602388763427734375e+01
1.416018390655517578e+01
1.372235870361328125e+01
1.321280384063720703e+01
1.319490242004394531e+01
1.349615192413330078e+01
1.334258842468261719e+01
1.165791320800781250e+01
1.257615756988525391e+01
1.247677040100097656e+01
1.131790828704833984e+01
1.094601249694824219e+01
1.118424892425537109e+01
1.126509952545166016e+01
1.261122131347656250e+01
1.235828971862792969e+01
1.283551502227783203e+01
1.276118469238281250e+01
1.211443138122558594e+01
1.302599811553955078e+01
1.253300094604492188e+01
1.215020084381103516e+01
1.241155433654785156e+01
1.202596664428710938e+01
1.170522117614746094e+01
1.149050140380859375e+01
1.161322975158691406e+01
1.030824470520019531e+01
1.188113021850585938e+01
1.115271949768066406e+01
1.233001327514648438e+01
1.159764289855957031e+01
1.257183361053466797e+01
1.167281818389892578e+01
1.174047660827636719e+01
1.258987140655517578e+01
1.200767326354980469e+01
1.209444999694824219e+01
1.304955768585205078e+01
1.305868721008300781e+01
1.252851200103759766e+01
1.296359729766845703e+01
1.222639179229736328e+01
1.248034000396728516e+01
1.307575988769531250e+01
1.303195953369140625e+01
1.241648864746093750e+01
1.281119251251220703e+01
1.265251445770263672e+01
1.203838539123535156e+01
1.314243888854980469e+01
1.279601192474365234e+01
1.212003040313720703e+01
1.341639423370361328e+01
1.191799163818359375e+01
1.314140319824218750e+01
1.245375251770019531e+01
1.240038871765136719e+01
1.228196716308593750e+01
1.018159675598144531e+01
9.825490951538085938e+00
9.929327011108398438e+00
9.469308853149414062e+00
9.788454055786132812e+00
9.468507766723632812e+00
9.778378486633300781e+00
9.993673324584960938e+00
1.038433361053466797e+01
1.011968803405761719e+01
9.219510078430175781e+00
9.301656723022460938e+00
8.517515182495117188e+00
8.930033683776855469e+00
9.057730674743652344e+00
9.191361427307128906e+00
9.362775802612304688e+00
9.347856521606445312e+00
9.587251663208007812e+00
9.737447738647460938e+00
1.018598175048828125e+01
1.114247035980224609e+01
1.046017265319824219e+01
1.304522418975830078e+01
1.290265464782714844e+01
1.273511505126953125e+01
1.271160888671875000e+01
1.306952381134033203e+01
1.259635734558105469e+01
1.251935863494873047e+01
1.216856479644775391e+01
1.189138603210449219e+01
1.010573291778564453e+01
1.085736179351806641e+01
9.872636795043945312e+00
9.050370216369628906e+00
9.309576034545898438e+00
8.232355117797851562e+00
8.907694816589355469e+00
8.599589347839355469e+00
8.956800460815429688e+00
8.906442642211914062e+00
7.824369907379150391e+00
7.510804653167724609e+00
7.765574455261230469e+00
6.899081230163574219e+00
6.551828861236572266e+00
5.557711601257324219e+00
7.121283531188964844e+00
5.954700469970703125e+00
6.449781894683837891e+00
5.812085628509521484e+00
6.448818206787109375e+00
7.315637111663818359e+00
6.411579132080078125e+00
7.426745414733886719e+00
6.780292510986328125e+00
6.747611045837402344e+00
6.873368740081787109e+00
7.525002956390380859e+00
7.925157070159912109e+00
7.111767768859863281e+00
7.358952522277832031e+00
7.861003875732421875e+00
7.617983341217041016e+00
8.137428283691406250e+00
8.689424514770507812e+00
1.002887916564941406e+01
1.002068519592285156e+01
9.729207038879394531e+00
9.794330596923828125e+00
1.021124076843261719e+01
9.683755874633789062e+00
9.989871025085449219e+00
9.064802169799804688e+00
9.482944488525390625e+00
8.297548294067382812e+00
6.822887420654296875e+00
7.474031925201416016e+00
7.735290527343750000e+00
7.461095333099365234e+00
8.562135696411132812e+00
9.276163101196289062e+00
9.151977539062500000e+00
9.580600738525390625e+00
1.085171985626220703e+01
9.764293670654296875e+00
9.921430587768554688e+00
1.080818939208984375e+01
1.135825157165527344e+01
1.104381179809570312e+01
1.058575916290283203e+01
1.130142402648925781e+01
1.272282218933105469e+01
1.196662139892578125e+01
1.093431663513183594e+01
1.205226325988769531e+01
1.067417812347412109e+01
1.196078777313232422e+01
1.176004886627197266e+01
1.115355587005615234e+01
1.093363189697265625e+01
1.073536300659179688e+01
1.162448406219482422e+01
1.169433498382568359e+01
1.270715522766113281e+01
1.237115383148193359e+01
1.199373054504394531e+01
1.202379989624023438e+01
1.194685649871826172e+01
1.172004508972167969e+01
1.211492347717285156e+01
1.318113899230957031e+01
1.343193244934082031e+01
1.298921012878417969e+01
1.268691444396972656e+01
1.201357555389404297e+01
1.162977790832519531e+01
1.134793186187744141e+01
1.157696723937988281e+01
1.078612232208251953e+01
1.089172172546386719e+01
1.010375785827636719e+01
1.037946605682373047e+01
9.840967178344726562e+00
1.137823390960693359e+01
1.154045772552490234e+01
1.081558704376220703e+01
1.023393344879150391e+01
9.624292373657226562e+00
9.291166305541992188e+00
9.392616271972656250e+00
8.934717178344726562e+00
9.518010139465332031e+00
1.083421897888183594e+01
1.048467826843261719e+01
9.742775917053222656e+00
9.454362869262695312e+00
1.029860877990722656e+01
9.773457527160644531e+00
9.369285583496093750e+00
8.930761337280273438e+00
8.162370681762695312e+00
8.934076309204101562e+00
9.484285354614257812e+00
1.007739067077636719e+01
1.040243721008300781e+01
1.019003105163574219e+01
1.064327335357666016e+01
1.022360801696777344e+01
1.014656925201416016e+01
9.538830757141113281e+00
9.589429855346679688e+00
1.038630867004394531e+01
1.075384902954101562e+01
1.105101490020751953e+01
1.168849563598632812e+01
1.222726631164550781e+01
1.218284702301025391e+01
1.222811412811279297e+01
1.265211105346679688e+01
1.232784557342529297e+01
1.216024112701416016e+01
1.228677463531494141e+01
1.168335723876953125e+01
1.079033756256103516e+01
1.096810531616210938e+01
1.036168861389160156e+01
1.011468315124511719e+01
9.756609916687011719e+00
9.703980445861816406e+00
9.206865310668945312e+00
9.053543090820312500e+00
9.254033088684082031e+00
9.616477012634277344e+00
1.035098552703857422e+01
9.641998291015625000e+00
8.929289817810058594e+00
9.565404891967773438e+00
8.558887481689453125e+00
8.240724563598632812e+00
8.423164367675781250e+00
7.576332092285156250e+00
6.731966972351074219e+00
6.850280761718750000e+00
6.884784698486328125e+00
8.639635086059570312e+00
1.002751159667968750e+01
1.008669853210449219e+01
1.036460494995117188e+01
1.032567405700683594e+01
1.089323616027832031e+01
1.082964897155761719e+01
1.083229064941406250e+01
9.450855255126953125e+00
8.812354087829589844e+00
7.736689090728759766e+00
8.313848495483398438e+00
7.257480621337890625e+00
7.906569480895996094e+00
7.249026298522949219e+00
7.275826930999755859e+00
6.467041969299316406e+00
7.103032588958740234e+00
7.384394645690917969e+00
6.797610282897949219e+00
7.468493461608886719e+00
7.014109611511230469e+00
6.774542808532714844e+00
7.300919532775878906e+00
6.701853752136230469e+00
6.397417545318603516e+00
5.035877704620361328e+00
4.677670001983642578e+00
4.530237674713134766e+00
4.419237613677978516e+00
4.655956268310546875e+00
4.077672004699707031e+00
3.987548828125000000e+00
4.565587997436523438e+00
4.485978126525878906e+00
4.343892097473144531e+00
3.541844606399536133e+00
2.666341304779052734e+00
2.752711772918701172e+00
2.960818767547607422e+00
3.490512132644653320e+00
3.555279970169067383e+00
4.053152084350585938e+00
4.353195190429687500e+00
6.143794536590576172e+00
5.511414527893066406e+00
7.764108180999755859e+00
8.090974807739257812e+00
8.414102554321289062e+00
7.709709167480468750e+00
7.849002838134765625e+00
7.574403285980224609e+00
7.371474266052246094e+00
7.223091125488281250e+00
7.206023216247558594e+00
6.795715332031250000e+00
7.043527126312255859e+00
7.809447288513183594e+00
8.094478607177734375e+00
9.205359458923339844e+00
9.243453979492187500e+00
8.287017822265625000e+00
9.399218559265136719e+00
8.122157096862792969e+00
8.944920539855957031e+00
7.952772617340087891e+00
8.925094604492187500e+00
8.588579177856445312e+00
7.409809112548828125e+00
7.640923976898193359e+00
6.214839458465576172e+00
6.478400230407714844e+00
5.794811725616455078e+00
5.120908260345458984e+00
4.541126728057861328e+00
4.312136650085449219e+00
4.495974540710449219e+00
4.760307312011718750e+00
4.182314872741699219e+00
3.785012722015380859e+00
3.121085643768310547e+00
3.770159959793090820e+00
3.826721906661987305e+00
3.616512298583984375e+00
2.974865436553955078e+00
3.487839460372924805e+00
3.207792997360229492e+00
3.294040679931640625e+00
3.658722639083862305e+00
4.414114952087402344e+00
5.584687232971191406e+00
5.545255661010742188e+00
4.882065296173095703e+00
5.101727962493896484e+00
5.671529293060302734e+00
7.337828159332275391e+00
7.626129150390625000e+00
7.529046058654785156e+00
7.269030570983886719e+00
7.659743309020996094e+00
7.668797492980957031e+00
8.559745788574218750e+00
8.544969558715820312e+00
8.494344711303710938e+00
8.060096740722656250e+00
8.013653755187988281e+00
8.628340721130371094e+00
8.365630149841308594e+00
8.332637786865234375e+00
9.322785377502441406e+00
9.458000183105468750e+00
1.030331516265869141e+01
9.747079849243164062e+00
9.463299751281738281e+00
8.504194259643554688e+00
8.820353507995605469e+00
8.907984733581542969e+00
8.485250473022460938e+00
8.210408210754394531e+00
8.081568717956542969e+00
8.979753494262695312e+00
9.047554969787597656e+00
8.862412452697753906e+00
9.407896995544433594e+00
8.743976593017578125e+00
1.025709724426269531e+01
1.006252098083496094e+01
9.822876930236816406e+00
1.027021026611328125e+01
9.093577384948730469e+00
9.507999420166015625e+00
1.016684341430664062e+01
1.103939723968505859e+01
1.224006462097167969e+01
1.266777515411376953e+01
1.298842906951904297e+01
1.371319389343261719e+01
1.359180927276611328e+01
1.255540275573730469e+01
1.314450073242187500e+01
1.323231029510498047e+01
1.233598136901855469e+01
1.305275440216064453e+01
1.389707756042480469e+01
1.352617359161376953e+01
1.306121826171875000e+01
1.317857933044433594e+01
1.389905071258544922e+01
1.367565917968750000e+01
1.261340618133544922e+01
1.351400947570800781e+01
1.399361133575439453e+01
1.508077049255371094e+01
1.475830554962158203e+01
1.414924049377441406e+01
1.410685443878173828e+01
1.395803546905517578e+01
1.541935539245605469e+01
1.488994312286376953e+01
1.587744426727294922e+01
1.643211936950683594e+01
1.670535469055175781e+01
1.690585708618164062e+01
1.694953536987304688e+01
1.652209663391113281e+01
1.664755630493164062e+01
1.563916492462158203e+01
1.661794662475585938e+01
1.634156036376953125e+01
1.659320640563964844e+01
1.544068717956542969e+01
1.660584640502929688e+01
1.417949962615966797e+01
1.522932243347167969e+01
1.451306915283203125e+01
1.450617694854736328e+01
1.491565227508544922e+01
1.578278541564941406e+01
1.680390739440917969e+01
1.642490577697753906e+01
1.748814392089843750e+01
1.816292953491210938e+01
1.853784179687500000e+01
1.874763107299804688e+01
1.857159805297851562e+01
1.807580947875976562e+01
1.738252830505371094e+01
1.726396560668945312e+01
1.815695762634277344e+01
1.747672080993652344e+01
1.797924041748046875e+01
1.899776840209960938e+01
1.872732925415039062e+01
1.891189956665039062e+01
1.975706291198730469e+01
2.084708023071289062e+01
2.026161193847656250e+01
2.037352180480957031e+01
1.996560096740722656e+01
2.039334678649902344e+01
2.083106231689453125e+01
1.997104072570800781e+01
2.098868751525878906e+01
2.099457168579101562e+01
2.070656394958496094e+01
2.099857139587402344e+01
2.038579940795898438e+01
2.011170578002929688e+01
1.919593429565429688e+01
1.734960556030273438e+01
1.715459823608398438e+01
1.527404975891113281e+01
1.438274383544921875e+01
1.282471466064453125e+01
1.198957252502441406e+01
1.214861488342285156e+01
1.060293865203857422e+01
1.099500846862792969e+01
1.074210548400878906e+01
1.022663021087646484e+01
1.040218448638916016e+01
1.046985530853271484e+01
1.074378776550292969e+01
1.020622444152832031e+01
1.048663806915283203e+01
9.754471778869628906e+00
9.693288803100585938e+00
1.026026725769042969e+01
1.068963050842285156e+01
1.046028137207031250e+01
9.295775413513183594e+00
9.743375778198242188e+00
9.217584609985351562e+00
9.253413200378417969e+00
1.057629871368408203e+01
1.053479194641113281e+01
1.117917728424072266e+01
1.063722515106201172e+01
1.108976173400878906e+01
1.025924301147460938e+01
1.036404991149902344e+01
1.033454608917236328e+01
9.831288337707519531e+00
9.216573715209960938e+00
9.681049346923828125e+00
9.937378883361816406e+00
9.937968254089355469e+00
9.685764312744140625e+00
9.829103469848632812e+00
9.673742294311523438e+00
1.090668964385986328e+01
1.047393417358398438e+01
1.000224113464355469e+01
1.050478649139404297e+01
1.015577602386474609e+01
9.619221687316894531e+00
8.879076004028320312e+00
9.964338302612304688e+00
8.842978477478027344e+00
9.659510612487792969e+00
9.161497116088867188e+00
9.243083000183105469e+00
9.731245994567871094e+00
9.940578460693359375e+00
1.088598060607910156e+01
1.026349735260009766e+01
1.136702919006347656e+01
1.113997840881347656e+01
1.133997631072998047e+01
1.198356246948242188e+01
1.213675403594970703e+01
1.273886871337890625e+01
1.242964172363281250e+01
1.247084331512451172e+01
1.282842826843261719e+01
1.273107051849365234e+01
1.175342845916748047e+01
1.188588905334472656e+01
1.150303745269775391e+01
1.029743576049804688e+01
9.422273635864257812e+00
9.944332122802734375e+00
1.013330459594726562e+01
9.548827171325683594e+00
7.948649406433105469e+00
6.576134681701660156e+00
7.034562110900878906e+00
4.965968132019042969e+00
5.448646545410156250e+00
5.146153926849365234e+00
5.046484470367431641e+00
4.353323936462402344e+00
3.848825931549072266e+00
3.503453016281127930e+00
4.350986957550048828e+00
5.144574165344238281e+00
5.812380790710449219e+00
5.714032173156738281e+00
5.612356662750244141e+00
5.234888553619384766e+00
5.295983314514160156e+00
5.825077056884765625e+00
5.705828666687011719e+00
6.141297817230224609e+00
6.874691009521484375e+00
7.446577548980712891e+00
7.713940620422363281e+00
6.997839450836181641e+00
8.001401901245117188e+00
8.373920440673828125e+00
8.661638259887695312e+00
7.917912483215332031e+00
8.639836311340332031e+00
8.130146980285644531e+00
6.973429679870605469e+00
6.592774391174316406e+00
5.689037322998046875e+00
5.861395835876464844e+00
6.403302669525146484e+00
6.352302551269531250e+00
5.968994140625000000e+00
6.022386550903320312e+00
6.180933952331542969e+00
6.146760463714599609e+00
6.277565956115722656e+00
5.789714336395263672e+00
5.588203907012939453e+00
5.728092193603515625e+00
5.564404010772705078e+00
6.326273441314697266e+00
5.171486377716064453e+00
5.485685825347900391e+00
5.963827133178710938e+00
5.955948352813720703e+00
6.030617237091064453e+00
6.470808506011962891e+00
5.591473579406738281e+00
6.541773319244384766e+00
7.357850551605224609e+00
7.066285610198974609e+00
6.991789817810058594e+00
6.821829795837402344e+00
7.558640956878662109e+00
7.164216041564941406e+00
7.294288635253906250e+00
7.453593254089355469e+00
7.424446105957031250e+00
7.192976474761962891e+00
6.973745822906494141e+00
7.010747432708740234e+00
6.236958503723144531e+00
6.791074275970458984e+00
6.399409294128417969e+00
6.464471340179443359e+00
6.586112976074218750e+00
6.132920265197753906e+00
6.381638050079345703e+00
6.672310829162597656e+00
7.409436225891113281e+00
7.988851070404052734e+00
8.066966056823730469e+00
8.500415802001953125e+00
9.127346992492675781e+00
9.603823661804199219e+00
9.545404434204101562e+00
9.658147811889648438e+00
9.975163459777832031e+00
9.884959220886230469e+00
9.812653541564941406e+00
9.964170455932617188e+00
1.000041961669921875e+01
9.266599655151367188e+00
9.524849891662597656e+00
9.918870925903320312e+00
9.827465057373046875e+00
9.109849929809570312e+00
9.575280189514160156e+00
9.579269409179687500e+00
8.357623100280761719e+00
8.217002868652343750e+00
7.847944736480712891e+00
8.585820198059082031e+00
8.642091751098632812e+00
7.084875583648681641e+00
7.579490661621093750e+00
7.525822639465332031e+00
6.700131893157958984e+00
5.965705394744873047e+00
6.524393558502197266e+00
7.105748653411865234e+00
7.207285404205322266e+00
6.559127807617187500e+00
6.732441902160644531e+00
5.633252620697021484e+00
6.438663482666015625e+00
7.170833587646484375e+00
6.718260288238525391e+00
6.345281124114990234e+00
6.729798793792724609e+00
7.666819095611572266e+00
7.483461856842041016e+00
7.831922054290771484e+00
8.015029907226562500e+00
8.358222007751464844e+00
8.003129959106445312e+00
7.693487644195556641e+00
7.678974151611328125e+00
7.577987670898437500e+00
8.122623443603515625e+00
8.566084861755371094e+00
8.466630935668945312e+00
8.821809768676757812e+00
8.513728141784667969e+00
8.525735855102539062e+00
6.318817615509033203e+00
5.994898796081542969e+00
5.013789176940917969e+00
4.851440429687500000e+00
4.924302101135253906e+00
4.021885871887207031e+00
4.114706993103027344e+00
3.654263019561767578e+00
3.621320724487304688e+00
4.102902412414550781e+00
4.176648139953613281e+00
4.652859687805175781e+00
5.342850685119628906e+00
5.834980487823486328e+00
6.876749992370605469e+00
6.153067588806152344e+00
5.815266609191894531e+00
6.151236057281494141e+00
6.315289974212646484e+00
5.121296882629394531e+00
4.336544990539550781e+00
3.939218997955322266e+00
3.351219654083251953e+00
3.431045055389404297e+00
2.339390516281127930e+00
3.520946502685546875e+00
2.808908462524414062e+00
2.711465120315551758e+00
3.314147949218750000e+00
3.220988750457763672e+00
4.009531974792480469e+00
3.393019199371337891e+00
2.646350860595703125e+00
2.427218437194824219e+00
2.231859683990478516e+00
2.517832279205322266e+00
2.902076482772827148e+00
3.725169658660888672e+00
3.960488796234130859e+00
4.042186260223388672e+00
5.567739486694335938e+00
5.701768875122070312e+00
5.665795326232910156e+00
7.140433311462402344e+00
6.717510223388671875e+00
7.037348270416259766e+00
6.330920696258544922e+00
6.088271617889404297e+00
6.080572128295898438e+00
5.269400596618652344e+00
5.299210071563720703e+00
4.686069488525390625e+00
4.891109466552734375e+00
5.829676628112792969e+00
5.972907066345214844e+00
6.900582790374755859e+00
6.600864410400390625e+00
6.668478488922119141e+00
7.630223751068115234e+00
7.524937629699707031e+00
7.975683689117431641e+00
8.773373603820800781e+00
9.746847152709960938e+00
9.119113922119140625e+00
1.045862007141113281e+01
1.027391242980957031e+01
1.100305461883544922e+01
1.132022285461425781e+01
1.144097328186035156e+01
1.209663295745849609e+01
1.240958690643310547e+01
1.273267459869384766e+01
1.356795692443847656e+01
1.423088836669921875e+01
1.608150863647460938e+01
1.535361671447753906e+01
1.585672283172607422e+01
1.677610015869140625e+01
1.751547241210937500e+01
1.855856704711914062e+01
1.782081985473632812e+01
1.745161056518554688e+01
1.663379478454589844e+01
1.624034500122070312e+01
1.569194030761718750e+01
1.715306472778320312e+01
1.621712303161621094e+01
1.690646362304687500e+01
1.543437671661376953e+01
1.476954364776611328e+01
1.502761363983154297e+01
1.477870464324951172e+01
1.439758110046386719e+01
1.556167793273925781e+01
1.475787067413330078e+01
1.568969535827636719e+01
1.647992324829101562e+01
1.681020164489746094e+01
1.641730690002441406e+01
1.589736747741699219e+01
1.601505088806152344e+01
1.446324157714843750e+01
1.435642814636230469e+01
1.472723674774169922e+01
1.349137401580810547e+01
1.357430076599121094e+01
1.201835060119628906e+01
1.277290058135986328e+01
1.197197246551513672e+01
1.101114749908447266e+01
1.078108501434326172e+01
1.118808174133300781e+01
1.105596542358398438e+01
1.175968265533447266e+01
1.188027286529541016e+01
1.255511665344238281e+01
1.228293800354003906e+01
1.135573863983154297e+01
1.079657173156738281e+01
1.101434898376464844e+01
1.204802894592285156e+01
1.239595317840576172e+01
1.107763290405273438e+01
1.133982849121093750e+01
1.068366527557373047e+01
1.055831432342529297e+01
9.599361419677734375e+00
1.072479248046875000e+01
1.235259056091308594e+01
1.204874229431152344e+01
1.408239555358886719e+01
1.484403991699218750e+01
1.409963989257812500e+01
1.417172527313232422e+01
1.414281940460205078e+01
1.397395801544189453e+01
1.406059741973876953e+01
1.350160217285156250e+01
1.359110736846923828e+01
1.298674488067626953e+01
1.322744464874267578e+01
1.380825614929199219e+01
1.345289611816406250e+01
1.200167179107666016e+01
1.138238430023193359e+01
1.195740890502929688e+01
1.228936862945556641e+01
1.201178073883056641e+01
1.146462535858154297e+01
1.040265274047851562e+01
1.058076000213623047e+01
1.011542034149169922e+01
1.033207607269287109e+01
8.852121353149414062e+00
8.606782913208007812e+00
8.802293777465820312e+00
9.142865180969238281e+00
8.814702033996582031e+00
1.005544853210449219e+01
9.637125015258789062e+00
9.150691032409667969e+00
1.022453594207763672e+01
8.488440513610839844e+00
8.649477005004882812e+00
9.305841445922851562e+00
1.020239448547363281e+01
9.578930854797363281e+00
9.579931259155273438e+00
1.052688407897949219e+01
1.102519893646240234e+01
1.153191757202148438e+01
1.212297630310058594e+01
1.118726539611816406e+01
1.132306480407714844e+01
1.200119876861572266e+01
1.142971134185791016e+01
1.233752727508544922e+01
1.255195426940917969e+01
1.226166725158691406e+01
1.209128189086914062e+01
1.077881908416748047e+01
1.172116565704345703e+01
1.031854057312011719e+01
1.037147903442382812e+01
1.104826927185058594e+01
1.120794486999511719e+01
1.244172000885009766e+01
1.160831069946289062e+01
1.171907806396484375e+01
1.171994400024414062e+01
1.327245330810546875e+01
1.276447010040283203e+01
1.218402671813964844e+01
1.116835308074951172e+01
1.311076831817626953e+01
1.313897418975830078e+01
1.279153251647949219e+01
1.346884346008300781e+01
1.306938171386718750e+01
1.209146022796630859e+01
1.232815647125244141e+01
1.267983913421630859e+01
1.285763072967529297e+01
1.176596260070800781e+01
1.217087745666503906e+01
1.136061668395996094e+01
1.123121643066406250e+01
1.050811576843261719e+01
1.009178066253662109e+01
9.695714950561523438e+00
8.954930305480957031e+00
8.322252273559570312e+00
7.716297149658203125e+00
8.358842849731445312e+00
7.865011692047119141e+00
6.554030418395996094e+00
5.930052280426025391e+00
5.778992652893066406e+00
5.338191986083984375e+00
4.650892734527587891e+00
4.717143058776855469e+00
4.645372390747070312e+00
5.045109748840332031e+00
4.143799781799316406e+00
3.960817337036132812e+00
3.400492429733276367e+00
3.880198240280151367e+00
3.898871898651123047e+00
4.401349067687988281e+00
4.042246818542480469e+00
4.482656955718994141e+00
5.580718040466308594e+00
6.220040798187255859e+00
7.040913581848144531e+00
8.654684066772460938e+00
8.660491943359375000e+00
8.569980621337890625e+00
8.236478805541992188e+00
8.153838157653808594e+00
7.629925727844238281e+00
7.915274620056152344e+00
6.818717002868652344e+00
6.629290103912353516e+00
6.580979824066162109e+00
5.680780887603759766e+00
6.004693984985351562e+00
5.844254970550537109e+00
4.473274230957031250e+00
5.098765373229980469e+00
5.310976028442382812e+00
4.694480895996093750e+00
5.220246315002441406e+00
5.848939418792724609e+00
7.834433555603027344e+00
8.170297622680664062e+00
7.791913509368896484e+00
7.449275970458984375e+00
8.390554428100585938e+00
8.689146041870117188e+00
8.938013076782226562e+00
1.087256145477294922e+01
1.059208774566650391e+01
9.448846817016601562e+00
1.024261188507080078e+01
9.881906509399414062e+00
9.869340896606445312e+00
1.025539684295654297e+01
1.017837333679199219e+01
9.423545837402343750e+00
1.068078899383544922e+01
9.993333816528320312e+00
1.017382144927978516e+01
9.691850662231445312e+00
9.429072380065917969e+00
8.064482688903808594e+00
7.936141967773437500e+00
7.409071445465087891e+00
6.869780540466308594e+00
7.037035942077636719e+00
8.354513168334960938e+00
8.581748008728027344e+00
8.791952133178710938e+00
9.656128883361816406e+00
9.710936546325683594e+00
1.091078376770019531e+01
1.181908321380615234e+01
1.219800567626953125e+01
1.213277626037597656e+01
1.315855407714843750e+01
1.219222450256347656e+01
1.183467674255371094e+01
1.148893737792968750e+01
1.178903675079345703e+01
1.240937232971191406e+01
1.200514030456542969e+01
1.273191356658935547e+01
1.301404285430908203e+01
1.216515541076660156e+01
1.214336681365966797e+01
1.238953113555908203e+01
1.339763355255126953e+01
1.304054260253906250e+01
1.184376811981201172e+01
1.211240577697753906e+01
1.101610183715820312e+01
1.001674175262451172e+01
9.562008857727050781e+00
8.657350540161132812e+00
9.190084457397460938e+00
9.096529006958007812e+00
1.028056144714355469e+01
1.039589786529541016e+01
1.072044277191162109e+01
1.181772041320800781e+01
1.193889331817626953e+01
1.146096324920654297e+01
1.227926445007324219e+01
1.182665252685546875e+01
1.386952686309814453e+01
1.428831195831298828e+01
1.375147724151611328e+01
1.308031749725341797e+01
1.211825370788574219e+01
1.210597419738769531e+01
1.289088153839111328e+01
1.317343425750732422e+01
1.215326595306396484e+01
1.373901939392089844e+01
1.238288974761962891e+01
1.276055145263671875e+01
1.230642604827880859e+01
1.172430419921875000e+01
1.182603931427001953e+01
1.139471340179443359e+01
1.238009262084960938e+01
1.186490440368652344e+01
1.182797050476074219e+01
1.258748245239257812e+01
1.224141502380371094e+01
1.186706161499023438e+01
1.160320186614990234e+01
1.154455280303955078e+01
1.037014579772949219e+01
1.015755653381347656e+01
1.022189617156982422e+01
1.032072353363037109e+01
9.827630043029785156e+00
1.033288764953613281e+01
9.974928855895996094e+00
9.938483238220214844e+00
9.762237548828125000e+00
9.498686790466308594e+00
8.869799613952636719e+00
8.157632827758789062e+00
8.341337203979492188e+00
8.499063491821289062e+00
8.829950332641601562e+00
9.679021835327148438e+00
9.107120513916015625e+00
1.023908042907714844e+01
9.129134178161621094e+00
8.630484580993652344e+00
8.599435806274414062e+00
8.736294746398925781e+00
9.051922798156738281e+00
8.924898147583007812e+00
9.353615760803222656e+00
9.268875122070312500e+00
9.377511978149414062e+00
1.084797000885009766e+01
9.895895004272460938e+00
1.064152717590332031e+01
1.036822414398193359e+01
1.096112442016601562e+01
1.078234672546386719e+01
1.111609363555908203e+01
1.063334846496582031e+01
1.230785179138183594e+01
1.192124748229980469e+01
1.284069347381591797e+01
1.272920036315917969e+01
1.273512935638427734e+01
1.301165771484375000e+01
1.296548938751220703e+01
1.331834602355957031e+01
1.318962669372558594e+01
1.327268505096435547e+01
1.260700798034667969e+01
1.265396690368652344e+01
1.163587760925292969e+01
1.113459587097167969e+01
1.105167579650878906e+01
1.037337493896484375e+01
1.086177158355712891e+01
1.068591499328613281e+01
1.090550708770751953e+01
1.026314926147460938e+01
1.181907463073730469e+01
1.301253509521484375e+01
1.373763751983642578e+01
1.311733722686767578e+01
1.334139251708984375e+01
1.386986827850341797e+01
1.383977699279785156e+01
1.429296112060546875e+01
1.325605773925781250e+01
1.349351024627685547e+01
1.258659172058105469e+01
1.133719921112060547e+01
1.149633789062500000e+01
1.156742858886718750e+01
1.051953220367431641e+01
1.011926555633544922e+01
1.097780895233154297e+01
1.129556465148925781e+01
1.156873893737792969e+01
1.085835552215576172e+01
1.127713584899902344e+01
1.097193336486816406e+01
9.992250442504882812e+00
1.037593269348144531e+01
1.112857627868652344e+01
1.124356651306152344e+01
1.148217010498046875e+01
1.161904144287109375e+01
1.144140148162841797e+01
1.051176738739013672e+01
9.391137123107910156e+00
8.519075393676757812e+00
9.145360946655273438e+00
7.493462562561035156e+00
7.141386985778808594e+00
7.008623600006103516e+00
6.373239040374755859e+00
6.983856201171875000e+00
5.843379497528076172e+00
6.308772087097167969e+00
6.226865768432617188e+00
7.493433475494384766e+00
6.928263664245605469e+00
8.264385223388671875e+00
8.530936241149902344e+00
8.123276710510253906e+00
8.022764205932617188e+00
7.968282222747802734e+00
7.214360237121582031e+00
8.262797355651855469e+00
7.433057308197021484e+00
7.202107906341552734e+00
7.271212577819824219e+00
8.718107223510742188e+00
8.892599105834960938e+00
9.534963607788085938e+00
1.037429141998291016e+01
1.014643573760986328e+01
9.579305648803710938e+00
9.340806961059570312e+00
8.317243576049804688e+00
7.786078453063964844e+00
7.734040260314941406e+00
7.981750488281250000e+00
7.207449436187744141e+00
7.064791202545166016e+00
6.916650295257568359e+00
6.377549648284912109e+00
6.683187961578369141e+00
7.021501064300537109e+00
7.470077514648437500e+00
7.367280483245849609e+00
7.034604072570800781e+00
7.133467197418212891e+00
7.026883125305175781e+00
7.760115146636962891e+00
8.410367965698242188e+00
7.850068569183349609e+00
9.041882514953613281e+00
9.897874832153320312e+00
1.002866554260253906e+01
1.070454311370849609e+01
1.009698295593261719e+01
1.029680633544921875e+01
1.077026176452636719e+01
1.067628765106201172e+01
1.055020332336425781e+01
9.334184646606445312e+00
8.713204383850097656e+00
8.292814254760742188e+00
8.965929031372070312e+00
9.078680992126464844e+00
9.485342979431152344e+00
9.212522506713867188e+00
1.027472305297851562e+01
1.034857845306396484e+01
1.125071620941162109e+01
1.178670787811279297e+01
1.299990653991699219e+01
1.341849708557128906e+01
1.381609058380126953e+01
1.431118297576904297e+01
1.413075733184814453e+01
1.347880744934082031e+01
1.416645526885986328e+01
1.374705028533935547e+01
1.317156219482421875e+01
1.337445545196533203e+01
1.309971332550048828e+01
1.379738616943359375e+01
1.370409107208251953e+01
1.476242256164550781e+01
1.432760810852050781e+01
1.484583282470703125e+01
1.570539283752441406e+01
1.559874439239501953e+01
1.600269699096679688e+01
1.550109386444091797e+01
1.444456195831298828e+01
1.474411582946777344e+01
1.440564155578613281e+01
1.431272697448730469e+01
1.408155059814453125e+01
1.373089790344238281e+01
1.270514678955078125e+01
1.378534126281738281e+01
1.407800102233886719e+01
1.359329414367675781e+01
1.431769371032714844e+01
1.386505317687988281e+01
1.432229137420654297e+01
1.437959766387939453e+01
1.404012775421142578e+01
1.333291149139404297e+01
1.247641658782958984e+01
1.166172122955322266e+01
1.101311969757080078e+01
1.062060737609863281e+01
1.097426605224609375e+01
1.020653533935546875e+01
1.075823020935058594e+01
9.646739959716796875e+00
9.586905479431152344e+00
9.414475440979003906e+00
1.057107925415039062e+01
9.846498489379882812e+00
9.918333053588867188e+00
9.401545524597167969e+00
9.874715805053710938e+00
9.371556282043457031e+00
8.694915771484375000e+00
8.749581336975097656e+00
8.549120903015136719e+00
8.687660217285156250e+00
9.501589775085449219e+00
8.850236892700195312e+00
9.585844993591308594e+00
1.066439056396484375e+01
1.032774162292480469e+01
1.142961692810058594e+01
1.205445289611816406e+01
1.204102897644042969e+01
1.272645378112792969e+01
1.291713523864746094e+01
1.294040489196777344e+01
1.372545051574707031e+01
1.376417541503906250e+01
1.345928764343261719e+01
1.314192676544189453e+01
1.118783187866210938e+01
1.234942340850830078e+01
1.145764732360839844e+01
1.015935039520263672e+01
9.578076362609863281e+00
8.861527442932128906e+00
1.006275177001953125e+01
1.049925613403320312e+01
1.081982040405273438e+01
1.170813941955566406e+01
1.240326786041259766e+01
1.355960369110107422e+01
1.470693206787109375e+01
1.327666950225830078e+01
1.319498729705810547e+01
1.374378681182861328e+01
1.392940044403076172e+01
1.373172760009765625e+01
1.345286369323730469e+01
1.365316581726074219e+01
1.440539550781250000e+01
1.454642009735107422e+01
1.553857994079589844e+01
1.515965747833251953e+01
1.511511421203613281e+01
1.567756652832031250e+01
1.533376598358154297e+01
1.504650402069091797e+01
1.489810657501220703e+01
1.505901813507080078e+01
1.430925750732421875e+01
1.534792327880859375e+01
1.617589378356933594e+01
1.520576286315917969e+01
1.584803295135498047e+01
1.603870391845703125e+01
1.593361377716064453e+01
1.469558525085449219e+01
1.549160957336425781e+01
1.455586814880371094e+01
1.358747100830078125e+01
1.294357299804687500e+01
1.240593624114990234e+01
1.149401378631591797e+01
9.610917091369628906e+00
9.636867523193359375e+00
8.569658279418945312e+00
7.843835353851318359e+00
7.687211513519287109e+00
7.938843727111816406e+00
7.776381015777587891e+00
8.695287704467773438e+00
7.744460105895996094e+00
7.827466011047363281e+00
8.496563911437988281e+00
8.278837203979492188e+00
1.006255435943603516e+01
1.120622634887695312e+01
1.158862972259521484e+01
1.160807800292968750e+01
1.302395629882812500e+01
1.277159500122070312e+01
1.415042591094970703e+01
1.365198326110839844e+01
1.388430213928222656e+01
1.229936218261718750e+01
1.205330562591552734e+01
1.279731941223144531e+01
1.263879871368408203e+01
1.197103500366210938e+01
1.282248878479003906e+01
1.310259723663330078e+01
1.332716083526611328e+01
1.342375469207763672e+01
1.393161773681640625e+01
1.419048118591308594e+01
1.443696594238281250e+01
1.463355255126953125e+01
1.411613464355468750e+01
1.463516235351562500e+01
1.482050895690917969e+01
1.375252532958984375e+01
1.246490001678466797e+01
1.353577613830566406e+01
1.428399372100830078e+01
1.384182262420654297e+01
1.412509632110595703e+01
1.369970703125000000e+01
1.353249073028564453e+01
1.282946300506591797e+01
1.282802772521972656e+01
1.263953590393066406e+01
1.312609672546386719e+01
1.403270244598388672e+01
1.442613697052001953e+01
1.457601165771484375e+01
1.402144145965576172e+01
1.402519226074218750e+01
1.351707649230957031e+01
1.347887992858886719e+01
1.321150779724121094e+01
1.472828865051269531e+01
1.401521301269531250e+01
1.487206268310546875e+01
1.539575195312500000e+01
1.552726554870605469e+01
1.615333366394042969e+01
1.579703998565673828e+01
1.587499427795410156e+01
1.575404167175292969e+01
1.601857376098632812e+01
1.633214187622070312e+01
1.700321769714355469e+01
1.618291854858398438e+01
1.583172035217285156e+01
1.488008880615234375e+01
1.428262042999267578e+01
1.337456226348876953e+01
1.297619819641113281e+01
1.353708457946777344e+01
1.339937591552734375e+01
1.374611473083496094e+01
1.366364765167236328e+01
1.401158332824707031e+01
1.413667869567871094e+01
1.433570098876953125e+01
1.570231056213378906e+01
1.519018077850341797e+01
1.495413398742675781e+01
1.479947662353515625e+01
1.524402904510498047e+01
1.527148914337158203e+01
1.473687934875488281e+01
1.491560554504394531e+01
1.447163581848144531e+01
1.419324779510498047e+01
1.431926250457763672e+01
1.396070671081542969e+01
1.344625282287597656e+01
1.248337650299072266e+01
1.322222137451171875e+01
1.294385814666748047e+01
1.356699180603027344e+01
1.330747413635253906e+01
1.476738452911376953e+01
1.432646179199218750e+01
1.495142936706542969e+01
1.471508979797363281e+01
1.456751251220703125e+01
1.620581436157226562e+01
1.562652301788330078e+01
1.588608264923095703e+01
1.401839733123779297e+01
1.488441467285156250e+01
1.513402843475341797e+01
1.421236896514892578e+01
1.326208782196044922e+01
1.219735145568847656e+01
1.120709323883056641e+01
1.154517364501953125e+01
1.069573593139648438e+01
1.089658546447753906e+01
1.009476661682128906e+01
1.017219448089599609e+01
9.601079940795898438e+00
9.404282569885253906e+00
8.953161239624023438e+00
8.515989303588867188e+00
7.414957523345947266e+00
6.526583194732666016e+00
5.928746700286865234e+00
5.782719612121582031e+00
5.823755741119384766e+00
4.993272781372070312e+00
4.203067302703857422e+00
4.431835174560546875e+00
4.181454181671142578e+00
3.046570301055908203e+00
3.335950851440429688e+00
3.561082839965820312e+00
3.118360996246337891e+00
3.083888530731201172e+00
3.007900714874267578e+00
3.140156745910644531e+00
3.959819793701171875e+00
5.255360126495361328e+00
6.577610015869140625e+00
7.026775360107421875e+00
8.612896919250488281e+00
8.759290695190429688e+00
9.736519813537597656e+00
9.749940872192382812e+00
1.074314689636230469e+01
1.135132122039794922e+01
1.136586761474609375e+01
1.200626182556152344e+01
1.237213325500488281e+01
1.325111675262451172e+01
1.377220344543457031e+01
1.462424945831298828e+01
1.425267219543457031e+01
1.491000843048095703e+01
1.407772350311279297e+01
1.418720817565917969e+01
1.392263603210449219e+01
1.299428367614746094e+01
1.286498260498046875e+01
1.390241718292236328e+01
1.309417438507080078e+01
1.373607635498046875e+01
1.343433094024658203e+01
1.385382843017578125e+01
1.461083030700683594e+01
1.360369682312011719e+01
1.426405048370361328e+01
1.422736644744873047e+01
1.424752807617187500e+01
1.368317985534667969e+01
1.428753185272216797e+01
1.527284812927246094e+01
1.505322742462158203e+01
1.490069770812988281e+01
1.546572399139404297e+01
1.429547405242919922e+01
1.520726585388183594e+01
1.554872131347656250e+01
1.584639263153076172e+01
1.496900653839111328e+01
1.449537467956542969e+01
1.540925312042236328e+01
1.513057422637939453e+01
1.461941242218017578e+01
1.391042041778564453e+01
1.443826484680175781e+01
1.555211830139160156e+01
1.593428611755371094e+01
1.626126670837402344e+01
1.612454223632812500e+01
1.616659736633300781e+01
1.575718116760253906e+01
1.560000610351562500e+01
1.551338672637939453e+01
1.500955486297607422e+01
1.499708271026611328e+01
1.511009502410888672e+01
1.453864574432373047e+01
1.402255058288574219e+01
1.388901233673095703e+01
1.381852722167968750e+01
1.326540946960449219e+01
1.322713947296142578e+01
1.335938453674316406e+01
1.289752483367919922e+01
1.244332695007324219e+01
1.270196819305419922e+01
1.346789836883544922e+01
1.282802391052246094e+01
1.367309284210205078e+01
1.442788696289062500e+01
1.375127983093261719e+01
1.385248851776123047e+01
1.347828865051269531e+01
1.328490257263183594e+01
1.255809211730957031e+01
1.223893928527832031e+01
1.166287612915039062e+01
1.126724910736083984e+01
1.054634284973144531e+01
1.116771697998046875e+01
1.123237228393554688e+01
1.095642948150634766e+01
1.055850410461425781e+01
1.136991882324218750e+01
1.057706737518310547e+01
1.109038829803466797e+01
1.060331058502197266e+01
1.052268218994140625e+01
1.045862007141113281e+01
1.057834815979003906e+01
1.223599815368652344e+01
1.122432231903076172e+01
1.121996784210205078e+01
1.104018211364746094e+01
9.269433021545410156e+00
9.069131851196289062e+00
9.523711204528808594e+00
8.618288040161132812e+00
8.747653007507324219e+00
8.179129600524902344e+00
8.420315742492675781e+00
7.671011447906494141e+00
8.375619888305664062e+00
8.209555625915527344e+00
9.251985549926757812e+00
8.793092727661132812e+00
8.893469810485839844e+00
8.317411422729492188e+00
8.247908592224121094e+00
9.425112724304199219e+00
1.006110477447509766e+01
1.031630516052246094e+01
1.136125087738037109e+01
1.026970195770263672e+01
9.875780105590820312e+00
1.032248020172119141e+01
9.947629928588867188e+00
1.008007144927978516e+01
1.066501045227050781e+01
1.022030830383300781e+01
1.059302711486816406e+01
1.059049034118652344e+01
1.103947544097900391e+01
1.210487174987792969e+01
1.177704048156738281e+01
1.165041828155517578e+01
1.066116046905517578e+01
1.100741195678710938e+01
1.104969120025634766e+01
1.094676399230957031e+01
1.025258827209472656e+01
1.028388404846191406e+01
1.031598567962646484e+01
1.062974262237548828e+01
1.182730770111083984e+01
1.118446159362792969e+01
1.085522270202636719e+01
1.111013126373291016e+01
1.155534076690673828e+01
1.239425373077392578e+01
1.240926933288574219e+01
1.413077735900878906e+01
1.383431816101074219e+01
1.393519306182861328e+01
1.448267078399658203e+01
1.430038166046142578e+01
1.442037773132324219e+01
1.456413078308105469e+01
1.524538707733154297e+01
1.507945728302001953e+01
1.464381217956542969e+01
1.583726024627685547e+01
1.483446311950683594e+01
1.487789344787597656e+01
1.377454662322998047e+01
1.315273284912109375e+01
1.283455371856689453e+01
1.324640655517578125e+01
1.421047496795654297e+01
1.416565990447998047e+01
1.485230731964111328e+01
1.434973621368408203e+01
1.567490673065185547e+01
1.488251018524169922e+01
1.551733970642089844e+01
1.614232254028320312e+01
1.573914527893066406e+01
1.611867332458496094e+01
1.545267486572265625e+01
1.501500701904296875e+01
1.400331401824951172e+01
1.434768486022949219e+01
1.477424907684326172e+01
1.458884906768798828e+01
1.467055511474609375e+01
1.524051475524902344e+01
1.530200195312500000e+01
1.547953987121582031e+01
1.425590705871582031e+01
1.446976757049560547e+01
1.466528797149658203e+01
1.511672401428222656e+01
1.550998210906982422e+01
1.572735118865966797e+01
1.529887199401855469e+01
1.524686431884765625e+01
1.357611083984375000e+01
1.332045173645019531e+01
1.271991729736328125e+01
1.296568298339843750e+01
1.187946414947509766e+01
1.152335643768310547e+01
1.088905525207519531e+01
9.990896224975585938e+00
1.032384109497070312e+01
1.114459609985351562e+01
9.509625434875488281e+00
9.182214736938476562e+00
1.065254783630371094e+01
9.825069427490234375e+00
1.079486274719238281e+01
1.073610973358154297e+01
1.036062908172607422e+01
1.045770740509033203e+01
1.015496444702148438e+01
9.649922370910644531e+00
8.051163673400878906e+00
6.982322692871093750e+00
7.081436157226562500e+00
5.994097709655761719e+00
6.536273002624511719e+00
5.134293556213378906e+00
6.314606666564941406e+00
5.008116245269775391e+00
5.165854454040527344e+00
4.699652671813964844e+00
4.259782791137695312e+00
4.851075649261474609e+00
4.814740180969238281e+00
4.753978252410888672e+00
4.130717277526855469e+00
4.116642951965332031e+00
5.164526462554931641e+00
6.338845252990722656e+00
5.463517665863037109e+00
6.343372821807861328e+00
6.731097221374511719e+00
6.619870662689208984e+00
6.881041049957275391e+00
7.134441375732421875e+00
6.589652061462402344e+00
6.499369621276855469e+00
6.631999969482421875e+00
5.950057506561279297e+00
6.192729949951171875e+00
6.646822452545166016e+00
6.803273200988769531e+00
6.410185337066650391e+00
6.043071746826171875e+00
7.216944217681884766e+00
6.573590755462646484e+00
8.019941329956054688e+00
8.429067611694335938e+00
8.093708038330078125e+00
9.264689445495605469e+00
8.600431442260742188e+00
9.150810241699218750e+00
9.637111663818359375e+00
9.665201187133789062e+00
1.008052825927734375e+01
9.769322395324707031e+00
9.047526359558105469e+00
8.834799766540527344e+00
8.685659408569335938e+00
9.071670532226562500e+00
8.634663581848144531e+00
8.838334083557128906e+00
8.967179298400878906e+00
9.033514022827148438e+00
9.118350982666015625e+00
9.765848159790039062e+00
9.708980560302734375e+00
8.989446640014648438e+00
9.221548080444335938e+00
9.595876693725585938e+00
8.306717872619628906e+00
8.179632186889648438e+00
7.802523136138916016e+00
6.704108238220214844e+00
6.330655097961425781e+00
7.494841575622558594e+00
6.592723846435546875e+00
6.842783927917480469e+00
7.331341743469238281e+00
7.823266029357910156e+00
8.827092170715332031e+00
8.863604545593261719e+00
8.891010284423828125e+00
8.894384384155273438e+00
9.064786911010742188e+00
8.614236831665039062e+00
8.711726188659667969e+00
8.303047180175781250e+00
8.428377151489257812e+00
9.096700668334960938e+00
9.168951988220214844e+00
9.575906753540039062e+00
1.039248180389404297e+01
9.436613082885742188e+00
1.023718452453613281e+01
1.024790287017822266e+01
9.438310623168945312e+00
9.965146064758300781e+00
8.979988098144531250e+00
1.026497173309326172e+01
1.075676536560058594e+01
1.154007148742675781e+01
1.122886276245117188e+01
1.130202102661132812e+01
9.840167045593261719e+00
9.860816955566406250e+00
1.016114234924316406e+01
9.560749053955078125e+00
1.019314956665039062e+01
1.075642871856689453e+01
1.023926353454589844e+01
1.027011966705322266e+01
9.815721511840820312e+00
9.143217086791992188e+00
8.309630393981933594e+00
8.547886848449707031e+00
9.233842849731445312e+00
9.748413085937500000e+00
8.559753417968750000e+00
8.903978347778320312e+00
8.593465805053710938e+00
8.122312545776367188e+00
8.259406089782714844e+00
8.087468147277832031e+00
7.273677825927734375e+00
7.327143669128417969e+00
7.524681091308593750e+00
7.393821716308593750e+00
8.015749931335449219e+00
8.020806312561035156e+00
8.420688629150390625e+00
9.536758422851562500e+00
1.028344917297363281e+01
1.018893432617187500e+01
1.154626750946044922e+01
1.132852840423583984e+01
1.152451801300048828e+01
1.166497611999511719e+01
1.241309928894042969e+01
1.266404914855957031e+01
1.317284107208251953e+01
1.269347953796386719e+01
1.278960704803466797e+01
1.330353069305419922e+01
1.319100761413574219e+01
1.210126781463623047e+01
1.129451179504394531e+01
9.605934143066406250e+00
1.003987598419189453e+01
9.274495124816894531e+00
8.353634834289550781e+00
7.295090675354003906e+00
7.453402519226074219e+00
6.494995117187500000e+00
6.253507137298583984e+00
4.944127082824707031e+00
5.132604598999023438e+00
4.694149971008300781e+00
5.690079689025878906e+00
5.569110870361328125e+00
6.385422706604003906e+00
7.993707180023193359e+00
6.615262508392333984e+00
6.917558193206787109e+00
6.742866516113281250e+00
5.950961589813232422e+00
6.236098289489746094e+00
7.018859863281250000e+00
7.089263916015625000e+00
7.016085624694824219e+00
6.738184928894042969e+00
7.443904876708984375e+00
7.107710838317871094e+00
7.851909637451171875e+00
8.572344779968261719e+00
7.770219326019287109e+00
9.950601577758789062e+00
8.790248870849609375e+00
9.843802452087402344e+00
8.605050086975097656e+00
9.117120742797851562e+00
8.033281326293945312e+00
8.984247207641601562e+00
8.206707954406738281e+00
7.903521060943603516e+00
8.046503067016601562e+00
8.145023345947265625e+00
8.304011344909667969e+00
7.742664337158203125e+00
7.973291873931884766e+00
9.326203346252441406e+00
9.498786926269531250e+00
1.127391052246093750e+01
1.095174980163574219e+01
1.272131729125976562e+01
1.328961944580078125e+01
1.381319236755371094e+01
1.468286132812500000e+01
1.446751403808593750e+01
1.452702617645263672e+01
1.512771892547607422e+01
1.421914863586425781e+01
1.357206249237060547e+01
1.385506725311279297e+01
1.369929313659667969e+01
1.313940429687500000e+01
1.355672931671142578e+01
1.324649524688720703e+01
1.380533790588378906e+01
1.399612236022949219e+01
1.515663146972656250e+01
1.632689094543457031e+01
1.642081642150878906e+01
1.658659172058105469e+01
1.599690246582031250e+01
1.648210525512695312e+01
1.612779235839843750e+01
1.496828269958496094e+01
1.480409717559814453e+01
1.511388206481933594e+01
1.354337787628173828e+01
1.378639030456542969e+01
1.167181587219238281e+01
1.160722255706787109e+01
1.202502822875976562e+01
1.256837081909179688e+01
1.183156108856201172e+01
1.308665657043457031e+01
1.309188556671142578e+01
1.370302009582519531e+01
1.302895545959472656e+01
1.393463706970214844e+01
1.321236991882324219e+01
1.300123882293701172e+01
1.212539672851562500e+01
1.164367580413818359e+01
1.103021430969238281e+01
1.120856666564941406e+01
1.017001342773437500e+01
9.812991142272949219e+00
1.059005546569824219e+01
1.080554676055908203e+01
1.055349159240722656e+01
1.046248245239257812e+01
1.029252433776855469e+01
9.718806266784667969e+00
8.141591072082519531e+00
8.265058517456054688e+00
7.240234375000000000e+00
8.364110946655273438e+00
7.520390987396240234e+00
7.620039463043212891e+00
7.871002197265625000e+00
8.684289932250976562e+00
8.677866935729980469e+00
1.043834686279296875e+01
1.131508159637451172e+01
1.145073699951171875e+01
1.204546737670898438e+01
1.177176666259765625e+01
1.060959434509277344e+01
1.099345970153808594e+01
1.013153457641601562e+01
9.824089050292968750e+00
7.989340305328369141e+00
8.581415176391601562e+00
8.697782516479492188e+00
9.445531845092773438e+00
1.066068840026855469e+01
1.146623516082763672e+01
1.229908180236816406e+01
1.236731910705566406e+01
1.277894210815429688e+01
1.146233367919921875e+01
1.141716480255126953e+01
1.125305747985839844e+01
1.186627388000488281e+01
1.230448532104492188e+01
1.278843879699707031e+01
1.296023082733154297e+01
1.273433303833007812e+01
1.172150993347167969e+01
1.213816928863525391e+01
1.157442474365234375e+01
1.124077796936035156e+01
1.085560035705566406e+01
1.062000942230224609e+01
1.071707725524902344e+01
1.087354564666748047e+01
1.116019058227539062e+01
1.121689224243164062e+01
1.178635501861572266e+01
1.067125892639160156e+01
1.109127235412597656e+01
9.539575576782226562e+00
9.031963348388671875e+00
8.991657257080078125e+00
8.683701515197753906e+00
8.920392990112304688e+00
9.937432289123535156e+00
1.046790599822998047e+01
1.062564182281494141e+01
9.924146652221679688e+00
1.135568428039550781e+01
1.142075347900390625e+01
1.237320995330810547e+01
1.201825141906738281e+01
1.254281711578369141e+01
1.186992835998535156e+01
1.077907657623291016e+01
9.811534881591796875e+00
9.349292755126953125e+00
8.488344192504882812e+00
8.082374572753906250e+00
7.291861534118652344e+00
8.070367813110351562e+00
7.442834377288818359e+00
7.702921867370605469e+00
8.732192039489746094e+00
8.071417808532714844e+00
8.331754684448242188e+00
8.029054641723632812e+00
8.158571243286132812e+00
7.595734596252441406e+00
8.465847969055175781e+00
9.378454208374023438e+00
8.538820266723632812e+00
9.579036712646484375e+00
9.309463500976562500e+00
9.255407333374023438e+00
8.122280120849609375e+00
8.136134147644042969e+00
8.195016860961914062e+00
8.601852416992187500e+00
8.119073867797851562e+00
9.350542068481445312e+00
8.623115539550781250e+00
9.310556411743164062e+00
1.003530693054199219e+01
1.035361957550048828e+01
1.117397308349609375e+01
1.097885608673095703e+01
1.145535755157470703e+01
1.153585624694824219e+01
1.164300346374511719e+01
1.133635616302490234e+01
1.098310661315917969e+01
9.568456649780273438e+00
1.002937316894531250e+01
8.631883621215820312e+00
9.066305160522460938e+00
8.389156341552734375e+00
8.450784683227539062e+00
7.923939704895019531e+00
7.645423889160156250e+00
7.586686134338378906e+00
7.858790397644042969e+00
7.675431728363037109e+00
5.913319587707519531e+00
5.546660423278808594e+00
6.013527870178222656e+00
5.772132396697998047e+00
5.953754425048828125e+00
5.494038581848144531e+00
6.338085651397705078e+00
6.594385623931884766e+00
7.782005310058593750e+00
8.951680183410644531e+00
9.871061325073242188e+00
8.862283706665039062e+00
9.572671890258789062e+00
9.628499984741210938e+00
9.133337020874023438e+00
9.109128952026367188e+00
9.175574302673339844e+00
1.002524375915527344e+01
1.031240844726562500e+01
1.008986186981201172e+01
9.567955970764160156e+00
8.752702713012695312e+00
8.942698478698730469e+00
1.065018749237060547e+01
1.153565979003906250e+01
1.111875343322753906e+01
1.103601741790771484e+01
1.029508209228515625e+01
1.134489822387695312e+01
1.070286750793457031e+01
1.120090866088867188e+01
1.119241619110107422e+01
1.061743450164794922e+01
1.040950202941894531e+01
9.772767066955566406e+00
9.912734031677246094e+00
9.568239212036132812e+00
9.677385330200195312e+00
9.031380653381347656e+00
8.797567367553710938e+00
8.397494316101074219e+00
7.474488735198974609e+00
8.457147598266601562e+00
7.937661170959472656e+00
8.641532897949218750e+00
8.220466613769531250e+00
8.100263595581054688e+00
1.050239658355712891e+01
1.075653934478759766e+01
9.922147750854492188e+00
1.161403465270996094e+01
1.177023029327392578e+01
1.130212783813476562e+01
1.127300834655761719e+01
1.210195827484130859e+01
1.096314811706542969e+01
1.069692516326904297e+01
1.115000724792480469e+01
1.034167671203613281e+01
1.014293479919433594e+01
1.099547767639160156e+01
1.112964057922363281e+01
1.276873493194580078e+01
1.264075756072998047e+01
1.198522090911865234e+01
1.154538917541503906e+01
1.156908035278320312e+01
1.140472221374511719e+01
1.182267189025878906e+01
1.115887260437011719e+01
1.235087013244628906e+01
1.245095634460449219e+01
1.325291919708251953e+01
1.418307781219482422e+01
1.308069896697998047e+01
1.398222637176513672e+01
1.323729419708251953e+01
1.474389457702636719e+01
1.583810997009277344e+01
1.639823913574218750e+01
1.595100593566894531e+01
1.611324310302734375e+01
1.540108203887939453e+01
1.513546466827392578e+01
1.533377265930175781e+01
1.426690673828125000e+01
1.473553180694580078e+01
1.507148456573486328e+01
1.587201690673828125e+01
1.687829399108886719e+01
1.659357070922851562e+01
1.628828620910644531e+01
1.587010478973388672e+01
1.606020545959472656e+01
1.552561664581298828e+01
1.547338104248046875e+01
1.565023326873779297e+01
1.565427398681640625e+01
1.428136444091796875e+01
1.440361785888671875e+01
1.408905220031738281e+01
1.397000312805175781e+01
1.356537914276123047e+01
1.403489494323730469e+01
1.466183471679687500e+01
1.485664844512939453e+01
1.630666732788085938e+01
1.514365386962890625e+01
1.548568439483642578e+01
1.442448616027832031e+01
1.441039085388183594e+01
1.257610511779785156e+01
1.154326152801513672e+01
1.074943923950195312e+01
1.070232486724853516e+01
1.046784114837646484e+01
1.041499900817871094e+01
1.092486858367919922e+01
1.228433609008789062e+01
1.213182449340820312e+01
1.300124073028564453e+01
1.231958961486816406e+01
1.219987487792968750e+01
1.234315681457519531e+01
1.246850776672363281e+01
1.318759727478027344e+01
1.255512809753417969e+01
1.295423889160156250e+01
1.275070381164550781e+01
1.255092239379882812e+01
1.296860504150390625e+01
1.241676616668701172e+01
1.243558311462402344e+01
1.231190299987792969e+01
1.095671558380126953e+01
1.123572158813476562e+01
1.112022113800048828e+01
1.023718643188476562e+01
9.839391708374023438e+00
9.850352287292480469e+00
1.024767208099365234e+01
1.107895946502685547e+01
1.162473201751708984e+01
1.223800659179687500e+01
1.108426761627197266e+01
1.192070293426513672e+01
1.213632392883300781e+01
1.252083873748779297e+01
1.320904541015625000e+01
1.354676342010498047e+01
1.460067462921142578e+01
1.462149524688720703e+01
1.425894737243652344e+01
1.382986164093017578e+01
1.303682994842529297e+01
1.293892860412597656e+01
1.368482398986816406e+01
1.373121833801269531e+01
1.358018207550048828e+01
1.401812934875488281e+01
1.497850799560546875e+01
1.414594745635986328e+01
1.406852149963378906e+01
1.323672199249267578e+01
1.375789356231689453e+01
1.447338867187500000e+01
1.541536235809326172e+01
1.542354583740234375e+01
1.537823963165283203e+01
1.526778602600097656e+01
1.502266120910644531e+01
1.517946434020996094e+01
1.508721160888671875e+01
1.488414287567138672e+01
1.615958023071289062e+01
1.513381958007812500e+01
1.512680530548095703e+01
1.607268333435058594e+01
1.650030517578125000e+01
1.545148944854736328e+01
1.559123706817626953e+01
1.632299613952636719e+01
1.629083633422851562e+01
1.606385231018066406e+01
1.630217552185058594e+01
1.575361442565917969e+01
1.420765495300292969e+01
1.450218772888183594e+01
1.469947528839111328e+01
1.548087501525878906e+01
1.499062633514404297e+01
1.412905597686767578e+01
1.375464916229248047e+01
1.371159839630126953e+01
1.361191558837890625e+01
1.381344604492187500e+01
1.384320545196533203e+01
1.396563911437988281e+01
1.369211864471435547e+01
1.438012218475341797e+01
1.323982429504394531e+01
1.282492256164550781e+01
1.186245441436767578e+01
1.180971336364746094e+01
1.106966590881347656e+01
1.149981403350830078e+01
1.176304149627685547e+01
1.229792118072509766e+01
1.324414634704589844e+01
1.273927879333496094e+01
1.361745166778564453e+01
1.273901176452636719e+01
1.246103858947753906e+01
1.277482128143310547e+01
1.226120758056640625e+01
1.176240158081054688e+01
1.218966293334960938e+01
1.179710769653320312e+01
1.242937946319580078e+01
1.206539726257324219e+01
1.210059928894042969e+01
1.244265747070312500e+01
1.294186592102050781e+01
1.171055889129638672e+01
1.229518413543701172e+01
1.205223560333251953e+01
1.185916709899902344e+01
1.041147041320800781e+01
9.643976211547851562e+00
1.006681728363037109e+01
9.909429550170898438e+00
1.102364540100097656e+01
1.152653121948242188e+01
1.206354713439941406e+01
1.200306510925292969e+01
1.230469226837158203e+01
1.319470787048339844e+01
1.292167186737060547e+01
1.340782356262207031e+01
1.290878295898437500e+01
1.372972679138183594e+01
1.331562042236328125e+01
1.343848228454589844e+01
1.323285484313964844e+01
1.351703166961669922e+01
1.285609912872314453e+01
1.312796592712402344e+01
1.289012622833251953e+01
1.236414909362792969e+01
1.100141525268554688e+01
1.056552791595458984e+01
1.031489658355712891e+01
1.105411529541015625e+01
1.150804710388183594e+01
1.128953456878662109e+01
1.260048580169677734e+01
1.238098526000976562e+01
1.284933280944824219e+01
1.293605613708496094e+01
1.389960193634033203e+01
1.302625846862792969e+01
1.331302356719970703e+01
1.243020439147949219e+01
9.791586875915527344e+00
1.066010856628417969e+01
1.037041664123535156e+01
9.656910896301269531e+00
9.692592620849609375e+00
1.014333343505859375e+01
1.081374454498291016e+01
1.016343688964843750e+01
8.900731086730957031e+00
8.734682083129882812e+00
8.621451377868652344e+00
7.600746154785156250e+00
7.249565124511718750e+00
8.159976005554199219e+00
7.390715122222900391e+00
5.983021259307861328e+00
6.339703559875488281e+00
5.321793556213378906e+00
6.438097476959228516e+00
5.908637523651123047e+00
6.820070743560791016e+00
7.550213813781738281e+00
7.330221652984619141e+00
7.541754245758056641e+00
5.931738853454589844e+00
6.490332126617431641e+00
6.709032535552978516e+00
6.449781894683837891e+00
6.871698856353759766e+00
6.848211765289306641e+00
6.885434150695800781e+00
6.317828655242919922e+00
7.302767753601074219e+00
6.680659294128417969e+00
6.335717201232910156e+00
6.315643310546875000e+00
6.545248985290527344e+00
5.141810894012451172e+00
5.611861228942871094e+00
5.601798534393310547e+00
5.510093688964843750e+00
3.915894746780395508e+00
3.421826839447021484e+00
3.451900959014892578e+00
2.618138551712036133e+00
3.020801544189453125e+00
2.399767160415649414e+00
2.015474796295166016e+00
3.305680036544799805e+00
3.436195373535156250e+00
3.429571628570556641e+00
3.592222929000854492e+00
4.185950279235839844e+00
4.697476387023925781e+00
5.450506210327148438e+00
4.783984184265136719e+00
5.335456371307373047e+00
5.772387027740478516e+00
5.232789039611816406e+00
5.894213199615478516e+00
6.332388401031494141e+00
6.578195095062255859e+00
7.655538082122802734e+00
8.062416076660156250e+00
8.530632019042968750e+00
8.922796249389648438e+00
8.551964759826660156e+00
8.329332351684570312e+00
8.438793182373046875e+00
8.521766662597656250e+00
8.300931930541992188e+00
8.806807518005371094e+00
7.980674743652343750e+00
7.144169807434082031e+00
6.732643127441406250e+00
7.320125579833984375e+00
6.602218627929687500e+00
6.512863159179687500e+00
5.706478118896484375e+00
6.329633235931396484e+00
5.080306053161621094e+00
6.034850597381591797e+00
5.970647811889648438e+00
5.443016529083251953e+00
6.816827297210693359e+00
7.659169197082519531e+00
8.587858200073242188e+00
8.746918678283691406e+00
9.767098426818847656e+00
9.688998222351074219e+00
1.024891853332519531e+01
8.894610404968261719e+00
8.698553085327148438e+00
8.733709335327148438e+00
9.345968246459960938e+00
9.365163803100585938e+00
8.837045669555664062e+00
8.853909492492675781e+00
8.969968795776367188e+00
8.775164604187011719e+00
8.841617584228515625e+00
9.023195266723632812e+00
9.560992240905761719e+00
9.114813804626464844e+00
9.299086570739746094e+00
8.260807037353515625e+00
8.391253471374511719e+00
8.262102127075195312e+00
7.529443264007568359e+00
6.663323879241943359e+00
6.049940586090087891e+00
4.926373481750488281e+00
5.564650535583496094e+00
3.498842239379882812e+00
3.742888927459716797e+00
3.045420646667480469e+00
1.816014051437377930e+00
2.214842557907104492e+00
2.114670991897583008e+00
2.681552171707153320e+00
2.918051958084106445e+00
4.316708564758300781e+00
5.499927997589111328e+00
6.280125617980957031e+00
5.811189174652099609e+00
6.292795658111572266e+00
6.573113441467285156e+00
6.820926666259765625e+00
5.575603485107421875e+00
5.848078727722167969e+00
5.869709968566894531e+00
5.684315681457519531e+00
6.257167816162109375e+00
6.431873321533203125e+00
7.081210136413574219e+00
6.596909999847412109e+00
6.749248504638671875e+00
6.903304100036621094e+00
7.476675510406494141e+00
8.052815437316894531e+00
7.034497737884521484e+00
8.061220169067382812e+00
7.184199333190917969e+00
7.090910434722900391e+00
8.073312759399414062e+00
7.593801021575927734e+00
7.462028503417968750e+00
8.144117355346679688e+00
8.224870681762695312e+00
7.630759239196777344e+00
7.408792972564697266e+00
7.558389186859130859e+00
7.141716003417968750e+00
5.408873558044433594e+00
4.938786506652832031e+00
5.098971366882324219e+00
3.919361829757690430e+00
3.918446779251098633e+00
4.862154483795166016e+00
4.221096038818359375e+00
5.431508064270019531e+00
5.016270160675048828e+00
4.990966796875000000e+00
4.655875205993652344e+00
4.839111804962158203e+00
5.250884532928466797e+00
5.609323501586914062e+00
5.236777305603027344e+00
5.824162483215332031e+00
6.451623439788818359e+00
6.586283683776855469e+00
6.790790557861328125e+00
6.568331241607666016e+00
7.185805320739746094e+00
7.536452293395996094e+00
7.206182956695556641e+00
8.347398757934570312e+00
8.104476928710937500e+00
8.657331466674804688e+00
8.980052947998046875e+00
1.005223655700683594e+01
1.069946861267089844e+01
1.134997940063476562e+01
1.095084476470947266e+01
1.004328441619873047e+01
1.038103389739990234e+01
1.008048057556152344e+01
8.569268226623535156e+00
9.163175582885742188e+00
9.732451438903808594e+00
8.933686256408691406e+00
9.930153846740722656e+00
1.010153770446777344e+01
9.715841293334960938e+00
1.066499328613281250e+01
1.109128093719482422e+01
1.124853897094726562e+01
1.192863368988037109e+01
1.316643524169921875e+01
1.201912975311279297e+01
1.251802921295166016e+01
1.208727169036865234e+01
1.152653789520263672e+01
1.046844005584716797e+01
1.097498512268066406e+01
1.043454265594482422e+01
1.089974212646484375e+01
1.101496791839599609e+01
1.105697154998779297e+01
1.102034664154052734e+01
1.179302501678466797e+01
1.205221366882324219e+01
1.146122169494628906e+01
1.099837779998779297e+01
1.031953334808349609e+01
9.217150688171386719e+00
6.634007453918457031e+00
6.893076896667480469e+00
4.978013515472412109e+00
4.236879348754882812e+00
3.583233594894409180e+00
3.784471511840820312e+00
4.348396301269531250e+00
4.266378402709960938e+00
3.868330717086791992e+00
4.050941467285156250e+00
3.793806552886962891e+00
3.800833225250244141e+00
4.224817276000976562e+00
4.512635231018066406e+00
4.506544589996337891e+00
3.585178852081298828e+00
3.494961500167846680e+00
3.840876102447509766e+00
4.854393959045410156e+00
4.748725414276123047e+00
5.467319011688232422e+00
6.035738468170166016e+00
5.179936408996582031e+00
5.640303134918212891e+00
5.281340599060058594e+00
4.649962425231933594e+00
5.425531387329101562e+00
5.298613071441650391e+00
5.353827476501464844e+00
6.778376102447509766e+00
7.848775386810302734e+00
6.875827789306640625e+00
7.739532470703125000e+00
7.432877540588378906e+00
8.366262435913085938e+00
9.494301795959472656e+00
9.204419136047363281e+00
1.090726184844970703e+01
1.267192268371582031e+01
1.311909008026123047e+01
1.417054462432861328e+01
1.418506050109863281e+01
1.485439109802246094e+01
1.445537567138671875e+01
1.478329181671142578e+01
1.527581310272216797e+01
1.514488697052001953e+01
1.555805778503417969e+01
1.512677478790283203e+01
1.447948455810546875e+01
1.463802051544189453e+01
1.384194183349609375e+01
1.358376789093017578e+01
1.253146362304687500e+01
1.137002277374267578e+01
1.101091384887695312e+01
1.027136898040771484e+01
1.031038856506347656e+01
8.887921333312988281e+00
7.914762973785400391e+00
8.899843215942382812e+00
8.668395996093750000e+00
7.092961788177490234e+00
6.770782470703125000e+00
5.841709613800048828e+00
6.767312049865722656e+00
6.364942550659179688e+00
7.179658412933349609e+00
7.682534217834472656e+00
8.509922027587890625e+00
9.049077987670898438e+00
9.593525886535644531e+00
1.038841438293457031e+01
1.210547256469726562e+01
1.245125389099121094e+01
1.195207405090332031e+01
1.284570312500000000e+01
1.185587978363037109e+01
1.104902172088623047e+01
1.192481040954589844e+01
1.234859657287597656e+01
1.292028045654296875e+01
1.338620948791503906e+01
1.320650672912597656e+01
1.399899864196777344e+01
1.410181713104248047e+01
1.405728340148925781e+01
1.309150695800781250e+01
1.301269531250000000e+01
1.288941001892089844e+01
1.291422557830810547e+01
1.188225650787353516e+01
1.072499465942382812e+01
1.024412536621093750e+01
9.778240203857421875e+00
9.235963821411132812e+00
7.660794734954833984e+00
8.275559425354003906e+00
8.038206100463867188e+00
8.310769081115722656e+00
8.284868240356445312e+00
8.773846626281738281e+00
9.142483711242675781e+00
8.461478233337402344e+00
8.957579612731933594e+00
9.745399475097656250e+00
1.060186576843261719e+01
1.090587902069091797e+01
1.073668003082275391e+01
9.615191459655761719e+00
1.012453746795654297e+01
9.155676841735839844e+00
9.137815475463867188e+00
9.839805603027343750e+00
9.981252670288085938e+00
1.142410659790039062e+01
1.160396003723144531e+01
1.179090690612792969e+01
1.260448265075683594e+01
1.320308685302734375e+01
1.326123237609863281e+01
1.314693450927734375e+01
1.255306148529052734e+01
1.333572959899902344e+01
1.384420967102050781e+01
1.402203655242919922e+01
1.281783103942871094e+01
1.431883811950683594e+01
1.391912841796875000e+01
1.453750896453857422e+01
1.496356964111328125e+01
1.440416145324707031e+01
1.393329811096191406e+01
1.328107452392578125e+01
1.357659626007080078e+01
1.322603893280029297e+01
1.210151576995849609e+01
1.124137115478515625e+01
1.108579826354980469e+01
1.085824394226074219e+01
1.031565570831298828e+01
9.525853157043457031e+00
8.330875396728515625e+00
7.598107337951660156e+00
7.221776008605957031e+00
6.331359386444091797e+00
5.614312171936035156e+00
6.179828643798828125e+00
5.831929683685302734e+00
6.305361270904541016e+00
6.165778636932373047e+00
7.639073848724365234e+00
8.165586471557617188e+00
8.193055152893066406e+00
9.090747833251953125e+00
1.010132312774658203e+01
9.820860862731933594e+00
1.041734504699707031e+01
9.451572418212890625e+00
1.092388725280761719e+01
1.014374732971191406e+01
1.052217578887939453e+01
1.033142662048339844e+01
9.626066207885742188e+00
1.172713756561279297e+01
1.214017677307128906e+01
1.236679840087890625e+01
1.194419670104980469e+01
1.204818344116210938e+01
1.183447074890136719e+01
1.093936157226562500e+01
1.038445377349853516e+01
1.075966358184814453e+01
1.051447391510009766e+01
9.624146461486816406e+00
9.049289703369140625e+00
8.637725830078125000e+00
8.943284988403320312e+00
8.964258193969726562e+00
9.333744049072265625e+00
9.870711326599121094e+00
8.917680740356445312e+00
9.364947319030761719e+00
1.013897514343261719e+01
1.086645221710205078e+01
1.151866149902343750e+01
1.117862129211425781e+01
1.068349266052246094e+01
1.048633384704589844e+01
1.170829772949218750e+01
1.131819343566894531e+01
1.221911048889160156e+01
1.244548511505126953e+01
1.317986297607421875e+01
1.267823219299316406e+01
1.314162158966064453e+01
1.168133831024169922e+01
1.136750316619873047e+01
1.091910648345947266e+01
1.043749809265136719e+01
1.027569770812988281e+01
1.062303733825683594e+01
9.728371620178222656e+00
9.290406227111816406e+00
9.246240615844726562e+00
8.107926368713378906e+00
8.091193199157714844e+00
7.985073089599609375e+00
7.340163230895996094e+00
7.095644950866699219e+00
7.053728580474853516e+00
8.434185028076171875e+00
7.936223506927490234e+00
8.581750869750976562e+00
7.153249263763427734e+00
7.726683139801025391e+00
7.699627876281738281e+00
7.659551143646240234e+00
8.406553268432617188e+00
9.074378013610839844e+00
8.018453598022460938e+00
8.419447898864746094e+00
7.343031406402587891e+00
7.962574958801269531e+00
8.007366180419921875e+00
8.439580917358398438e+00
8.974884033203125000e+00
1.013843250274658203e+01
1.068495750427246094e+01
1.102788257598876953e+01
1.073562240600585938e+01
1.175228214263916016e+01
1.165735435485839844e+01
1.199762916564941406e+01
1.143961238861083984e+01
1.108071708679199219e+01
1.189821338653564453e+01
1.159785175323486328e+01
1.087687206268310547e+01
1.080143356323242188e+01
1.101589298248291016e+01
9.984372138977050781e+00
9.273225784301757812e+00
9.713336944580078125e+00
8.894365310668945312e+00
8.891034126281738281e+00
9.016673088073730469e+00
9.878772735595703125e+00
9.723245620727539062e+00
9.452951431274414062e+00
9.849103927612304688e+00
9.248380661010742188e+00
9.564541816711425781e+00
9.665378570556640625e+00
9.875477790832519531e+00
1.068264961242675781e+01
1.106416130065917969e+01
1.113743877410888672e+01
1.110968780517578125e+01
1.047969245910644531e+01
9.785364151000976562e+00
1.091667461395263672e+01
1.015716552734375000e+01
9.870025634765625000e+00
9.782087326049804688e+00
9.705656051635742188e+00
9.334640502929687500e+00
9.110450744628906250e+00
9.133935928344726562e+00
8.834337234497070312e+00
9.031470298767089844e+00
8.245085716247558594e+00
8.296308517456054688e+00
8.289362907409667969e+00
6.965548038482666016e+00
6.497653961181640625e+00
6.804362297058105469e+00
6.098021507263183594e+00
6.629269599914550781e+00
6.570784091949462891e+00
6.661506652832031250e+00
6.491385459899902344e+00
6.628462791442871094e+00
6.676083564758300781e+00
5.846787929534912109e+00
7.022908687591552734e+00
7.413688659667968750e+00
8.160096168518066406e+00
8.743946075439453125e+00
8.926439285278320312e+00
9.086203575134277344e+00
8.956542968750000000e+00
9.480802536010742188e+00
9.575178146362304688e+00
8.553440093994140625e+00
8.164678573608398438e+00
8.712228775024414062e+00
7.727073669433593750e+00
7.801943778991699219e+00
7.661161899566650391e+00
7.339062690734863281e+00
5.816546440124511719e+00
5.576786994934082031e+00
5.610978126525878906e+00
5.667554855346679688e+00
5.756609916687011719e+00
6.064976692199707031e+00
5.987704277038574219e+00
6.439233303070068359e+00
5.833693504333496094e+00
5.765804767608642578e+00
4.870759010314941406e+00
5.687884330749511719e+00
6.257715702056884766e+00
6.054661750793457031e+00
6.217507839202880859e+00
6.943631649017333984e+00
8.397943496704101562e+00
7.938024044036865234e+00
8.520080566406250000e+00
8.105475425720214844e+00
8.974511146545410156e+00
8.423097610473632812e+00
9.011083602905273438e+00
9.871612548828125000e+00
1.025898742675781250e+01
1.059823322296142578e+01
1.103437995910644531e+01
1.164384460449218750e+01
1.247592258453369141e+01
1.268647861480712891e+01
1.279517841339111328e+01
1.287784862518310547e+01
1.337181663513183594e+01
1.344989013671875000e+01
1.355578899383544922e+01
1.425308513641357422e+01
1.480231189727783203e+01
1.510720348358154297e+01
1.541177845001220703e+01
1.592486286163330078e+01
1.609909439086914062e+01
1.587763214111328125e+01
1.515262889862060547e+01
1.555067443847656250e+01
1.639863586425781250e+01
1.571794891357421875e+01
1.660565185546875000e+01
1.674041748046875000e+01
1.710893440246582031e+01
1.785105133056640625e+01
1.882048416137695312e+01
1.953836441040039062e+01
1.946521377563476562e+01
1.895615386962890625e+01
1.966898155212402344e+01
1.978349494934082031e+01
1.962020301818847656e+01
1.942702865600585938e+01
1.774542236328125000e+01
1.734825515747070312e+01
1.702263450622558594e+01
1.476699256896972656e+01
1.433926391601562500e+01
1.319751453399658203e+01
1.100649166107177734e+01
9.875544548034667969e+00
8.674218177795410156e+00
7.502008914947509766e+00
6.477953433990478516e+00
5.882521629333496094e+00
5.889737129211425781e+00
5.488814830780029297e+00
5.735919475555419922e+00
6.055583477020263672e+00
7.064019203186035156e+00
6.494797706604003906e+00
7.633509159088134766e+00
7.872309207916259766e+00
7.463350772857666016e+00
8.296724319458007812e+00
7.749154567718505859e+00
7.084693908691406250e+00
6.211765766143798828e+00
6.641148567199707031e+00
7.219912528991699219e+00
8.179511070251464844e+00
7.615941524505615234e+00
8.174127578735351562e+00
7.341098785400390625e+00
7.512814521789550781e+00
7.365800380706787109e+00
7.187919616699218750e+00
7.039945125579833984e+00
7.744102478027343750e+00
8.083285331726074219e+00
6.900463104248046875e+00
6.884780883789062500e+00
6.879918575286865234e+00
6.885817050933837891e+00
8.389606475830078125e+00
8.433938026428222656e+00
8.144253730773925781e+00
8.832609176635742188e+00
8.505922317504882812e+00
9.202009201049804688e+00
9.134025573730468750e+00
9.116057395935058594e+00
9.616106033325195312e+00
9.913302421569824219e+00
1.039079475402832031e+01
1.050934123992919922e+01
1.006064128875732422e+01
9.305486679077148438e+00
8.823804855346679688e+00
9.618188858032226562e+00
1.003205585479736328e+01
1.011512088775634766e+01
1.073199844360351562e+01
1.066687202453613281e+01
1.018876457214355469e+01
8.552952766418457031e+00
8.935438156127929688e+00
7.862381935119628906e+00
7.258009910583496094e+00
6.564640045166015625e+00
5.910505294799804688e+00
5.104177474975585938e+00
5.596903800964355469e+00
5.017835140228271484e+00
5.527191162109375000e+00
5.830499649047851562e+00
6.248273849487304688e+00
6.321959495544433594e+00
6.317196846008300781e+00
7.994355201721191406e+00
7.873805999755859375e+00
8.257928848266601562e+00
7.292448997497558594e+00
7.611017704010009766e+00
7.795467376708984375e+00
7.420271873474121094e+00
7.361991882324218750e+00
7.605800628662109375e+00
7.144291877746582031e+00
6.990779876708984375e+00
7.517537117004394531e+00
7.877263069152832031e+00
8.493290901184082031e+00
8.415154457092285156e+00
9.088502883911132812e+00
8.787647247314453125e+00
9.303349494934082031e+00
1.057844161987304688e+01
1.253065872192382812e+01
1.422961711883544922e+01
1.453564643859863281e+01
1.393806171417236328e+01
1.442707061767578125e+01
1.365465736389160156e+01
1.371344184875488281e+01
1.395718383789062500e+01
1.409287452697753906e+01
1.429732799530029297e+01
1.416502666473388672e+01
1.448321056365966797e+01
1.372896766662597656e+01
1.521619701385498047e+01
1.481038856506347656e+01
1.586242485046386719e+01
1.592474555969238281e+01
1.671323776245117188e+01
1.649444389343261719e+01
1.705371284484863281e+01
1.629369544982910156e+01
1.672560501098632812e+01
1.659904861450195312e+01
1.543910980224609375e+01
1.628822326660156250e+01
1.604639053344726562e+01
1.611513519287109375e+01
1.690227699279785156e+01
1.614210510253906250e+01
1.682579040527343750e+01
1.701427078247070312e+01
1.605583953857421875e+01
1.611112785339355469e+01
1.550640869140625000e+01
1.568820190429687500e+01
1.590088367462158203e+01
1.629580307006835938e+01
1.622192192077636719e+01
1.620571899414062500e+01
1.467171669006347656e+01
1.406872844696044922e+01
1.449025154113769531e+01
1.393342399597167969e+01
1.299954223632812500e+01
1.325516223907470703e+01
1.378947925567626953e+01
1.468740558624267578e+01
1.450801277160644531e+01
1.428048419952392578e+01
1.468023681640625000e+01
1.503991699218750000e+01
1.536585521697998047e+01
1.541685485839843750e+01
1.598238945007324219e+01
1.707808113098144531e+01
1.750401687622070312e+01
1.821359634399414062e+01
1.868558692932128906e+01
1.867674827575683594e+01
1.888858222961425781e+01
1.828903961181640625e+01
1.865041542053222656e+01
1.770153427124023438e+01
1.762734222412109375e+01
1.735976028442382812e+01
1.626265716552734375e+01
1.636512374877929688e+01
1.550606822967529297e+01
1.506611156463623047e+01
1.356037902832031250e+01
1.462868785858154297e+01
1.539055919647216797e+01
1.574027442932128906e+01
1.578072071075439453e+01
1.590774059295654297e+01
1.659786415100097656e+01
1.751155471801757812e+01
1.794028091430664062e+01
1.885792541503906250e+01
1.871492004394531250e+01
1.843632888793945312e+01
1.901200866699218750e+01
1.865288162231445312e+01
1.929711341857910156e+01
1.913712882995605469e+01
1.924454498291015625e+01
1.867596817016601562e+01
1.815180778503417969e+01
1.684718513488769531e+01
1.669850540161132812e+01
1.540563392639160156e+01
1.521045494079589844e+01
1.490701866149902344e+01
1.383174896240234375e+01
1.362483787536621094e+01
1.389816856384277344e+01
1.329151725769042969e+01
1.400291919708251953e+01
1.368702411651611328e+01
1.390499305725097656e+01
1.384647941589355469e+01
1.477119445800781250e+01
1.518164253234863281e+01
1.557042884826660156e+01
1.654278564453125000e+01
1.718860244750976562e+01
1.676275444030761719e+01
1.612318038940429688e+01
1.444086456298828125e+01
1.325583076477050781e+01
1.189196586608886719e+01
1.176297855377197266e+01
1.089866065979003906e+01
1.136427593231201172e+01
1.073540687561035156e+01
1.201971626281738281e+01
1.160292243957519531e+01
1.223836708068847656e+01
1.325033855438232422e+01
1.254910087585449219e+01
1.254207611083984375e+01
1.238943767547607422e+01
1.232150268554687500e+01
1.209997653961181641e+01
1.357285785675048828e+01
1.486956787109375000e+01
1.518292522430419922e+01
1.547260475158691406e+01
1.567466259002685547e+01
1.527560615539550781e+01
1.526958465576171875e+01
1.582475471496582031e+01
1.528588676452636719e+01
1.559903144836425781e+01
1.462610435485839844e+01
1.454815387725830078e+01
1.406330394744873047e+01
1.446556663513183594e+01
1.504457283020019531e+01
1.628525543212890625e+01
1.683497810363769531e+01
1.664146995544433594e+01
1.603964614868164062e+01
1.605469894409179688e+01
1.672915458679199219e+01
1.683584594726562500e+01
1.558755970001220703e+01
1.527153205871582031e+01
1.500430583953857422e+01
1.402050590515136719e+01
1.331881237030029297e+01
1.279089832305908203e+01
1.283489704132080078e+01
1.205749702453613281e+01
1.176328182220458984e+01
1.228022384643554688e+01
1.167184829711914062e+01
1.179766750335693359e+01
1.207935142517089844e+01
1.204375839233398438e+01
1.104534339904785156e+01
1.094143295288085938e+01
1.049314308166503906e+01
9.636538505554199219e+00
1.050851440429687500e+01
1.005234050750732422e+01
1.003191947937011719e+01
9.676767349243164062e+00
1.045195674896240234e+01
1.127942943572998047e+01
1.074727535247802734e+01
1.097596454620361328e+01
1.068785572052001953e+01
1.020484542846679688e+01
9.546282768249511719e+00
9.693528175354003906e+00
9.498618125915527344e+00
9.128414154052734375e+00
9.276425361633300781e+00
7.962064266204833984e+00
8.094877243041992188e+00
8.343080520629882812e+00
7.915677070617675781e+00
8.775541305541992188e+00
9.803873062133789062e+00
1.054246330261230469e+01
9.984701156616210938e+00
1.055459308624267578e+01
1.085369873046875000e+01
1.046011161804199219e+01
1.109681510925292969e+01
1.107493400573730469e+01
1.121180725097656250e+01
1.086847782135009766e+01
1.148038959503173828e+01
1.188679790496826172e+01
1.198005771636962891e+01
1.128736972808837891e+01
1.144085216522216797e+01
1.205797481536865234e+01
1.091120338439941406e+01
1.179010200500488281e+01
1.111771774291992188e+01
1.126247596740722656e+01
1.081886100769042969e+01
1.117575073242187500e+01
9.454907417297363281e+00
1.084535217285156250e+01
1.088873863220214844e+01
1.018766880035400391e+01
1.058441352844238281e+01
9.542853355407714844e+00
1.075708198547363281e+01
9.696016311645507812e+00
1.103587627410888672e+01
9.916712760925292969e+00
1.091546058654785156e+01
1.170468425750732422e+01
1.103168296813964844e+01
1.199843788146972656e+01
1.214819717407226562e+01
1.151680564880371094e+01
9.738958358764648438e+00
9.905514717102050781e+00
1.068964958190917969e+01
1.131186485290527344e+01
1.126598930358886719e+01
1.257422065734863281e+01
1.410853862762451172e+01
1.477535724639892578e+01
1.399040794372558594e+01
1.567768573760986328e+01
1.612104034423828125e+01
1.618797111511230469e+01
1.679919052124023438e+01
1.820592880249023438e+01
1.808976936340332031e+01
1.791091346740722656e+01
1.849677085876464844e+01
1.892570877075195312e+01
1.840465927124023438e+01
1.812669372558593750e+01
1.722101020812988281e+01
1.874200630187988281e+01
1.826310348510742188e+01
1.838174057006835938e+01
1.805453109741210938e+01
1.884254264831542969e+01
1.878059768676757812e+01
1.977687454223632812e+01
1.907550430297851562e+01
1.784569168090820312e+01
1.835759353637695312e+01
1.985171127319335938e+01
1.880952072143554688e+01
1.836717605590820312e+01
1.894055747985839844e+01
1.697014045715332031e+01
1.753803062438964844e+01
1.753182411193847656e+01
1.662068367004394531e+01
1.613434219360351562e+01
1.649055862426757812e+01
1.661349296569824219e+01
1.600144195556640625e+01
1.720333671569824219e+01
1.774151992797851562e+01
1.812112808227539062e+01
1.851571464538574219e+01
1.917392921447753906e+01
1.909406852722167969e+01
1.796297264099121094e+01
1.834814834594726562e+01
1.762020492553710938e+01
1.787244033813476562e+01
1.681136131286621094e+01
1.645656776428222656e+01
1.668603515625000000e+01
1.624748420715332031e+01
1.691163444519042969e+01
1.747121429443359375e+01
1.797809028625488281e+01
1.808664703369140625e+01
1.718483161926269531e+01
1.655986976623535156e+01
1.592742156982421875e+01
1.558705902099609375e+01
1.440807819366455078e+01
1.416740894317626953e+01
1.397494506835937500e+01
1.361750030517578125e+01
1.441046905517578125e+01
1.530618476867675781e+01
1.496414470672607422e+01
1.485404014587402344e+01
1.545044994354248047e+01
1.541039848327636719e+01
1.568219184875488281e+01
1.612223434448242188e+01
1.571802711486816406e+01
1.606698417663574219e+01
1.595511150360107422e+01
1.629608726501464844e+01
1.712112236022949219e+01
1.621917533874511719e+01
1.610379219055175781e+01
1.695055770874023438e+01
1.646304130554199219e+01
1.590782165527343750e+01
1.550626945495605469e+01
1.536404895782470703e+01
1.490108776092529297e+01
1.481932067871093750e+01
1.325770759582519531e+01
1.503256511688232422e+01
1.582323265075683594e+01
1.568212604522705078e+01
1.544451141357421875e+01
1.524394416809082031e+01
1.430181694030761719e+01
1.433765983581542969e+01
1.470631408691406250e+01
1.345902538299560547e+01
1.381792259216308594e+01
1.463426017761230469e+01
1.298794364929199219e+01
1.350057220458984375e+01
1.339687347412109375e+01
1.388008403778076172e+01
1.487835216522216797e+01
1.458604717254638672e+01
1.522800445556640625e+01
1.653542900085449219e+01
1.711281967163085938e+01
1.676266479492187500e+01
1.750222778320312500e+01
1.813158988952636719e+01
1.786818313598632812e+01
1.801358795166015625e+01
1.818267631530761719e+01
1.829452896118164062e+01
1.775525093078613281e+01
1.722779846191406250e+01
1.643772506713867188e+01
1.586305713653564453e+01
1.644078445434570312e+01
1.558946514129638672e+01
1.617865753173828125e+01
1.553756141662597656e+01
1.580024147033691406e+01
1.555523681640625000e+01
1.628229904174804688e+01
1.514384174346923828e+01
1.620836067199707031e+01
1.625292968750000000e+01
1.653400802612304688e+01
1.655118560791015625e+01
1.530539989471435547e+01
1.562112236022949219e+01
1.629488563537597656e+01
1.563039684295654297e+01
1.641359901428222656e+01
1.631161880493164062e+01
1.623234939575195312e+01
1.629191017150878906e+01
1.636079406738281250e+01
1.567517089843750000e+01
1.601954650878906250e+01
1.672923851013183594e+01
1.660136032104492188e+01
1.652234077453613281e+01
1.586342906951904297e+01
1.547878074645996094e+01
1.576241493225097656e+01
1.515042304992675781e+01
1.459322547912597656e+01
1.202686882019042969e+01
1.304898548126220703e+01
1.187284564971923828e+01
1.108703613281250000e+01
1.194080257415771484e+01
9.599732398986816406e+00
9.775982856750488281e+00
8.289080619812011719e+00
8.317066192626953125e+00
8.992101669311523438e+00
8.545035362243652344e+00
8.981387138366699219e+00
8.988515853881835938e+00
9.684156417846679688e+00
9.307484626770019531e+00
9.913118362426757812e+00
9.593889236450195312e+00
1.034975910186767578e+01
1.034223842620849609e+01
1.025741386413574219e+01
1.035104179382324219e+01
1.095963478088378906e+01
1.210099601745605469e+01
1.104762268066406250e+01
1.097509288787841797e+01
1.107827854156494141e+01
1.070668029785156250e+01
1.057756996154785156e+01
1.115337085723876953e+01
1.041767692565917969e+01
1.067508220672607422e+01
9.861890792846679688e+00
9.573509216308593750e+00
9.407358169555664062e+00
9.264291763305664062e+00
9.077257156372070312e+00
9.225727081298828125e+00
8.291730880737304688e+00
7.547368526458740234e+00
7.200617313385009766e+00
7.782028198242187500e+00
8.767835617065429688e+00
7.949294090270996094e+00
7.804363250732421875e+00
7.434456825256347656e+00
7.136080741882324219e+00
8.050291061401367188e+00
7.706156253814697266e+00
7.414465904235839844e+00
7.000878810882568359e+00
7.599459648132324219e+00
8.607244491577148438e+00
8.175045013427734375e+00
8.222324371337890625e+00
7.857229709625244141e+00
8.482423782348632812e+00
7.752717018127441406e+00
7.995458126068115234e+00
8.505435943603515625e+00
7.742621421813964844e+00
7.408354282379150391e+00
8.588203430175781250e+00
9.592411041259765625e+00
9.121973991394042969e+00
9.970114707946777344e+00
9.549719810485839844e+00
1.035504817962646484e+01
1.043986034393310547e+01
1.028003597259521484e+01
9.312608718872070312e+00
9.183560371398925781e+00
9.338403701782226562e+00
9.477071762084960938e+00
9.299071311950683594e+00
9.502743721008300781e+00
9.267768859863281250e+00
9.707062721252441406e+00
1.083810615539550781e+01
1.180204772949218750e+01
1.105860996246337891e+01
1.226454353332519531e+01
1.192368888854980469e+01
1.212063312530517578e+01
1.175563812255859375e+01
1.254825687408447266e+01
1.326353454589843750e+01
1.204664325714111328e+01
1.246296119689941406e+01
1.209772872924804688e+01
1.237998867034912109e+01
1.291475963592529297e+01
1.378006935119628906e+01
1.549489402770996094e+01
1.588946247100830078e+01
1.631794357299804688e+01
1.709341621398925781e+01
1.616227912902832031e+01
1.688108253479003906e+01
1.665761947631835938e+01
1.670565605163574219e+01
1.653459548950195312e+01
1.499722862243652344e+01
1.414445495605468750e+01
1.271319580078125000e+01
1.193614673614501953e+01
1.134492015838623047e+01
1.036013031005859375e+01
9.600276947021484375e+00
9.265264511108398438e+00
8.527078628540039062e+00
8.959810256958007812e+00
8.947319984436035156e+00
9.180688858032226562e+00
9.332451820373535156e+00
8.951857566833496094e+00
1.092128944396972656e+01
9.847143173217773438e+00
9.649827003479003906e+00
1.060819530487060547e+01
1.066165542602539062e+01
1.101692390441894531e+01
9.882138252258300781e+00
9.235427856445312500e+00
9.764187812805175781e+00
9.881683349609375000e+00
8.831977844238281250e+00
9.800132751464843750e+00
8.683523178100585938e+00
9.114855766296386719e+00
1.011390590667724609e+01
9.592306137084960938e+00
8.523166656494140625e+00
9.171236038208007812e+00
8.972944259643554688e+00
7.516536712646484375e+00
7.364694118499755859e+00
7.975525856018066406e+00
7.549025535583496094e+00
6.773169517517089844e+00
7.404053688049316406e+00
7.515013694763183594e+00
8.321246147155761719e+00
8.439729690551757812e+00
7.922509193420410156e+00
8.227492332458496094e+00
8.514191627502441406e+00
7.690593719482421875e+00
7.792510032653808594e+00
6.768355369567871094e+00
6.556432247161865234e+00
5.340694427490234375e+00
4.573328971862792969e+00
4.873377799987792969e+00
5.533666133880615234e+00
5.265152931213378906e+00
5.673913002014160156e+00
5.093236446380615234e+00
6.167345046997070312e+00
5.871493339538574219e+00
6.380770206451416016e+00
5.775639057159423828e+00
7.068159580230712891e+00
5.882808685302734375e+00
6.618485927581787109e+00
7.051700592041015625e+00
7.062407016754150391e+00
7.066896915435791016e+00
6.579729557037353516e+00
6.762307643890380859e+00
5.997733116149902344e+00
5.447202682495117188e+00
4.232224464416503906e+00
3.913564682006835938e+00
3.297625303268432617e+00
3.181391239166259766e+00
2.462811470031738281e+00
2.796183347702026367e+00
2.466204881668090820e+00
2.740690708160400391e+00
1.386898756027221680e+00
1.500474214553833008e+00
2.599167346954345703e+00
3.187818765640258789e+00
2.018141031265258789e+00
2.110988140106201172e+00
2.459707260131835938e+00
3.059768199920654297e+00
4.758445262908935547e+00
5.335461139678955078e+00
5.271583557128906250e+00
5.786858081817626953e+00
6.582154273986816406e+00
6.813237190246582031e+00
6.421086788177490234e+00
6.717012882232666016e+00
7.975856781005859375e+00
7.350564002990722656e+00
8.098806381225585938e+00
7.414102077484130859e+00
7.810962677001953125e+00
8.106523513793945312e+00
8.592309951782226562e+00
8.207035064697265625e+00
8.667326927185058594e+00
8.742363929748535156e+00
8.229650497436523438e+00
8.732526779174804688e+00
9.733423233032226562e+00
1.070966148376464844e+01
1.097826766967773438e+01
1.092170906066894531e+01
1.155247497558593750e+01
1.191021442413330078e+01
1.191487026214599609e+01
1.265035915374755859e+01
1.288659191131591797e+01
1.122104454040527344e+01
1.094446182250976562e+01
9.816513061523437500e+00
9.358477592468261719e+00
8.632314682006835938e+00
9.230395317077636719e+00
8.593626022338867188e+00
8.123193740844726562e+00
8.602471351623535156e+00
8.550241470336914062e+00
9.372287750244140625e+00
9.395617485046386719e+00
1.049250888824462891e+01
1.148467826843261719e+01
1.203663158416748047e+01
1.230138206481933594e+01
1.162141895294189453e+01
1.137025928497314453e+01
1.042023372650146484e+01
9.155449867248535156e+00
8.895505905151367188e+00
8.991941452026367188e+00
9.942433357238769531e+00
9.096744537353515625e+00
8.004483222961425781e+00
7.826097011566162109e+00
8.591440200805664062e+00
8.393950462341308594e+00
9.424115180969238281e+00
9.031623840332031250e+00
8.636610031127929688e+00
9.056119918823242188e+00
8.866284370422363281e+00
8.635724067687988281e+00
8.119363784790039062e+00
7.461017608642578125e+00
7.638547420501708984e+00
8.065927505493164062e+00
8.323950767517089844e+00
7.765551090240478516e+00
7.543322563171386719e+00
7.124935150146484375e+00
7.204454898834228516e+00
7.612938880920410156e+00
7.808098793029785156e+00
6.855471611022949219e+00
7.391026973724365234e+00
7.642786502838134766e+00
7.414710998535156250e+00
8.454877853393554688e+00
8.228713035583496094e+00
9.062191009521484375e+00
9.599291801452636719e+00
9.801830291748046875e+00
1.068287849426269531e+01
9.642147064208984375e+00
1.003097152709960938e+01
1.099832344055175781e+01
1.112290763854980469e+01
1.075558280944824219e+01
1.100925254821777344e+01
1.115429496765136719e+01
1.127602195739746094e+01
1.156361007690429688e+01
1.200384426116943359e+01
1.213378238677978516e+01
1.204962730407714844e+01
1.102451515197753906e+01
1.056089973449707031e+01
1.129849529266357422e+01
1.041670227050781250e+01
1.057247447967529297e+01
1.072097873687744141e+01
1.132530307769775391e+01
1.164006710052490234e+01
1.159654045104980469e+01
1.076150035858154297e+01
1.094776153564453125e+01
1.148698902130126953e+01
1.190441799163818359e+01
1.129594612121582031e+01
1.021210002899169922e+01
1.065664768218994141e+01
9.784708023071289062e+00
8.878526687622070312e+00
9.000656127929687500e+00
9.133886337280273438e+00
9.216794967651367188e+00
8.751383781433105469e+00
1.041878795623779297e+01
9.788996696472167969e+00
9.672053337097167969e+00
1.116234016418457031e+01
1.082285594940185547e+01
1.186901664733886719e+01
1.199599266052246094e+01
1.247253704071044922e+01
1.279179096221923828e+01
1.323587989807128906e+01
1.416370391845703125e+01
1.462549304962158203e+01
1.425710487365722656e+01
1.485654163360595703e+01
1.441552162170410156e+01
1.385764789581298828e+01
1.359887218475341797e+01
1.282421588897705078e+01
1.170371818542480469e+01
9.814486503601074219e+00
9.465221405029296875e+00
8.952597618103027344e+00
7.862067222595214844e+00
7.368348598480224609e+00
7.626662254333496094e+00
7.677088260650634766e+00
8.508701324462890625e+00
9.123319625854492188e+00
9.077734947204589844e+00
9.085101127624511719e+00
8.085409164428710938e+00
8.390410423278808594e+00
8.200670242309570312e+00
7.969078063964843750e+00
7.459045410156250000e+00
6.323910236358642578e+00
5.613069534301757812e+00
5.169195652008056641e+00
5.826284885406494141e+00
5.077659130096435547e+00
4.660237312316894531e+00
5.562087059020996094e+00
4.868688106536865234e+00
5.208581447601318359e+00
4.597547054290771484e+00
5.791748523712158203e+00
6.054568767547607422e+00
5.977475166320800781e+00
6.842568874359130859e+00
6.855469703674316406e+00
7.181207180023193359e+00
6.317211627960205078e+00
6.789414882659912109e+00
7.156993865966796875e+00
7.612453460693359375e+00
8.224952697753906250e+00
8.862957000732421875e+00
9.177675247192382812e+00
9.967557907104492188e+00
9.780162811279296875e+00
1.078380203247070312e+01
1.037052631378173828e+01
1.178331947326660156e+01
1.074563503265380859e+01
1.222142601013183594e+01
1.230353164672851562e+01
1.341385650634765625e+01
1.329144763946533203e+01
1.292051410675048828e+01
1.325657844543457031e+01
1.485071086883544922e+01
1.525718402862548828e+01
1.578322410583496094e+01
1.516828632354736328e+01
1.452746105194091797e+01
1.426197052001953125e+01
1.337022399902343750e+01
1.341657066345214844e+01
1.308154773712158203e+01
1.354221534729003906e+01
1.293810462951660156e+01
1.158884811401367188e+01
1.104528236389160156e+01
1.034751033782958984e+01
9.220106124877929688e+00
8.675991058349609375e+00
8.336256027221679688e+00
8.529241561889648438e+00
7.800128936767578125e+00
7.707233428955078125e+00
6.484248161315917969e+00
6.801075935363769531e+00
6.284136295318603516e+00
5.548088073730468750e+00
5.168349266052246094e+00
4.668639183044433594e+00
6.341533660888671875e+00
6.678639888763427734e+00
6.946095943450927734e+00
6.450198173522949219e+00
6.700927734375000000e+00
5.721816062927246094e+00
5.585266113281250000e+00
5.161287784576416016e+00
4.629602432250976562e+00
4.699538707733154297e+00
4.318869590759277344e+00
3.839841127395629883e+00
3.602265834808349609e+00
3.129746675491333008e+00
3.191885709762573242e+00
3.485043764114379883e+00
4.414597511291503906e+00
4.784590721130371094e+00
5.296998023986816406e+00
5.551602363586425781e+00
5.699226856231689453e+00
6.357770919799804688e+00
6.972949981689453125e+00
7.110253334045410156e+00
7.291015625000000000e+00
6.772295475006103516e+00
7.890793800354003906e+00
8.935824394226074219e+00
9.331804275512695312e+00
9.170212745666503906e+00
9.364500999450683594e+00
1.030191612243652344e+01
1.074283504486083984e+01
1.076568508148193359e+01
1.086451911926269531e+01
1.087930393218994141e+01
1.062248992919921875e+01
1.037547206878662109e+01
1.132155799865722656e+01
1.083345508575439453e+01
1.066914844512939453e+01
1.054185104370117188e+01
9.582168579101562500e+00
9.892926216125488281e+00
1.043594837188720703e+01
1.043165683746337891e+01
1.013773536682128906e+01
9.337301254272460938e+00
9.565133094787597656e+00
8.914819717407226562e+00
9.073667526245117188e+00
8.472122192382812500e+00
8.095640182495117188e+00
7.712373256683349609e+00
7.807298183441162109e+00
7.169385433197021484e+00
6.583573341369628906e+00
8.113206863403320312e+00
8.509222030639648438e+00
7.991665840148925781e+00
8.044355392456054688e+00
6.935277462005615234e+00
7.071869850158691406e+00
5.763912200927734375e+00
5.580554485321044922e+00
4.250102043151855469e+00
4.290766239166259766e+00
3.487303972244262695e+00
3.714237689971923828e+00
3.739907741546630859e+00
4.744449615478515625e+00
3.976593017578125000e+00
4.939877033233642578e+00
4.128844738006591797e+00
2.455104351043701172e+00
2.544373989105224609e+00
2.192972660064697266e+00
1.782893896102905273e+00
1.077012181282043457e+00
1.560747623443603516e+00
8.625636100769042969e-01
9.327569007873535156e-01
1.138106703758239746e+00
1.033093333244323730e+00
2.086513996124267578e+00
2.151936054229736328e+00
2.216815233230590820e+00
2.641121387481689453e+00
2.361381292343139648e+00
2.470727682113647461e+00
3.069629907608032227e+00
1.818558454513549805e+00
1.658808708190917969e+00
1.555225372314453125e+00
2.294219970703125000e+00
2.267331123352050781e+00
3.699583768844604492e+00
3.806802272796630859e+00
4.468161582946777344e+00
4.493056774139404297e+00
5.137408733367919922e+00
5.638532161712646484e+00
6.876807212829589844e+00
7.169479370117187500e+00
7.767843723297119141e+00
7.729249477386474609e+00
8.301920890808105469e+00
8.959484100341796875e+00
8.075233459472656250e+00
8.437901496887207031e+00
8.660703659057617188e+00
9.266041755676269531e+00
9.844861984252929688e+00
1.010319042205810547e+01
1.004456138610839844e+01
1.082434082031250000e+01
1.032429504394531250e+01
1.036503791809082031e+01
1.005684471130371094e+01
7.868706703186035156e+00
9.032945632934570312e+00
7.915650844573974609e+00
8.547981262207031250e+00
8.579048156738281250e+00
7.874224662780761719e+00
8.580039024353027344e+00
8.671782493591308594e+00
9.637182235717773438e+00
8.940289497375488281e+00
1.013697528839111328e+01
1.120360565185546875e+01
1.149649238586425781e+01
1.232878398895263672e+01
1.100150871276855469e+01
1.207829570770263672e+01
1.165250587463378906e+01
1.248407459259033203e+01
1.217022514343261719e+01
1.055317211151123047e+01
1.071946907043457031e+01
1.021681594848632812e+01
1.050937938690185547e+01
1.025460624694824219e+01
9.741448402404785156e+00
1.011413002014160156e+01
1.054775142669677734e+01
1.119074440002441406e+01
1.225661659240722656e+01
1.400056743621826172e+01
1.446356391906738281e+01
1.390652942657470703e+01
1.411837482452392578e+01
1.234008789062500000e+01
1.222549724578857422e+01
1.102811431884765625e+01
9.993250846862792969e+00
9.728122711181640625e+00
1.021615791320800781e+01
9.689595222473144531e+00
1.011429786682128906e+01
1.061838150024414062e+01
1.055529785156250000e+01
1.057927322387695312e+01
1.043565940856933594e+01
1.044104576110839844e+01
9.494449615478515625e+00
9.589521408081054688e+00
9.992071151733398438e+00
9.794105529785156250e+00
1.012159347534179688e+01
9.125410079956054688e+00
8.307929039001464844e+00
8.269702911376953125e+00
8.323128700256347656e+00
8.066267967224121094e+00
8.584238052368164062e+00
8.812820434570312500e+00
9.295003890991210938e+00
9.116010665893554688e+00
8.683812141418457031e+00
8.352942466735839844e+00
8.484290122985839844e+00
8.991186141967773438e+00
9.476546287536621094e+00
1.018714332580566406e+01
1.003974628448486328e+01
9.442176818847656250e+00
1.049566173553466797e+01
1.097120189666748047e+01
1.106794929504394531e+01
1.115196228027343750e+01
1.219780731201171875e+01
1.250990104675292969e+01
1.259863376617431641e+01
1.344287109375000000e+01
1.297787952423095703e+01
1.390443897247314453e+01
1.330609703063964844e+01
1.487565803527832031e+01
1.468554878234863281e+01
1.501087474822998047e+01
1.518567085266113281e+01
1.468061542510986328e+01
1.506648731231689453e+01
1.484648418426513672e+01
1.423119068145751953e+01
1.373287677764892578e+01
1.345940971374511719e+01
1.323318004608154297e+01
1.344046020507812500e+01
1.339879798889160156e+01
1.425369262695312500e+01
1.467645072937011719e+01
1.344394969940185547e+01
1.402042198181152344e+01
1.322036552429199219e+01
1.288811969757080078e+01
1.325735664367675781e+01
1.359822368621826172e+01
1.248163700103759766e+01
1.260446262359619141e+01
1.199127388000488281e+01
1.143484687805175781e+01
1.246667957305908203e+01
1.282196044921875000e+01
1.185081195831298828e+01
1.343239402770996094e+01
1.259217643737792969e+01
1.295818328857421875e+01
1.172065830230712891e+01
1.213584041595458984e+01
1.248077678680419922e+01
1.221247959136962891e+01
1.260641002655029297e+01
1.265949440002441406e+01
1.391338920593261719e+01
1.272140312194824219e+01
1.179882240295410156e+01
1.303605842590332031e+01
1.228289794921875000e+01
1.327221488952636719e+01
1.288912677764892578e+01
1.310913848876953125e+01
1.423114585876464844e+01
1.456661796569824219e+01
1.559094429016113281e+01
1.597722434997558594e+01
1.547321796417236328e+01
1.670790863037109375e+01
1.589771080017089844e+01
1.615061569213867188e+01
1.552407550811767578e+01
1.542954540252685547e+01
1.597948741912841797e+01
1.558428001403808594e+01
1.624050140380859375e+01
1.641168785095214844e+01
1.721970176696777344e+01
1.697856140136718750e+01
1.654639053344726562e+01
1.515482616424560547e+01
1.344897937774658203e+01
1.370985221862792969e+01
1.153153991699218750e+01
1.027536201477050781e+01
9.327522277832031250e+00
8.569463729858398438e+00
8.222230911254882812e+00
8.268754959106445312e+00
8.635174751281738281e+00
8.830946922302246094e+00
9.183372497558593750e+00
8.774747848510742188e+00
1.028932094573974609e+01
9.270758628845214844e+00
1.050822162628173828e+01
9.944046974182128906e+00
8.850395202636718750e+00
7.926920413970947266e+00
8.849687576293945312e+00
8.997823715209960938e+00
8.191953659057617188e+00
8.202010154724121094e+00
8.866883277893066406e+00
9.268035888671875000e+00
9.870508193969726562e+00
1.004659461975097656e+01
1.071329689025878906e+01
1.012208175659179688e+01
9.403883934020996094e+00
9.660971641540527344e+00
1.117456245422363281e+01
1.034975147247314453e+01
1.094522571563720703e+01
1.096025371551513672e+01
1.073509979248046875e+01
1.161060237884521484e+01
1.175566864013671875e+01
1.279464912414550781e+01
1.192732334136962891e+01
1.179260444641113281e+01
1.071939659118652344e+01
9.859812736511230469e+00
9.021643638610839844e+00
9.096519470214843750e+00
7.623185157775878906e+00
6.982732295989990234e+00
6.403853416442871094e+00
6.343812942504882812e+00
6.236983299255371094e+00
7.661431312561035156e+00
8.078585624694824219e+00
8.264895439147949219e+00
9.409178733825683594e+00
1.030113601684570312e+01
1.070192241668701172e+01
9.432992935180664062e+00
1.060013008117675781e+01
1.041660308837890625e+01
1.008875179290771484e+01
9.210958480834960938e+00
8.667448043823242188e+00
8.233955383300781250e+00
7.584143638610839844e+00
7.579916477203369141e+00
7.294858455657958984e+00
6.962693214416503906e+00
6.420201778411865234e+00
7.101477622985839844e+00
7.124085903167724609e+00
6.973295688629150391e+00
7.220950126647949219e+00
5.808166027069091797e+00
6.426905155181884766e+00
6.817417144775390625e+00
7.960932254791259766e+00
7.104685783386230469e+00
7.219636440277099609e+00
7.238254547119140625e+00
7.783586978912353516e+00
7.971484184265136719e+00
8.239586830139160156e+00
7.400351524353027344e+00
8.819675445556640625e+00
9.008098602294921875e+00
9.426023483276367188e+00
9.457406044006347656e+00
8.982137680053710938e+00
8.233181953430175781e+00
8.277344703674316406e+00
7.851796150207519531e+00
7.941659450531005859e+00
7.545156002044677734e+00
8.021271705627441406e+00
8.275508880615234375e+00
8.065982818603515625e+00
8.344055175781250000e+00
1.025679206848144531e+01
1.034273910522460938e+01
1.033816719055175781e+01
9.813899993896484375e+00
9.590206146240234375e+00
8.941086769104003906e+00
9.317791938781738281e+00
8.029494285583496094e+00
8.987224578857421875e+00
7.488480567932128906e+00
8.010048866271972656e+00
9.182020187377929688e+00
8.919396400451660156e+00
9.204734802246093750e+00
7.778137207031250000e+00
7.803471565246582031e+00
7.218636512756347656e+00
8.631139755249023438e+00
7.974266052246093750e+00
8.857416152954101562e+00
9.828527450561523438e+00
9.452881813049316406e+00
9.801397323608398438e+00
9.832116127014160156e+00
9.676076889038085938e+00
9.639749526977539062e+00
9.522554397583007812e+00
9.479136466979980469e+00
9.319532394409179688e+00
8.494444847106933594e+00
8.654277801513671875e+00
8.750598907470703125e+00
9.948422431945800781e+00
8.850250244140625000e+00
9.560578346252441406e+00
9.876363754272460938e+00
9.350377082824707031e+00
9.134371757507324219e+00
9.477424621582031250e+00
8.383408546447753906e+00
8.867932319641113281e+00
9.121156692504882812e+00
8.957135200500488281e+00
8.702147483825683594e+00
9.316023826599121094e+00
1.066956138610839844e+01
1.058438014984130859e+01
1.189754486083984375e+01
1.266866588592529297e+01
1.171871757507324219e+01
1.336835479736328125e+01
1.302565002441406250e+01
1.300719261169433594e+01
1.364664459228515625e+01
1.441013145446777344e+01
1.512171173095703125e+01
1.500180816650390625e+01
1.444379711151123047e+01
1.496392631530761719e+01
1.520633506774902344e+01
1.505719566345214844e+01
1.471307659149169922e+01
1.540543174743652344e+01
1.569871234893798828e+01
1.524872016906738281e+01
1.403957653045654297e+01
1.436722755432128906e+01
1.346109199523925781e+01
1.371756553649902344e+01
1.375291252136230469e+01
1.389069652557373047e+01
1.420921897888183594e+01
1.385647773742675781e+01
1.304957294464111328e+01
1.288871479034423828e+01
1.240789222717285156e+01
1.228516387939453125e+01
1.263633632659912109e+01
1.169097232818603516e+01
1.150387096405029297e+01
1.179650497436523438e+01
1.114339065551757812e+01
1.156271934509277344e+01
1.006014060974121094e+01
9.698484420776367188e+00
9.481007575988769531e+00
1.023436069488525391e+01
9.662928581237792969e+00
9.661264419555664062e+00
1.004625892639160156e+01
1.017670154571533203e+01
1.053227710723876953e+01
1.053161430358886719e+01
1.040481376647949219e+01
9.713437080383300781e+00
9.943113327026367188e+00
7.926793575286865234e+00
7.390542030334472656e+00
8.451992034912109375e+00
7.507668495178222656e+00
7.219170570373535156e+00
7.044174194335937500e+00
6.768490791320800781e+00
6.097405910491943359e+00
6.229870796203613281e+00
5.366541862487792969e+00
5.533820629119873047e+00
5.628660202026367188e+00
4.268874645233154297e+00
3.500441789627075195e+00
3.319378614425659180e+00
2.872131347656250000e+00
3.558041334152221680e+00
3.561191082000732422e+00
3.269809722900390625e+00
3.379602432250976562e+00
4.224094867706298828e+00
4.214116573333740234e+00
5.586518764495849609e+00
4.896221160888671875e+00
5.876739025115966797e+00
5.083806991577148438e+00
5.540246486663818359e+00
5.940400123596191406e+00
6.809201240539550781e+00
8.137920379638671875e+00
7.423700809478759766e+00
8.412140846252441406e+00
8.575016975402832031e+00
9.007425308227539062e+00
9.024038314819335938e+00
1.042663764953613281e+01
9.850248336791992188e+00
1.138996791839599609e+01
1.151960182189941406e+01
1.280298900604248047e+01
1.295590209960937500e+01
1.129422092437744141e+01
1.187458610534667969e+01
1.145106124877929688e+01
1.086790657043457031e+01
1.066422653198242188e+01
1.186054420471191406e+01
1.366094779968261719e+01
1.349096107482910156e+01
1.379961681365966797e+01
1.386588573455810547e+01
1.524280071258544922e+01
1.590325355529785156e+01
1.608619308471679688e+01
1.600187110900878906e+01
1.549887275695800781e+01
1.381999778747558594e+01
1.343315124511718750e+01
1.306950378417968750e+01
1.180174446105957031e+01
1.144616889953613281e+01
1.049510002136230469e+01
9.989128112792968750e+00
9.872640609741210938e+00
9.150758743286132812e+00
8.767592430114746094e+00
7.786394596099853516e+00
7.538761138916015625e+00
6.576652526855468750e+00
6.535617828369140625e+00
6.976829528808593750e+00
6.626820564270019531e+00
8.470459938049316406e+00
7.956034660339355469e+00
8.699190139770507812e+00
8.415807723999023438e+00
8.397079467773437500e+00
8.485069274902343750e+00
8.385107994079589844e+00
8.698178291320800781e+00
8.328745841979980469e+00
8.086041450500488281e+00
7.055238246917724609e+00
5.362635612487792969e+00
5.106465816497802734e+00
6.068109035491943359e+00
5.612238407135009766e+00
5.682087898254394531e+00
5.934751033782958984e+00
6.749280452728271484e+00
7.110213279724121094e+00
7.552928924560546875e+00
7.883711338043212891e+00
8.977434158325195312e+00
8.707410812377929688e+00
9.008626937866210938e+00
9.340405464172363281e+00
9.572862625122070312e+00
9.383064270019531250e+00
8.162134170532226562e+00
8.713011741638183594e+00
8.287440299987792969e+00
8.074575424194335938e+00
7.353974819183349609e+00
7.842319488525390625e+00
7.829267978668212891e+00
7.947447776794433594e+00
7.684047698974609375e+00
7.884232521057128906e+00
8.329127311706542969e+00
7.642228126525878906e+00
7.004517555236816406e+00
6.500688076019287109e+00
7.363896846771240234e+00
7.232951164245605469e+00
6.978257179260253906e+00
6.752040863037109375e+00
6.958813667297363281e+00
7.490756988525390625e+00
7.788057804107666016e+00
8.279682159423828125e+00
7.369412899017333984e+00
7.072917938232421875e+00
7.203252315521240234e+00
7.817590236663818359e+00
8.185877799987792969e+00
9.153135299682617188e+00
9.499626159667968750e+00
9.275370597839355469e+00
9.351282119750976562e+00
9.440057754516601562e+00
1.078176307678222656e+01
1.054111289978027344e+01
1.125822544097900391e+01
1.150446128845214844e+01
1.210231494903564453e+01
1.239661884307861328e+01
1.183381462097167969e+01
1.229601955413818359e+01
1.304258441925048828e+01
1.295685768127441406e+01
1.405644416809082031e+01
1.350699615478515625e+01
1.324061584472656250e+01
1.397214031219482422e+01
1.351916790008544922e+01
1.383238792419433594e+01
1.292671203613281250e+01
1.303432178497314453e+01
1.268816947937011719e+01
1.206555938720703125e+01
1.199073600769042969e+01
1.240577888488769531e+01
1.186699485778808594e+01
1.123885536193847656e+01
1.068092155456542969e+01
9.987257957458496094e+00
1.014262962341308594e+01
1.024154472351074219e+01
9.739504814147949219e+00
1.068190574645996094e+01
9.303427696228027344e+00
8.780886650085449219e+00
8.421716690063476562e+00
7.516322135925292969e+00
7.760816097259521484e+00
7.901647090911865234e+00
9.116903305053710938e+00
8.775652885437011719e+00
9.925180435180664062e+00
9.589068412780761719e+00
8.401224136352539062e+00
9.017728805541992188e+00
9.083897590637207031e+00
9.042379379272460938e+00
9.084868431091308594e+00
9.679565429687500000e+00
8.966588973999023438e+00
8.649526596069335938e+00
8.384824752807617188e+00
9.110999107360839844e+00
8.452915191650390625e+00
9.125148773193359375e+00
1.036114501953125000e+01
1.102091503143310547e+01
1.136824989318847656e+01
1.107061290740966797e+01
1.088349342346191406e+01
1.177646732330322266e+01
1.183789253234863281e+01
1.155345630645751953e+01
1.085028839111328125e+01
1.090426445007324219e+01
9.594291687011718750e+00
9.780450820922851562e+00
9.285403251647949219e+00
9.472431182861328125e+00
9.700506210327148438e+00
9.219043731689453125e+00
9.213641166687011719e+00
9.832136154174804688e+00
9.483484268188476562e+00
8.361071586608886719e+00
8.242486953735351562e+00
8.474986076354980469e+00
7.897683143615722656e+00
7.186408042907714844e+00
6.726461887359619141e+00
6.345735549926757812e+00
6.421236515045166016e+00
5.823338508605957031e+00
6.805508613586425781e+00
7.490895748138427734e+00
7.774452209472656250e+00
9.330533027648925781e+00
9.619364738464355469e+00
1.065148448944091797e+01
1.041913032531738281e+01
1.106825065612792969e+01
1.057915210723876953e+01
1.082348155975341797e+01
1.016074657440185547e+01
8.714851379394531250e+00
7.677383422851562500e+00
7.055415153503417969e+00
6.897507667541503906e+00
5.672927856445312500e+00
6.134685993194580078e+00
4.995924472808837891e+00
4.866624832153320312e+00
5.252874374389648438e+00
5.413502693176269531e+00
4.960452556610107422e+00
4.429154872894287109e+00
4.173942565917968750e+00
2.789385795593261719e+00
3.076926469802856445e+00
2.655881166458129883e+00
3.450225830078125000e+00
3.662499189376831055e+00
4.329788684844970703e+00
6.217306137084960938e+00
6.652843475341796875e+00
6.117119789123535156e+00
7.737721443176269531e+00
7.244231224060058594e+00
6.454861640930175781e+00
7.519733428955078125e+00
6.723136901855468750e+00
6.662464141845703125e+00
5.936626434326171875e+00
6.154253959655761719e+00
5.875485420227050781e+00
5.554792881011962891e+00
4.559786796569824219e+00
4.249255657196044922e+00
4.042278766632080078e+00
3.354422807693481445e+00
4.428730487823486328e+00
3.126288175582885742e+00
3.966057300567626953e+00
3.896408557891845703e+00
4.047914505004882812e+00
4.638131141662597656e+00
3.242863178253173828e+00
4.102319240570068359e+00
4.865264892578125000e+00
4.233992576599121094e+00
4.494012355804443359e+00
4.791688919067382812e+00
5.875450134277343750e+00
6.124847412109375000e+00
6.428164005279541016e+00
6.161482810974121094e+00
5.835365295410156250e+00
5.993525505065917969e+00
6.462533473968505859e+00
5.603180885314941406e+00
5.536222457885742188e+00
4.596571922302246094e+00
4.372506141662597656e+00
4.284636020660400391e+00
3.548750400543212891e+00
3.138990640640258789e+00
2.289106845855712891e+00
2.007395982742309570e+00
1.907691240310668945e+00
1.973810553550720215e+00
8.149485588073730469e-01
1.311420202255249023e+00
2.032643556594848633e+00
3.005202054977416992e+00
3.258790969848632812e+00
3.383630275726318359e+00
3.654045104980468750e+00
4.564679145812988281e+00
3.290310621261596680e+00
4.162978172302246094e+00
3.980961322784423828e+00
3.596528530120849609e+00
5.394171714782714844e+00
4.563580513000488281e+00
5.696386814117431641e+00
5.281254768371582031e+00
5.941391468048095703e+00
5.722923278808593750e+00
7.012288093566894531e+00
6.727818489074707031e+00
7.301975250244140625e+00
8.258468627929687500e+00
8.833364486694335938e+00
8.618194580078125000e+00
8.860477447509765625e+00
9.242586135864257812e+00
9.894015312194824219e+00
9.467565536499023438e+00
8.794471740722656250e+00
8.909850120544433594e+00
7.772611141204833984e+00
8.012705802917480469e+00
7.404088020324707031e+00
7.442115783691406250e+00
8.007333755493164062e+00
8.281069755554199219e+00
8.021624565124511719e+00
7.840431213378906250e+00
7.971375465393066406e+00
7.590963840484619141e+00
7.552297115325927734e+00
6.626860141754150391e+00
7.532614707946777344e+00
7.831247806549072266e+00
7.341391086578369141e+00
7.038082122802734375e+00
7.087265968322753906e+00
6.979643344879150391e+00
6.794573783874511719e+00
7.211041450500488281e+00
8.640969276428222656e+00
9.126795768737792969e+00
8.856111526489257812e+00
8.667104721069335938e+00
9.469043731689453125e+00
9.236702919006347656e+00
9.497918128967285156e+00
9.365950584411621094e+00
9.362360954284667969e+00
9.081614494323730469e+00
9.112774848937988281e+00
8.895377159118652344e+00
9.797466278076171875e+00
9.738622665405273438e+00
9.447660446166992188e+00
9.493981361389160156e+00
9.912100791931152344e+00
9.058823585510253906e+00
9.058928489685058594e+00
7.975194454193115234e+00
8.422519683837890625e+00
8.139064788818359375e+00
8.420429229736328125e+00
7.050581455230712891e+00
6.534893989562988281e+00
6.158299446105957031e+00
6.404706478118896484e+00
5.699225425720214844e+00
5.727017879486083984e+00
5.265815734863281250e+00
4.715570449829101562e+00
4.497213363647460938e+00
3.935779094696044922e+00
4.583796024322509766e+00
3.826400756835937500e+00
4.913462162017822266e+00
4.685912132263183594e+00
4.681366920471191406e+00
5.124709129333496094e+00
5.684552192687988281e+00
5.083170413970947266e+00
5.969778060913085938e+00
6.560376167297363281e+00
6.000469684600830078e+00
6.924598693847656250e+00
6.703927516937255859e+00
5.757661342620849609e+00
6.795964241027832031e+00
6.212883949279785156e+00
6.463554382324218750e+00
5.541926383972167969e+00
6.348026752471923828e+00
6.196803092956542969e+00
5.340161800384521484e+00
5.613418579101562500e+00
6.167335033416748047e+00
6.238190650939941406e+00
4.842281341552734375e+00
5.748198032379150391e+00
5.792698860168457031e+00
5.384462356567382812e+00
5.391453266143798828e+00
5.273536682128906250e+00
6.164545059204101562e+00
6.386344432830810547e+00
6.175658702850341797e+00
5.983234405517578125e+00
6.292637825012207031e+00
6.738822937011718750e+00
6.613028049468994141e+00
7.343386173248291016e+00
7.458042144775390625e+00
7.860195159912109375e+00
7.559210300445556641e+00
8.079474449157714844e+00
7.350780487060546875e+00
6.438438415527343750e+00
6.793331146240234375e+00
5.981508731842041016e+00
6.598649501800537109e+00
5.944715976715087891e+00
4.697733879089355469e+00
4.271883964538574219e+00
5.353741168975830078e+00
5.663282871246337891e+00
6.517321586608886719e+00
6.361497402191162109e+00
6.269656658172607422e+00
5.921397209167480469e+00
5.156732559204101562e+00
5.000656604766845703e+00
5.845839023590087891e+00
4.779331684112548828e+00
5.489951610565185547e+00
4.111039161682128906e+00
4.897594451904296875e+00
4.892832756042480469e+00
4.856168746948242188e+00
4.748193740844726562e+00
5.713111877441406250e+00
5.691071510314941406e+00
5.976806163787841797e+00
6.943373680114746094e+00
7.412293434143066406e+00
8.727066993713378906e+00
9.055730819702148438e+00
1.014720535278320312e+01
1.091163444519042969e+01
1.064715290069580078e+01
1.022356891632080078e+01
9.812221527099609375e+00
9.129861831665039062e+00
9.789250373840332031e+00
8.624593734741210938e+00
1.027527236938476562e+01
1.137940406799316406e+01
1.249501991271972656e+01
1.325758838653564453e+01
1.380254364013671875e+01
1.457953357696533203e+01
1.293714904785156250e+01
1.385135650634765625e+01
1.358894538879394531e+01
1.391602897644042969e+01
1.405542564392089844e+01
1.202314186096191406e+01
1.190036487579345703e+01
1.133683109283447266e+01
1.185693264007568359e+01
1.258778381347656250e+01
1.179654502868652344e+01
1.240557956695556641e+01
1.284921264648437500e+01
1.285587787628173828e+01
1.313520812988281250e+01
1.230288410186767578e+01
1.234531593322753906e+01
1.121811199188232422e+01
1.166794776916503906e+01
1.079158973693847656e+01
1.093234443664550781e+01
1.033307933807373047e+01
1.123399543762207031e+01
1.095288658142089844e+01
1.092789173126220703e+01
1.014364051818847656e+01
9.857982635498046875e+00
1.010290813446044922e+01
1.134952735900878906e+01
1.156179237365722656e+01
1.047294044494628906e+01
1.021997261047363281e+01
1.135061073303222656e+01
1.149447822570800781e+01
1.094701480865478516e+01
1.055953407287597656e+01
1.182056617736816406e+01
1.204915237426757812e+01
1.254542350769042969e+01
1.297971916198730469e+01
1.229499244689941406e+01
1.196567535400390625e+01
1.177555274963378906e+01
1.276475620269775391e+01
1.295149421691894531e+01
1.316838645935058594e+01
1.274347591400146484e+01
1.290925884246826172e+01
1.266265106201171875e+01
1.329053497314453125e+01
1.359776592254638672e+01
1.352187156677246094e+01
1.301190662384033203e+01
1.402665424346923828e+01
1.426694488525390625e+01
1.459232902526855469e+01
1.420770072937011719e+01
1.368617820739746094e+01
1.344149494171142578e+01
1.392841529846191406e+01
1.377580451965332031e+01
1.399838542938232422e+01
1.337273693084716797e+01
1.284767913818359375e+01
1.177238273620605469e+01
1.036453533172607422e+01
9.452211380004882812e+00
9.007283210754394531e+00
8.649005889892578125e+00
7.822345733642578125e+00
7.427843570709228516e+00
6.581194877624511719e+00
6.423269748687744141e+00
7.010834693908691406e+00
6.554761409759521484e+00
5.479796886444091797e+00
6.641714572906494141e+00
6.393522262573242188e+00
6.639847755432128906e+00
6.417743682861328125e+00
5.595364570617675781e+00
4.859854698181152344e+00
5.219924926757812500e+00
4.728325366973876953e+00
5.619013786315917969e+00
4.531537532806396484e+00
4.460738658905029297e+00
3.235128402709960938e+00
4.857090473175048828e+00
3.841244459152221680e+00
4.271058082580566406e+00
4.799703598022460938e+00
4.472155570983886719e+00
4.102467536926269531e+00
3.766748905181884766e+00
3.857140302658081055e+00
4.631606101989746094e+00
4.629420280456542969e+00
4.773821830749511719e+00
3.631481885910034180e+00
4.093009471893310547e+00
3.068298816680908203e+00
3.481272459030151367e+00
3.097490310668945312e+00
3.553313732147216797e+00
2.932706594467163086e+00
2.579641819000244141e+00
3.059013128280639648e+00
4.068507671356201172e+00
4.368077278137207031e+00
4.106842041015625000e+00
4.438432216644287109e+00
4.985964298248291016e+00
5.727663993835449219e+00
5.510262489318847656e+00
5.240863800048828125e+00
5.333806037902832031e+00
4.951750755310058594e+00
4.518219470977783203e+00
4.576354026794433594e+00
5.143174171447753906e+00
4.930274009704589844e+00
5.435095787048339844e+00
4.471460819244384766e+00
4.201860904693603516e+00
4.987380027770996094e+00
5.083895206451416016e+00
4.806230545043945312e+00
5.307306289672851562e+00
4.821714878082275391e+00
5.308910369873046875e+00
5.205949783325195312e+00
5.348424911499023438e+00
5.237960815429687500e+00
6.006037712097167969e+00
6.001905441284179688e+00
5.750532627105712891e+00
6.313532352447509766e+00
6.263867378234863281e+00
6.214151859283447266e+00
6.789258480072021484e+00
6.746750831604003906e+00
7.083250522613525391e+00
7.752410888671875000e+00
8.416359901428222656e+00
9.409296035766601562e+00
8.520645141601562500e+00
1.011298179626464844e+01
9.885907173156738281e+00
1.067640304565429688e+01
1.107206344604492188e+01
1.004630851745605469e+01
1.085712814331054688e+01
9.667213439941406250e+00
9.885847091674804688e+00
9.165525436401367188e+00
7.336757659912109375e+00
7.932036399841308594e+00
6.825637817382812500e+00
6.683378696441650391e+00
6.973031044006347656e+00
6.030629158020019531e+00
5.618201732635498047e+00
5.503509044647216797e+00
5.325974464416503906e+00
5.522411346435546875e+00
5.262083053588867188e+00
6.175663471221923828e+00
5.823125362396240234e+00
6.162310600280761719e+00
7.282183647155761719e+00
8.045467376708984375e+00
8.443120002746582031e+00
9.246008872985839844e+00
9.881196975708007812e+00
1.028931045532226562e+01
1.084604167938232422e+01
9.685009956359863281e+00
1.021710777282714844e+01
1.153884029388427734e+01
1.083869552612304688e+01
1.082772159576416016e+01
1.238777065277099609e+01
1.261675453186035156e+01
1.239890766143798828e+01
1.213946723937988281e+01
1.241549873352050781e+01
1.241566944122314453e+01
1.243762016296386719e+01
1.251343250274658203e+01
1.258506679534912109e+01
1.288920307159423828e+01
1.332371711730957031e+01
1.328917407989501953e+01
1.197296714782714844e+01
1.230998039245605469e+01
1.219444465637207031e+01
1.128601551055908203e+01
1.173529338836669922e+01
1.011182308197021484e+01
8.869145393371582031e+00
9.652191162109375000e+00
9.243967056274414062e+00
8.373020172119140625e+00
9.088726997375488281e+00
8.617608070373535156e+00
8.773058891296386719e+00
7.711231231689453125e+00
7.308482170104980469e+00
6.842661380767822266e+00
6.701117515563964844e+00
4.773868560791015625e+00
3.896932125091552734e+00
4.610621452331542969e+00
4.005278587341308594e+00
3.371474504470825195e+00
2.881410121917724609e+00
3.392298460006713867e+00
2.634808540344238281e+00
1.896621465682983398e+00
1.840236663818359375e+00
2.091353416442871094e+00
1.791601181030273438e+00
1.664774894714355469e+00
8.730405569076538086e-01
6.772314310073852539e-01
6.624091267585754395e-01
1.065683484077453613e+00
9.815688133239746094e-01
1.693376302719116211e+00
1.869731307029724121e+00
1.447033524513244629e+00
2.259914636611938477e+00
1.107758283615112305e+00
1.543279886245727539e+00
2.238001585006713867e+00
2.897760868072509766e+00
4.123345375061035156e+00
4.484341621398925781e+00
5.273183822631835938e+00
4.672286987304687500e+00
5.257738113403320312e+00
4.951297283172607422e+00
5.696152687072753906e+00
5.323698520660400391e+00
5.088994026184082031e+00
3.985306978225708008e+00
4.504961967468261719e+00
4.642579078674316406e+00
4.020060539245605469e+00
3.806731462478637695e+00
2.894258975982666016e+00
3.092075586318969727e+00
4.189728736877441406e+00
4.497094154357910156e+00
4.294355869293212891e+00
4.695325851440429688e+00
4.226031303405761719e+00
4.982624053955078125e+00
4.609551906585693359e+00
5.265576362609863281e+00
3.805163621902465820e+00
4.712939262390136719e+00
4.219298362731933594e+00
4.333893775939941406e+00
3.906617641448974609e+00
4.173701286315917969e+00
3.671481609344482422e+00
3.895283222198486328e+00
4.252331733703613281e+00
5.369515419006347656e+00
5.527637004852294922e+00
5.698503971099853516e+00
5.614598751068115234e+00
5.385778903961181641e+00
5.924990653991699219e+00
5.597713947296142578e+00
5.531024456024169922e+00
5.127039432525634766e+00
5.890929222106933594e+00
5.241707324981689453e+00
6.456978797912597656e+00
6.763840675354003906e+00
7.583209037780761719e+00
7.779226779937744141e+00
8.795289993286132812e+00
8.510524749755859375e+00
9.467512130737304688e+00
9.106567382812500000e+00
8.271707534790039062e+00
8.697637557983398438e+00
9.453440666198730469e+00
8.922002792358398438e+00
9.666919708251953125e+00
1.004660129547119141e+01
9.902686119079589844e+00
1.087551403045654297e+01
1.037001895904541016e+01
1.033695793151855469e+01
9.722285270690917969e+00
9.274429321289062500e+00
8.761055946350097656e+00
8.052473068237304688e+00
7.337750434875488281e+00
6.959388732910156250e+00
5.894323825836181641e+00
5.967350959777832031e+00
6.826634407043457031e+00
6.564013004302978516e+00
6.266583442687988281e+00
6.545125484466552734e+00
6.025897979736328125e+00
6.772921562194824219e+00
6.340159416198730469e+00
7.000582695007324219e+00
6.538427829742431641e+00
6.967186927795410156e+00
6.187075614929199219e+00
5.623017787933349609e+00
5.600546360015869141e+00
4.850317955017089844e+00
4.948321819305419922e+00
4.944558143615722656e+00
5.229868888854980469e+00
4.824117183685302734e+00
5.883240222930908203e+00
6.252166271209716797e+00
5.219913959503173828e+00
5.136515617370605469e+00
4.869616985321044922e+00
5.379057407379150391e+00
4.493424415588378906e+00
4.117361068725585938e+00
2.673638820648193359e+00
2.551001548767089844e+00
1.813758611679077148e+00
2.582736253738403320e+00
3.053556442260742188e+00
2.522892951965332031e+00
3.426348447799682617e+00
2.637778520584106445e+00
2.031967639923095703e+00
2.752168178558349609e+00
2.609037399291992188e+00
2.336528301239013672e+00
3.267411708831787109e+00
3.564123868942260742e+00
4.322301864624023438e+00
3.477797031402587891e+00
4.053344249725341797e+00
4.354430198669433594e+00
4.328908443450927734e+00
3.985805511474609375e+00
4.720969200134277344e+00
5.526292324066162109e+00
6.455491542816162109e+00
5.871033668518066406e+00
5.757895469665527344e+00
6.225686073303222656e+00
5.422148704528808594e+00
5.121798038482666016e+00
4.494112491607666016e+00
4.487948417663574219e+00
3.654065370559692383e+00
3.615942716598510742e+00
3.840506315231323242e+00
4.194979667663574219e+00
3.701777696609497070e+00
4.291510581970214844e+00
3.416250228881835938e+00
4.491391658782958984e+00
3.870978593826293945e+00
4.085108757019042969e+00
4.273798465728759766e+00
5.491000652313232422e+00
7.274033546447753906e+00
7.604194641113281250e+00
7.755832672119140625e+00
6.336040973663330078e+00
7.575210571289062500e+00
6.462716102600097656e+00
5.693283081054687500e+00
4.503611564636230469e+00
3.707819700241088867e+00
5.045093536376953125e+00
4.432740211486816406e+00
4.210175037384033203e+00
4.953490257263183594e+00
5.228540897369384766e+00
4.275906562805175781e+00
3.478439807891845703e+00
3.785544157028198242e+00
2.775545120239257812e+00
2.235053777694702148e+00
1.532909154891967773e+00
3.216978788375854492e+00
3.137421131134033203e+00
3.450478792190551758e+00
2.959261417388916016e+00
2.756628990173339844e+00
2.736000299453735352e+00
2.823701858520507812e+00
3.265589475631713867e+00
3.837198257446289062e+00
4.287451744079589844e+00
4.473593711853027344e+00
4.969779491424560547e+00
5.237616539001464844e+00
5.851887702941894531e+00
5.452301979064941406e+00
6.276141166687011719e+00
5.623307228088378906e+00
6.274712085723876953e+00
6.740599632263183594e+00
5.954863548278808594e+00
5.952511787414550781e+00
6.436400413513183594e+00
6.165998458862304688e+00
6.533589839935302734e+00
7.108169555664062500e+00
6.732462882995605469e+00
7.426714897155761719e+00
7.838218688964843750e+00
6.724600315093994141e+00
8.364553451538085938e+00
7.700046539306640625e+00
7.593960762023925781e+00
8.028326034545898438e+00
8.619604110717773438e+00
8.813869476318359375e+00
9.610387802124023438e+00
1.039046669006347656e+01
1.090590095520019531e+01
1.159585475921630859e+01
1.170201587677001953e+01
1.192618560791015625e+01
1.210310745239257812e+01
1.249047946929931641e+01
1.296616077423095703e+01
1.305001640319824219e+01
1.344758129119873047e+01
1.392633342742919922e+01
1.390394115447998047e+01
1.332734107971191406e+01
1.376996135711669922e+01
1.408948230743408203e+01
1.287634468078613281e+01
1.351959419250488281e+01
1.339908027648925781e+01
1.255673027038574219e+01
1.282112884521484375e+01
1.311974048614501953e+01
1.212180614471435547e+01
1.161693191528320312e+01
1.168369293212890625e+01
1.215848159790039062e+01
1.195613765716552734e+01
1.227697563171386719e+01
1.451096916198730469e+01
1.505262947082519531e+01
1.513243579864501953e+01
1.407293987274169922e+01
1.204757308959960938e+01
1.100201034545898438e+01
1.192020606994628906e+01
1.214601039886474609e+01
1.218755340576171875e+01
1.129708576202392578e+01
1.233160400390625000e+01
1.146551799774169922e+01
1.105444622039794922e+01
1.174299430847167969e+01
1.223431873321533203e+01
1.249405002593994141e+01
1.269480323791503906e+01
1.306006050109863281e+01
1.353139305114746094e+01
1.354293060302734375e+01
1.303569507598876953e+01
1.359251880645751953e+01
1.348351860046386719e+01
1.319439411163330078e+01
1.433566474914550781e+01
1.434596538543701172e+01
1.407678794860839844e+01
1.536179065704345703e+01
1.492451286315917969e+01
1.442221641540527344e+01
1.544916820526123047e+01
1.516872882843017578e+01
1.529753684997558594e+01
1.487854290008544922e+01
1.485836029052734375e+01
1.463289928436279297e+01
1.379730701446533203e+01
1.457679939270019531e+01
1.554977607727050781e+01
1.569809913635253906e+01
1.681894302368164062e+01
1.706337356567382812e+01
1.714965438842773438e+01
1.636851310729980469e+01
1.607688713073730469e+01
1.567550659179687500e+01
1.450307655334472656e+01
1.602617835998535156e+01
1.528268146514892578e+01
1.490764427185058594e+01
1.545048713684082031e+01
1.464488792419433594e+01
1.491975402832031250e+01
1.362335777282714844e+01
1.408221912384033203e+01
1.383824157714843750e+01
1.303547859191894531e+01
1.304812622070312500e+01
1.326221752166748047e+01
1.278158855438232422e+01
1.423994922637939453e+01
1.320600605010986328e+01
1.395494842529296875e+01
1.407766246795654297e+01
1.395265769958496094e+01
1.415762805938720703e+01
1.374768352508544922e+01
1.335476112365722656e+01
1.347528839111328125e+01
1.417735290527343750e+01
1.371120166778564453e+01
1.503047370910644531e+01
1.455875682830810547e+01
1.509845924377441406e+01
1.558892250061035156e+01
1.569482421875000000e+01
1.591395854949951172e+01
1.495372486114501953e+01
1.393207836151123047e+01
1.275738716125488281e+01
1.181315422058105469e+01
1.139659309387207031e+01
1.116774654388427734e+01
1.145231533050537109e+01
1.178039360046386719e+01
1.123890590667724609e+01
1.091106891632080078e+01
9.319495201110839844e+00
9.045504570007324219e+00
8.873174667358398438e+00
1.000655555725097656e+01
1.098410701751708984e+01
1.120617580413818359e+01
1.189601898193359375e+01
1.142955589294433594e+01
1.192368507385253906e+01
1.095810508728027344e+01
1.096880817413330078e+01
1.035631465911865234e+01
1.155289459228515625e+01
1.062306308746337891e+01
9.923115730285644531e+00
1.124511909484863281e+01
1.061271381378173828e+01
1.172853279113769531e+01
1.158900260925292969e+01
1.216597270965576172e+01
1.157280921936035156e+01
1.294602203369140625e+01
1.318848991394042969e+01
1.286909770965576172e+01
1.293142986297607422e+01
1.307417106628417969e+01
1.373214435577392578e+01
1.349070453643798828e+01
1.313790130615234375e+01
1.247530269622802734e+01
1.308560943603515625e+01
1.250938320159912109e+01
1.219352912902832031e+01
1.239288425445556641e+01
1.217924022674560547e+01
1.063910388946533203e+01
1.034369754791259766e+01
1.022291183471679688e+01
1.039946365356445312e+01
1.198778343200683594e+01
1.181026935577392578e+01
1.268933391571044922e+01
1.222944927215576172e+01
1.166425037384033203e+01
1.201290321350097656e+01
1.270390033721923828e+01
1.143499946594238281e+01
1.173848915100097656e+01
1.117631912231445312e+01
1.110591220855712891e+01
1.274861335754394531e+01
1.223061180114746094e+01
1.343802356719970703e+01
1.340424346923828125e+01
1.375499916076660156e+01
1.311435413360595703e+01
1.321793937683105469e+01
1.390493488311767578e+01
1.282037830352783203e+01
1.371624946594238281e+01
1.334097576141357422e+01
1.376860237121582031e+01
1.474022960662841797e+01
1.425090217590332031e+01
1.470555114746093750e+01
1.538537406921386719e+01
1.492124366760253906e+01
1.526819419860839844e+01
1.449813079833984375e+01
1.351557922363281250e+01
1.358611583709716797e+01
1.376163291931152344e+01
1.234631443023681641e+01
1.213196277618408203e+01
1.313459491729736328e+01
1.253812599182128906e+01
1.220649242401123047e+01
1.149463653564453125e+01
1.134307765960693359e+01
1.111532497406005859e+01
1.087976741790771484e+01
1.086251163482666016e+01
1.049498176574707031e+01
1.039115715026855469e+01
9.714543342590332031e+00
9.829144477844238281e+00
9.883698463439941406e+00
8.808229446411132812e+00
9.142608642578125000e+00
9.080305099487304688e+00
8.529109954833984375e+00
8.388604164123535156e+00
7.614336490631103516e+00
7.636961460113525391e+00
7.087926387786865234e+00
6.404828548431396484e+00
7.634954929351806641e+00
6.775858879089355469e+00
7.848069190979003906e+00
8.696275711059570312e+00
7.634920597076416016e+00
7.760828971862792969e+00
7.869168281555175781e+00
7.848702430725097656e+00
7.493618011474609375e+00
7.669427394866943359e+00
8.515547752380371094e+00
7.971064567565917969e+00
7.418183326721191406e+00
7.845916748046875000e+00
8.666603088378906250e+00
8.108143806457519531e+00
7.738250732421875000e+00
7.484097957611083984e+00
7.200655937194824219e+00
7.629817008972167969e+00
7.153498172760009766e+00
6.281192302703857422e+00
6.154803276062011719e+00
6.849437713623046875e+00
5.901606082916259766e+00
5.569762706756591797e+00
6.085351943969726562e+00
5.740599632263183594e+00
6.433151245117187500e+00
5.472888469696044922e+00
5.812454700469970703e+00
5.857343196868896484e+00
6.474201202392578125e+00
5.420435428619384766e+00
4.939086437225341797e+00
4.522410392761230469e+00
5.166134834289550781e+00
5.661853313446044922e+00
6.690729618072509766e+00
7.669623374938964844e+00
7.278304100036621094e+00
8.015071868896484375e+00
8.468827247619628906e+00
8.459368705749511719e+00
9.301655769348144531e+00
9.837820053100585938e+00
9.424826622009277344e+00
8.868516921997070312e+00
9.692666053771972656e+00
8.533978462219238281e+00
8.919944763183593750e+00
8.726725578308105469e+00
8.710465431213378906e+00
8.969935417175292969e+00
9.305931091308593750e+00
8.935667037963867188e+00
9.055799484252929688e+00
9.944728851318359375e+00
9.447702407836914062e+00
9.855188369750976562e+00
1.062408638000488281e+01
1.106844139099121094e+01
1.075353050231933594e+01
1.040964698791503906e+01
1.081013393402099609e+01
1.125898456573486328e+01
1.110324001312255859e+01
1.133801841735839844e+01
1.133730411529541016e+01
1.227319240570068359e+01
1.217405891418457031e+01
1.266752624511718750e+01
1.339959716796875000e+01
1.327325630187988281e+01
1.428425407409667969e+01
1.354404926300048828e+01
1.404380035400390625e+01
1.380341148376464844e+01
1.466038036346435547e+01
1.472856140136718750e+01
1.498507881164550781e+01
1.473244953155517578e+01
1.512034893035888672e+01
1.479676342010498047e+01
1.425856494903564453e+01
1.386710834503173828e+01
1.349314117431640625e+01
1.354976081848144531e+01
1.325324058532714844e+01
1.248350238800048828e+01
1.199681472778320312e+01
1.302244758605957031e+01
1.295046710968017578e+01
1.335672760009765625e+01
1.529484272003173828e+01
1.514454460144042969e+01
1.472170734405517578e+01
1.498442268371582031e+01
1.495795726776123047e+01
1.490518474578857422e+01
1.566463756561279297e+01
1.465756034851074219e+01
1.494701385498046875e+01
1.469047260284423828e+01
1.324301719665527344e+01
1.359730720520019531e+01
1.299154376983642578e+01
1.200069141387939453e+01
1.072481536865234375e+01
1.016896152496337891e+01
9.121806144714355469e+00
8.821636199951171875e+00
7.477304935455322266e+00
7.020884513854980469e+00
5.124898433685302734e+00
5.076905250549316406e+00
6.100461959838867188e+00
6.440442085266113281e+00
7.295091152191162109e+00
5.982096195220947266e+00
5.247379302978515625e+00
5.951683998107910156e+00
6.345148563385009766e+00
5.760958194732666016e+00
6.551133632659912109e+00
6.864966392517089844e+00
7.336894035339355469e+00
8.177042961120605469e+00
8.288635253906250000e+00
9.338245391845703125e+00
9.641244888305664062e+00
9.739060401916503906e+00
9.536144256591796875e+00
9.768133163452148438e+00
1.124897861480712891e+01
1.129650306701660156e+01
1.178733921051025391e+01
1.199314975738525391e+01
1.172221946716308594e+01
1.237492561340332031e+01
1.212297248840332031e+01
1.253469371795654297e+01
1.233344745635986328e+01
1.201016521453857422e+01
1.091319274902343750e+01
1.056893920898437500e+01
1.037480449676513672e+01
1.053576850891113281e+01
9.850049972534179688e+00
9.858896255493164062e+00
9.054323196411132812e+00
9.585118293762207031e+00
8.911566734313964844e+00
9.265925407409667969e+00
9.249527931213378906e+00
9.160585403442382812e+00
1.013142204284667969e+01
9.769968032836914062e+00
1.029596138000488281e+01
1.019356441497802734e+01
9.588726997375488281e+00
1.026968955993652344e+01
1.098569393157958984e+01
1.051125621795654297e+01
1.182021522521972656e+01
1.169304084777832031e+01
1.177492046356201172e+01
1.317675971984863281e+01
1.265479278564453125e+01
1.340707111358642578e+01
1.323018169403076172e+01
1.191862869262695312e+01
1.305709552764892578e+01
1.327931499481201172e+01
1.402275657653808594e+01
1.345862770080566406e+01
1.403051185607910156e+01
1.411859607696533203e+01
1.328793334960937500e+01
1.303595447540283203e+01
1.219896411895751953e+01
1.190385246276855469e+01
1.239952182769775391e+01
1.298392677307128906e+01
1.298954486846923828e+01
1.270073127746582031e+01
1.336975574493408203e+01
1.311912345886230469e+01
1.330128002166748047e+01
1.384187793731689453e+01
1.362507820129394531e+01
1.397982215881347656e+01
1.356863594055175781e+01
1.351773643493652344e+01
1.197989940643310547e+01
1.164116954803466797e+01
1.104067897796630859e+01
1.091141319274902344e+01
9.603569030761718750e+00
8.097299575805664062e+00
7.931578636169433594e+00
8.089338302612304688e+00
7.978707313537597656e+00
7.908161163330078125e+00
8.339750289916992188e+00
8.432283401489257812e+00
8.514373779296875000e+00
8.895765304565429688e+00
8.749197959899902344e+00
9.011022567749023438e+00
8.842357635498046875e+00
7.964909553527832031e+00
8.053284645080566406e+00
7.334000587463378906e+00
6.513811588287353516e+00
6.286515712738037109e+00
6.999286651611328125e+00
7.159043312072753906e+00
7.604736328125000000e+00
7.034840583801269531e+00
7.359044075012207031e+00
6.955571651458740234e+00
6.682356357574462891e+00
6.277275562286376953e+00
4.815489768981933594e+00
5.509804725646972656e+00
4.940345287322998047e+00
4.407303810119628906e+00
5.308693408966064453e+00
6.261130332946777344e+00
6.587473392486572266e+00
7.230679512023925781e+00
7.561876773834228516e+00
7.018908500671386719e+00
7.489638328552246094e+00
7.813391685485839844e+00
7.312211036682128906e+00
7.193364143371582031e+00
7.474052429199218750e+00
6.481070041656494141e+00
6.549131870269775391e+00
5.628088951110839844e+00
5.339100837707519531e+00
5.243949890136718750e+00
4.476710319519042969e+00
4.384621143341064453e+00
3.666350841522216797e+00
4.318293571472167969e+00
4.277308464050292969e+00
5.150444984436035156e+00
5.942395210266113281e+00
6.586152076721191406e+00
6.293257713317871094e+00
6.807610988616943359e+00
6.752197265625000000e+00
6.902167320251464844e+00
6.729386806488037109e+00
7.403455257415771484e+00
6.928919315338134766e+00
5.691432952880859375e+00
6.082610130310058594e+00
5.879128932952880859e+00
6.985503196716308594e+00
7.053530693054199219e+00
6.047154426574707031e+00
6.280151367187500000e+00
5.915158748626708984e+00
5.398697853088378906e+00
5.734069824218750000e+00
6.424120426177978516e+00
6.830450534820556641e+00
6.518884181976318359e+00
5.973265647888183594e+00
6.442545890808105469e+00
6.938514709472656250e+00
8.283720970153808594e+00
7.998648166656494141e+00
8.242841720581054688e+00
8.660683631896972656e+00
8.917203903198242188e+00
8.594371795654296875e+00
8.087893486022949219e+00
7.473693847656250000e+00
8.485925674438476562e+00
7.511109352111816406e+00
7.487798213958740234e+00
7.309329032897949219e+00
7.043257713317871094e+00
6.984223842620849609e+00
6.147983074188232422e+00
5.525835037231445312e+00
6.067382812500000000e+00
5.251010417938232422e+00
5.765430450439453125e+00
6.192109584808349609e+00
7.230772972106933594e+00
7.806438446044921875e+00
8.190590858459472656e+00
8.718595504760742188e+00
9.314205169677734375e+00
8.342673301696777344e+00
7.763326168060302734e+00
8.401883125305175781e+00
8.208425521850585938e+00
7.616876125335693359e+00
7.549203395843505859e+00
8.114037513732910156e+00
7.581925392150878906e+00
6.924795627593994141e+00
6.058492660522460938e+00
5.717354774475097656e+00
4.793807983398437500e+00
5.669659614562988281e+00
5.049822330474853516e+00
4.302440643310546875e+00
5.052807807922363281e+00
4.031157970428466797e+00
3.894845485687255859e+00
3.471836090087890625e+00
3.551335096359252930e+00
3.341477632522583008e+00
2.529419898986816406e+00
2.977581501007080078e+00
3.503724336624145508e+00
3.065058946609497070e+00
4.192512989044189453e+00
2.896919250488281250e+00
4.134655952453613281e+00
4.549348354339599609e+00
5.019715309143066406e+00
5.210531234741210938e+00
7.002732276916503906e+00
6.373563289642333984e+00
6.730814933776855469e+00
7.271882534027099609e+00
5.548208713531494141e+00
6.682515621185302734e+00
6.183287620544433594e+00
6.161801338195800781e+00
7.726311683654785156e+00
7.086641788482666016e+00
7.410460472106933594e+00
7.360387325286865234e+00
6.790595054626464844e+00
6.510738372802734375e+00
6.223558425903320312e+00
5.950203418731689453e+00
5.862895011901855469e+00
6.801924228668212891e+00
7.097364902496337891e+00
8.244531631469726562e+00
8.405956268310546875e+00
8.583309173583984375e+00
9.870738029479980469e+00
1.143257999420166016e+01
1.211112117767333984e+01
1.026021385192871094e+01
1.127753734588623047e+01
1.104317569732666016e+01
1.061368751525878906e+01
1.014799690246582031e+01
1.015134048461914062e+01
8.412884712219238281e+00
8.146582603454589844e+00
8.901735305786132812e+00
9.209752082824707031e+00
9.490026473999023438e+00
1.052102851867675781e+01
1.120471000671386719e+01
1.220781707763671875e+01
1.360006713867187500e+01
1.381529045104980469e+01
1.499362182617187500e+01
1.493508625030517578e+01
1.445819282531738281e+01
1.449131298065185547e+01
1.456253528594970703e+01
1.565787696838378906e+01
1.586470603942871094e+01
1.618172836303710938e+01
1.644220161437988281e+01
1.584491539001464844e+01
1.542510986328125000e+01
1.501928234100341797e+01
1.575304126739501953e+01
1.583702564239501953e+01
1.622857475280761719e+01
1.756475448608398438e+01
1.665450668334960938e+01
1.591087913513183594e+01
1.586421489715576172e+01
1.589688682556152344e+01
1.488576221466064453e+01
1.387987995147705078e+01
1.409487342834472656e+01
1.368558979034423828e+01
1.364552116394042969e+01
1.395982360839843750e+01
1.320104503631591797e+01
1.381101417541503906e+01
1.378350257873535156e+01
1.353439807891845703e+01
1.231173038482666016e+01
1.196689128875732422e+01
1.122811317443847656e+01
1.092504024505615234e+01
1.020943641662597656e+01
9.660964965820312500e+00
8.702611923217773438e+00
7.436496734619140625e+00
8.187236785888671875e+00
8.530382156372070312e+00
7.663240909576416016e+00
8.412935256958007812e+00
7.552134037017822266e+00
7.633600711822509766e+00
8.049620628356933594e+00
7.475027561187744141e+00
7.245301246643066406e+00
6.812683105468750000e+00
6.883997917175292969e+00
7.527409553527832031e+00
6.733889102935791016e+00
6.663224697113037109e+00
6.836602210998535156e+00
4.684216499328613281e+00
5.749345302581787109e+00
4.759610176086425781e+00
3.742884397506713867e+00
4.210940361022949219e+00
3.817995548248291016e+00
4.715390205383300781e+00
3.585723161697387695e+00
3.935893297195434570e+00
3.492954730987548828e+00
3.968613386154174805e+00
3.788954973220825195e+00
3.107267379760742188e+00
3.181386709213256836e+00
1.863410711288452148e+00
1.839099884033203125e+00
2.506043910980224609e+00
2.980612754821777344e+00
3.018272638320922852e+00
3.341202259063720703e+00
5.175869941711425781e+00
5.624112606048583984e+00
6.757473945617675781e+00
7.038200378417968750e+00
7.254946231842041016e+00
7.455758571624755859e+00
7.656400203704833984e+00
9.208460807800292969e+00
8.920992851257324219e+00
8.501306533813476562e+00
8.938295364379882812e+00
9.789012908935546875e+00
9.369288444519042969e+00
1.038265895843505859e+01
9.929199218750000000e+00
1.100522327423095703e+01
1.112533664703369141e+01
1.164844226837158203e+01
1.238415145874023438e+01
1.184736824035644531e+01
1.158594703674316406e+01
1.284752464294433594e+01
1.192123413085937500e+01
1.300104808807373047e+01
1.310040283203125000e+01
1.345039367675781250e+01
1.370559406280517578e+01
1.454869365692138672e+01
1.361182689666748047e+01
1.291849803924560547e+01
1.450075244903564453e+01
1.414996814727783203e+01
1.352237510681152344e+01
1.434968566894531250e+01
1.351894950866699219e+01
1.334597015380859375e+01
1.259972190856933594e+01
1.245522403717041016e+01
1.322588062286376953e+01
1.425285816192626953e+01
1.361205863952636719e+01
1.359316730499267578e+01
1.404641914367675781e+01
1.388669300079345703e+01
1.353317737579345703e+01
1.118715286254882812e+01
1.136585617065429688e+01
1.172097873687744141e+01
1.123091793060302734e+01
1.039095878601074219e+01
9.750064849853515625e+00
1.032768440246582031e+01
9.381647109985351562e+00
9.221817016601562500e+00
9.061770439147949219e+00
9.035120964050292969e+00
8.346279144287109375e+00
9.596343994140625000e+00
1.021400833129882812e+01
1.116912841796875000e+01
1.109017658233642578e+01
1.277734756469726562e+01
1.195196819305419922e+01
1.324385356903076172e+01
1.309857654571533203e+01
1.361803627014160156e+01
1.377332782745361328e+01
1.346885967254638672e+01
1.425890922546386719e+01
1.510729789733886719e+01
1.563397216796875000e+01
1.535140514373779297e+01
1.680753898620605469e+01
1.659717178344726562e+01
1.628497886657714844e+01
1.662252426147460938e+01
1.792547225952148438e+01
1.860918045043945312e+01
1.801528549194335938e+01
1.919674301147460938e+01
1.934999465942382812e+01
1.957016181945800781e+01
2.062438964843750000e+01
2.067590332031250000e+01
2.083362960815429688e+01
2.082986450195312500e+01
2.000675964355468750e+01
1.988395309448242188e+01
2.008498954772949219e+01
1.915291023254394531e+01
1.899785232543945312e+01
1.915271377563476562e+01
1.877906417846679688e+01
1.830649757385253906e+01
1.825625228881835938e+01
1.775265121459960938e+01
1.642575454711914062e+01
1.580323791503906250e+01
1.533927345275878906e+01
1.481469154357910156e+01
1.388276672363281250e+01
1.330099487304687500e+01
1.285275077819824219e+01
1.263730812072753906e+01
1.309025096893310547e+01
1.517201995849609375e+01
1.353469276428222656e+01
1.343603515625000000e+01
1.355545330047607422e+01
1.318530273437500000e+01
1.268229198455810547e+01
1.189003562927246094e+01
1.189232444763183594e+01
1.178501129150390625e+01
1.129013538360595703e+01
1.168221855163574219e+01
1.099571132659912109e+01
1.144532489776611328e+01
1.138446235656738281e+01
1.092654705047607422e+01
1.113407325744628906e+01
1.083020591735839844e+01
9.233396530151367188e+00
8.854497909545898438e+00
8.539195060729980469e+00
8.269865989685058594e+00
8.171122550964355469e+00
7.150871276855468750e+00
6.406396389007568359e+00
6.434863090515136719e+00
6.272139549255371094e+00
6.286143302917480469e+00
5.407986640930175781e+00
4.727629661560058594e+00
4.199730396270751953e+00
4.458506107330322266e+00
4.180909633636474609e+00
4.460816383361816406e+00
4.665210247039794922e+00
4.830345630645751953e+00
4.613682746887207031e+00
5.128352642059326172e+00
5.134465217590332031e+00
6.930525779724121094e+00
7.013878822326660156e+00
7.907819271087646484e+00
7.964859008789062500e+00
8.350545883178710938e+00
7.589201450347900391e+00
7.930262088775634766e+00
7.478784084320068359e+00
6.889835357666015625e+00
6.581213951110839844e+00
6.638539314270019531e+00
6.528553009033203125e+00
5.574065208435058594e+00
5.700900554656982422e+00
4.708585262298583984e+00
4.728166103363037109e+00
4.762985229492187500e+00
4.639820098876953125e+00
4.810802936553955078e+00
4.647740840911865234e+00
4.768849372863769531e+00
5.189281463623046875e+00
5.121236801147460938e+00
4.086007595062255859e+00
4.814269065856933594e+00
5.066542625427246094e+00
4.905414581298828125e+00
5.025143623352050781e+00
5.185684680938720703e+00
3.988305568695068359e+00
3.509056091308593750e+00
3.528285980224609375e+00
3.995796918869018555e+00
4.776421546936035156e+00
4.913012981414794922e+00
4.093924999237060547e+00
3.749997377395629883e+00
4.046616554260253906e+00
4.574391365051269531e+00
5.129502296447753906e+00
5.336792945861816406e+00
5.162034988403320312e+00
4.611630439758300781e+00
5.048771858215332031e+00
4.981902122497558594e+00
4.054867744445800781e+00
3.895133495330810547e+00
2.866244077682495117e+00
2.727981090545654297e+00
2.846808671951293945e+00
3.067092180252075195e+00
2.998405456542968750e+00
2.966573476791381836e+00
2.560566663742065430e+00
3.235016345977783203e+00
3.079766273498535156e+00
3.167871236801147461e+00
3.252166032791137695e+00
3.107757568359375000e+00
2.578109025955200195e+00
3.106391429901123047e+00
3.918238401412963867e+00
4.463665962219238281e+00
5.058817863464355469e+00
5.529595375061035156e+00
5.759630680084228516e+00
6.050996303558349609e+00
5.709732532501220703e+00
5.433171272277832031e+00
5.443652153015136719e+00
5.644747734069824219e+00
5.371224403381347656e+00
5.446934700012207031e+00
5.421880245208740234e+00
6.017260551452636719e+00
5.997045040130615234e+00
6.708957672119140625e+00
7.060381412506103516e+00
6.768919467926025391e+00
7.874336242675781250e+00
8.515972137451171875e+00
1.071234226226806641e+01
1.067287635803222656e+01
1.007673263549804688e+01
1.079750823974609375e+01
1.054699134826660156e+01
1.048046112060546875e+01
1.013954257965087891e+01
1.015084743499755859e+01
9.105093002319335938e+00
8.446245193481445312e+00
8.064159393310546875e+00
8.212667465209960938e+00
8.840891838073730469e+00
9.589545249938964844e+00
8.379296302795410156e+00
8.224261283874511719e+00
7.699813842773437500e+00
7.577464103698730469e+00
7.536908149719238281e+00
7.223189353942871094e+00
7.946415901184082031e+00
8.894521713256835938e+00
8.967876434326171875e+00
9.718413352966308594e+00
1.031337547302246094e+01
1.031345272064208984e+01
1.128711128234863281e+01
1.070055198669433594e+01
1.099226856231689453e+01
1.022591686248779297e+01
1.056735038757324219e+01
1.070972824096679688e+01
9.999018669128417969e+00
1.016840553283691406e+01
1.020506381988525391e+01
1.086419868469238281e+01
1.166503334045410156e+01
1.029376697540283203e+01
9.566255569458007812e+00
1.051002788543701172e+01
1.023515510559082031e+01
9.928474426269531250e+00
9.440977096557617188e+00
1.028984260559082031e+01
8.790000915527343750e+00
8.322272300720214844e+00
9.028963088989257812e+00
8.410957336425781250e+00
9.477565765380859375e+00
8.428156852722167969e+00
8.637223243713378906e+00
1.033594512939453125e+01
1.116876411437988281e+01
1.137608909606933594e+01
1.100099754333496094e+01
1.198194599151611328e+01
1.147134494781494141e+01
1.158509731292724609e+01
1.220860862731933594e+01
1.357950115203857422e+01
1.265977382659912109e+01
1.280326366424560547e+01
1.251711082458496094e+01
1.287156486511230469e+01
1.175583457946777344e+01
1.166427040100097656e+01
1.080103683471679688e+01
1.009679126739501953e+01
9.227594375610351562e+00
8.467101097106933594e+00
7.763850212097167969e+00
8.182615280151367188e+00
8.011878967285156250e+00
1.017485618591308594e+01
1.002174854278564453e+01
1.107829093933105469e+01
1.210146045684814453e+01
1.267944431304931641e+01
1.294886970520019531e+01
1.282213878631591797e+01
1.268762302398681641e+01
1.237323188781738281e+01
1.275206470489501953e+01
1.108210182189941406e+01
1.104333209991455078e+01
1.013854885101318359e+01
1.048538208007812500e+01
9.963871002197265625e+00
9.306633949279785156e+00
1.007984447479248047e+01
8.894602775573730469e+00
9.632415771484375000e+00
8.543415069580078125e+00
9.282194137573242188e+00
8.499294281005859375e+00
9.052804946899414062e+00
9.146781921386718750e+00
9.479711532592773438e+00
1.041132926940917969e+01
1.015114879608154297e+01
1.124477195739746094e+01
1.160645484924316406e+01
1.173130226135253906e+01
1.213618564605712891e+01
1.177921772003173828e+01
1.272255897521972656e+01
1.194230842590332031e+01
1.216729164123535156e+01
1.146456718444824219e+01
9.944056510925292969e+00
1.014047050476074219e+01
9.325353622436523438e+00
8.224038124084472656e+00
7.279301643371582031e+00
6.690499305725097656e+00
6.393479347229003906e+00
5.830252170562744141e+00
4.907094001770019531e+00
4.200900077819824219e+00
4.175347805023193359e+00
4.466860771179199219e+00
3.844419956207275391e+00
4.188012123107910156e+00
4.221982479095458984e+00
4.637793540954589844e+00
5.127259254455566406e+00
4.855775833129882812e+00
6.430531978607177734e+00
6.305056571960449219e+00
6.148602485656738281e+00
5.355839729309082031e+00
4.514756679534912109e+00
4.972918510437011719e+00
5.303685665130615234e+00
4.231808662414550781e+00
3.412301540374755859e+00
3.518320798873901367e+00
3.776034116744995117e+00
4.288914680480957031e+00
4.812322616577148438e+00
4.361582756042480469e+00
4.879261970520019531e+00
5.168095111846923828e+00
6.339926719665527344e+00
6.361075401306152344e+00
7.342315673828125000e+00
6.872716426849365234e+00
6.074515342712402344e+00
6.532826900482177734e+00
6.976055145263671875e+00
7.679693698883056641e+00
7.804785251617431641e+00
8.061110496520996094e+00
8.378106117248535156e+00
8.184298515319824219e+00
6.082541942596435547e+00
4.937139034271240234e+00
3.016452312469482422e+00
4.318713188171386719e+00
3.957995176315307617e+00
4.302279949188232422e+00
4.352233886718750000e+00
4.352017402648925781e+00
3.248161792755126953e+00
3.859186887741088867e+00
2.888674736022949219e+00
3.359800815582275391e+00
3.069267272949218750e+00
4.056556224822998047e+00
3.882849454879760742e+00
2.911162614822387695e+00
3.501247406005859375e+00
3.766192197799682617e+00
4.339219093322753906e+00
5.015274524688720703e+00
6.905260562896728516e+00
7.679326057434082031e+00
7.711276054382324219e+00
8.929578781127929688e+00
8.951590538024902344e+00
8.867218971252441406e+00
8.441877365112304688e+00
8.465524673461914062e+00
7.815989494323730469e+00
7.469574928283691406e+00
7.510419368743896484e+00
7.986147880554199219e+00
8.823902130126953125e+00
8.564010620117187500e+00
8.921075820922851562e+00
8.785649299621582031e+00
8.231477737426757812e+00
8.485190391540527344e+00
7.713881015777587891e+00
7.957842350006103516e+00
8.069139480590820312e+00
8.157007217407226562e+00
7.334033966064453125e+00
6.777141571044921875e+00
6.354486942291259766e+00
5.482079982757568359e+00
6.416983127593994141e+00
5.369724273681640625e+00
5.708383083343505859e+00
4.635987281799316406e+00
4.719019889831542969e+00
5.463938236236572266e+00
5.051993370056152344e+00
5.313093185424804688e+00
4.352299690246582031e+00
4.735802173614501953e+00
4.824898719787597656e+00
4.693104743957519531e+00
5.185747146606445312e+00
5.438697338104248047e+00
6.259243011474609375e+00
6.611486911773681641e+00
7.012560844421386719e+00
7.024339199066162109e+00
7.355156898498535156e+00
7.995531558990478516e+00
7.922095298767089844e+00
7.663868904113769531e+00
7.899243354797363281e+00
7.566426753997802734e+00
6.967822074890136719e+00
7.783928871154785156e+00
7.888529777526855469e+00
7.593576908111572266e+00
7.069300651550292969e+00
7.272767543792724609e+00
7.153170585632324219e+00
6.953964233398437500e+00
6.989350795745849609e+00
6.258580684661865234e+00
5.878212928771972656e+00
6.095619201660156250e+00
5.577920436859130859e+00
7.219560146331787109e+00
6.060947418212890625e+00
5.467689514160156250e+00
6.019578456878662109e+00
6.657910823822021484e+00
6.789267063140869141e+00
7.082076072692871094e+00
7.224361419677734375e+00
8.301790237426757812e+00
7.496847629547119141e+00
6.261761188507080078e+00
5.899306297302246094e+00
5.576831817626953125e+00
6.456119537353515625e+00
5.706680774688720703e+00
6.126438617706298828e+00
6.484480857849121094e+00
6.546942234039306641e+00
5.699722290039062500e+00
6.341173648834228516e+00
5.174826145172119141e+00
6.113436222076416016e+00
4.804944038391113281e+00
5.438190937042236328e+00
5.608441829681396484e+00
7.409662723541259766e+00
7.418070316314697266e+00
7.407271385192871094e+00
8.497102737426757812e+00
8.822294235229492188e+00
9.642308235168457031e+00
8.772369384765625000e+00
9.198174476623535156e+00
1.031584548950195312e+01
1.152214050292968750e+01
1.205241775512695312e+01
1.395955467224121094e+01
1.219809722900390625e+01
1.426776313781738281e+01
1.414363670349121094e+01
1.495878791809082031e+01
1.423445320129394531e+01
1.477160930633544922e+01
1.360416603088378906e+01
1.442906761169433594e+01
1.477402019500732422e+01
1.432063484191894531e+01
1.475645637512207031e+01
1.382880210876464844e+01
1.434832191467285156e+01
1.338235950469970703e+01
1.368584442138671875e+01
1.361462211608886719e+01
1.377103424072265625e+01
1.442323112487792969e+01
1.401687431335449219e+01
1.352720642089843750e+01
1.396260356903076172e+01
1.368732643127441406e+01
1.438932228088378906e+01
1.526713562011718750e+01
1.541232776641845703e+01
1.463041877746582031e+01
1.368773174285888672e+01
1.437936401367187500e+01
1.382680034637451172e+01
1.291274738311767578e+01
1.288645744323730469e+01
1.334956550598144531e+01
1.402856922149658203e+01
1.389544868469238281e+01
1.240680027008056641e+01
1.301371192932128906e+01
1.271746540069580078e+01
1.317978668212890625e+01
1.310235309600830078e+01
1.225324058532714844e+01
1.276315689086914062e+01
1.290655517578125000e+01
1.227898025512695312e+01
1.192897510528564453e+01
1.198967361450195312e+01
1.226836490631103516e+01
1.171398067474365234e+01
1.149570941925048828e+01
1.106715965270996094e+01
1.101700973510742188e+01
1.052776145935058594e+01
1.025013923645019531e+01
1.041457557678222656e+01
1.094774818420410156e+01
1.070113563537597656e+01
1.049171543121337891e+01
1.224893379211425781e+01
1.166340446472167969e+01
1.201307868957519531e+01
1.246301078796386719e+01
1.208448982238769531e+01
1.214353847503662109e+01
1.169421958923339844e+01
1.096262836456298828e+01
1.019407367706298828e+01
9.903133392333984375e+00
8.964012145996093750e+00
9.221660614013671875e+00
9.218629837036132812e+00
9.132421493530273438e+00
8.650153160095214844e+00
9.682105064392089844e+00
9.791604995727539062e+00
9.633101463317871094e+00
