Time_ns,ASN1_SASA,LEU2_SASA,TYR3_SASA,ILE4_SASA,GLN5_SASA,TRP6_SASA,LEU7_SASA,LYS8_SASA,ASP9_SASA,GLY10_SASA,GLY11_SASA,PRO12_SASA,SER13_SASA,SER14_SASA,GLY15_SASA,ARG16_SASA,PRO17_SASA,PRO18_SASA,PRO19_SASA,SER20_SASA
0.4,0.00,0.00,0.00,0.00,0.00,0.00,2.12,0.00,0.00,0.00,0.00,0.00,1.86,0.00,0.00,0.25,0.00,0.71,0.00,2.03
0.5,0.00,0.00,1.59,1.50,0.00,0.00,1.06,1.14,0.00,0.00,0.00,0.00,0.00,0.00,0.00,0.00,0.00,1.46,0.00,0.00
0.6,0.00,0.00,0.00,0.00,0.00,0.00,0.00,0.00,0.45,0.00,0.00,0.00,0.20,0.00,0.00,0.00,1.06,0.00,0.00,1.35
0.7,0.11,0.00,2.23,0.27,0.00,1.42,0.00,0.00,0.00,0.00,0.00,0.25,0.00,0.00,0.00,4.42,0.00,0.09,0.00,0.00
0.8,0.00,0.00,0.00,0.00,0.00,0.00,0.00,0.00,0.00,0.80,0.00,0.00,0.18,0.00,0.00,2.08,0.00,0.00,0.00,0.00
0.9,0.00,0.00,0.00,2.03,0.00,0.00,3.27,0.00,0.00,0.09,0.00,2.96,0.00,0.00,0.00,0.09,0.53,0.00,2.47,0.00
1.0,0.00,0.00,0.00,0.00,0.00,0.00,0.00,0.00,0.00,0.00,0.00,21.30,17.22,0.00,0.00,0.00,0.00,0.00,0.00,0.00
1.1,0.00,0.57,0.00,0.09,0.00,0.00,0.00,0.00,0.00,0.00,0.00,20.65,0.02,0.00,0.00,0.44,0.00,0.00,0.00,0.00
1.2,0.42,0.00,0.44,0.00,0.00,2.39,0.00,0.33,0.00,0.09,0.00,46.81,17.02,0.11,0.00,0.27,0.00,0.00,0.00,0.00
1.3,0.00,0.00,0.00,0.09,0.00,0.00,0.00,0.00,0.11,0.00,0.00,45.20,5.32,0.00,0.73,94.78,0.00,0.00,0.00,0.00
1.4,0.44,0.27,0.00,0.43,0.00,0.00,0.00,0.00,0.00,0.00,0.00,9.37,10.26,0.44,0.00,25.17,0.00,0.00,0.00,0.00
1.5,0.00,0.09,0.09,0.00,0.96,0.35,0.13,0.35,0.09,0.62,0.00,22.88,36.44,1.34,0.97,43.77,0.00,0.00,0.00,0.00
1.6,0.00,0.00,0.00,0.00,0.00,0.00,0.00,0.83,0.00,0.00,0.00,46.19,70.36,6.19,20.72,25.44,0.00,0.00,0.00,0.00
1.7,0.00,6.47,0.00,0.00,0.00,0.09,0.00,1.19,0.00,1.39,0.00,43.41,95.43,8.74,13.76,68.37,0.00,0.27,0.00,0.00
1.8,0.09,1.95,0.09,0.48,1.29,0.00,0.00,0.11,0.48,0.00,0.00,14.84,67.33,7.09,11.30,93.62,0.21,0.09,0.09,0.00
1.9,0.09,1.69,1.22,0.27,0.53,0.82,3.43,0.00,0.00,0.00,0.00,11.65,60.85,0.27,0.01,62.84,0.00,0.00,0.18,0.38
2.0,5.07,0.00,3.04,41.95,0.00,0.27,1.81,14.93,0.00,7.82,0.00,39.46,57.53,0.41,1.79,7.32,0.00,0.00,0.89,0.00
2.1,0.00,0.00,0.00,7.98,0.09,0.00,0.92,9.99,0.42,12.94,2.04,40.54,63.52,0.00,0.00,1.71,2.01,0.00,0.00,0.00
2.2,0.00,1.24,0.18,1.23,0.00,0.00,10.61,60.41,4.08,42.09,1.95,6.98,64.14,5.40,0.00,0.00,0.00,0.00,0.00,0.00
2.3,51.87,0.18,0.09,15.58,0.00,0.18,75.79,107.14,0.00,21.05,2.13,61.90,57.92,0.00,0.00,0.63,0.00,0.18,0.00,0.92
2.4,0.93,0.00,0.33,38.64,0.00,1.42,68.12,65.41,0.00,0.29,0.00,20.88,17.15,0.52,1.01,0.46,0.00,0.18,0.00,0.00
2.5,0.18,2.97,35.26,71.14,0.09,5.13,75.25,80.46,0.00,0.00,1.68,58.23,0.02,0.00,0.00,0.00,0.00,0.00,0.48,0.09
2.6,0.34,0.00,75.45,42.29,0.18,16.04,83.29,25.01,0.00,21.55,3.15,60.16,15.13,0.00,0.00,0.35,4.05,0.00,0.00,0.00
2.7,61.15,0.00,59.19,69.63,9.38,1.61,51.55,44.20,0.90,0.02,0.00,17.36,0.59,0.00,0.00,0.00,0.00,0.00,0.00,0.00
2.8,149.41,23.39,50.02,93.25,54.84,0.53,6.02,38.80,0.09,0.00,0.00,0.02,0.00,0.00,0.00,0.00,0.00,15.66,4.46,26.06
2.9,153.52,79.39,18.03,97.65,84.32,0.32,4.38,105.84,0.00,0.00,0.00,0.00,0.00,0.00,0.00,1.70,0.00,1.08,0.00,31.27
3.0,147.61,35.65,33.06,102.70,48.13,0.00,15.45,61.74,0.00,0.00,0.00,0.00,0.00,0.00,0.00,0.00,0.00,0.53,15.80,104.01
3.1,156.07,52.68,76.51,79.01,53.27,0.13,0.87,34.97,0.13,0.13,0.00,0.09,0.00,0.00,0.00,1.91,0.53,17.15,48.56,188.85
3.2,147.43,48.33,47.26,97.58,70.36,0.00,16.35,39.85,0.00,0.09,0.00,0.09,0.09,0.00,0.00,1.14,0.00,6.07,16.93,191.09
3.3,149.95,92.31,65.21,103.54,66.88,0.35,14.10,98.29,0.18,0.00,0.00,0.00,0.00,0.00,0.35,0.89,0.00,3.76,70.11,118.52
3.4,152.79,83.18,29.79,58.61,83.12,0.18,0.01,43.13,0.00,0.00,0.00,0.00,1.00,0.00,0.00,1.23,0.00,3.63,55.58,130.71
3.5,147.40,72.64,70.84,100.24,62.76,0.00,4.77,74.22,0.00,0.00,0.00,0.00,0.82,0.00,0.00,0.00,0.44,3.03,73.50,156.36
3.6,152.70,68.86,131.13,72.59,2.41,0.53,15.90,5.11,0.00,0.00,0.00,0.00,0.00,1.32,0.00,0.00,7.01,58.89,104.19,171.76
3.7,161.66,110.46,129.68,83.92,6.70,0.35,3.04,1.42,0.00,0.00,0.00,0.00,0.00,0.00,0.00,3.43,31.51,63.80,140.47,192.77
3.8,0.16,1.81,1.95,2.11,43.91,20.56,42.62,117.01,97.81,34.96,2.68,120.87,113.88,82.19,35.13,137.76,2.60,0.06,0.13,0.20
3.9,0.00,0.36,0.18,5.67,35.26,10.14,30.11,153.00,91.66,33.30,3.10,71.96,116.59,82.87,37.36,99.81,3.52,0.00,0.09,0.00
4.0,161.45,88.93,82.33,95.18,14.78,0.01,35.43,40.58,0.10,0.21,0.00,0.07,0.24,0.09,0.04,22.76,42.05,6.01,134.07,159.74
4.1,132.07,63.75,72.03,72.16,8.71,2.55,34.05,69.13,0.00,0.00,0.00,0.00,0.00,0.00,0.00,0.02,25.76,4.18,126.16,119.69
4.2,145.02,50.81,68.94,112.30,5.57,0.00,47.10,60.26,0.00,0.00,0.00,0.00,0.09,0.00,0.00,0.00,5.94,3.58,63.73,148.28
4.3,98.81,28.72,90.38,66.07,0.01,0.00,15.69,0.23,0.00,0.00,0.00,0.00,0.00,0.00,0.00,0.00,26.01,8.00,93.86,181.78
4.4,117.53,6.57,32.84,64.76,0.00,0.00,7.92,0.00,0.00,0.00,0.00,0.00,0.00,0.00,0.00,2.06,1.97,2.69,62.73,165.99
4.5,121.78,17.76,20.34,37.08,0.48,3.44,3.78,0.00,0.09,0.09,0.00,0.00,0.00,1.95,3.05,0.67,0.00,0.00,27.69,161.95
4.6,78.43,0.37,0.41,0.03,0.25,0.00,0.00,0.09,0.20,0.00,0.00,0.00,0.00,0.00,0.18,0.18,0.00,0.00,7.96,124.07
4.7,43.27,4.31,84.25,32.84,0.00,0.00,6.78,0.88,0.00,0.00,0.00,4.24,2.67,0.00,0.00,1.49,24.40,9.49,49.94,169.51
4.8,80.86,0.23,54.05,27.35,0.00,1.28,0.10,0.00,0.00,0.00,0.00,0.09,0.00,0.00,0.09,103.57,20.63,1.22,52.92,123.06
4.9,112.35,11.21,75.68,67.50,1.24,0.00,8.95,0.09,0.00,0.00,0.00,0.00,0.00,0.00,0.00,42.09,20.07,3.39,73.36,105.11
5.0,95.37,0.01,92.80,61.01,0.89,5.04,11.86,0.00,0.00,0.18,0.00,0.27,1.04,0.00,0.00,41.81,57.22,8.04,64.57,145.11
5.1,63.94,9.15,94.95,45.12,0.00,11.72,20.98,0.00,0.00,0.00,0.00,5.37,0.00,0.00,0.00,79.78,51.41,7.25,100.42,163.78
5.2,0.06,78.39,0.10,8.01,133.30,23.57,0.35,93.68,94.09,31.23,0.00,42.91,125.51,64.30,34.51,152.94,5.85,13.65,57.40,2.07
5.3,138.74,42.26,106.65,90.41,15.09,6.83,33.92,2.39,0.10,0.03,0.00,43.67,0.12,0.07,0.03,76.12,61.15,5.46,87.60,144.05
5.4,0.13,34.80,0.11,0.08,59.49,17.87,4.39,125.67,99.16,31.47,2.48,60.52,124.98,52.99,43.74,124.54,0.06,15.93,0.21,0.15
5.5,0.00,2.54,0.00,0.00,37.93,7.69,7.82,92.90,108.40,33.98,2.57,101.03,118.18,44.19,39.21,152.78,0.18,27.96,11.16,0.00
5.6,0.00,0.09,0.00,0.00,23.97,0.63,2.88,53.05,80.96,16.11,0.00,55.70,105.66,47.01,35.34,156.91,0.00,0.02,0.01,0.00
5.7,0.00,49.77,1.56,0.00,67.15,15.16,0.00,35.85,81.83,21.02,0.00,38.90,110.82,69.74,35.38,171.18,0.00,16.99,0.39,0.00
5.8,0.09,10.22,0.00,1.15,66.83,23.31,29.81,136.62,104.92,33.22,0.80,101.39,118.28,62.74,39.39,158.89,0.71,13.55,4.76,0.00
5.9,1.77,42.19,0.00,0.27,105.27,15.76,0.70,104.71,90.79,40.78,0.00,42.62,119.13,75.86,27.72,170.57,7.25,4.06,16.71,0.00
6.0,0.63,0.66,0.00,4.36,47.85,2.14,6.78,144.14,89.18,32.29,0.00,6.98,109.31,76.08,9.13,17.03,0.01,0.00,0.01,0.00
6.1,0.00,0.00,0.00,0.00,0.04,0.00,0.18,2.14,44.85,6.56,0.00,22.38,96.68,34.72,25.85,22.94,0.62,0.00,1.33,0.00
6.2,0.00,0.00,0.09,1.50,0.00,0.00,0.00,0.00,0.05,0.01,0.00,1.36,29.81,30.77,19.70,44.82,0.00,0.00,0.00,0.00
6.3,0.00,0.00,1.79,0.00,0.00,0.80,0.00,0.18,29.36,0.00,0.00,24.10,38.52,38.12,54.73,101.72,1.06,0.00,0.00,0.00
6.4,0.00,0.00,0.00,0.00,0.00,0.62,0.00,0.00,24.61,1.59,0.00,7.26,59.17,50.28,41.99,108.86,0.00,0.00,0.00,0.00
6.5,0.00,11.22,0.00,0.00,9.85,0.00,0.00,0.00,69.41,0.00,0.00,0.01,36.17,20.92,29.29,77.46,0.00,1.15,1.33,0.00
6.6,0.25,20.23,0.00,0.00,2.05,0.00,0.00,0.00,33.09,0.00,0.00,0.00,19.23,28.15,39.60,19.65,0.00,0.00,0.09,0.00
6.7,0.00,33.27,0.00,0.57,12.58,10.69,0.52,7.92,93.40,0.00,0.00,2.36,25.39,55.27,33.23,37.05,0.00,2.21,0.18,0.00
6.8,0.00,22.60,0.00,0.27,0.19,0.01,0.71,0.45,11.06,0.00,0.00,0.00,0.03,0.36,22.08,46.36,0.33,8.14,17.41,0.00
6.9,2.12,97.15,0.00,0.44,9.38,0.00,0.00,0.44,3.25,0.00,0.00,0.00,0.00,0.00,4.62,98.49,0.34,12.13,58.10,0.00
7.0,0.00,69.46,0.00,0.62,21.03,8.41,0.35,0.18,59.27,0.00,0.00,0.00,22.44,30.13,46.17,68.10,0.00,29.20,5.98,0.00
7.1,32.84,113.63,1.45,0.44,75.98,27.25,0.00,4.56,76.27,0.00,0.00,0.00,0.02,9.95,37.75,82.45,0.00,21.09,16.29,1.35
7.2,27.64,107.44,0.00,0.00,90.00,15.04,0.09,46.06,86.28,0.00,0.00,0.09,7.70,21.52,41.51,97.03,0.00,17.22,16.58,0.00
7.3,0.02,36.93,0.13,0.00,40.21,0.01,0.00,45.05,94.85,1.86,0.00,0.83,30.65,17.15,32.74,1.62,0.00,2.05,1.42,4.56
7.4,0.09,25.91,0.09,0.09,95.78,5.57,1.53,77.25,105.69,11.12,0.53,6.14,95.56,26.96,60.11,12.69,16.73,81.97,8.33,93.36
7.5,7.34,18.59,0.09,2.48,102.00,1.42,2.12,150.43,85.44,43.95,0.00,10.99,121.93,36.99,52.91,4.93,35.92,75.36,8.97,123.03
7.6,88.46,48.57,140.52,55.96,0.53,28.40,37.57,0.76,0.09,0.04,0.00,59.35,0.12,0.04,0.14,153.23,9.10,9.34,117.62,149.31
7.7,123.11,53.36,114.40,64.06,1.23,25.61,15.95,0.18,0.00,0.00,0.44,15.68,0.00,0.34,0.11,87.55,3.47,9.81,112.17,124.69
7.8,136.64,47.70,138.83,70.47,0.18,14.65,12.69,0.53,0.00,0.00,0.00,0.01,0.00,0.00,0.00,81.17,12.43,10.81,116.68,160.62
7.9,130.13,63.08,90.67,50.46,9.25,0.46,3.33,1.06,0.00,0.00,0.00,0.00,0.00,0.00,0.18,107.57,4.65,30.17,120.76,149.26
8.0,145.72,50.86,63.42,48.47,21.27,11.00,0.48,0.00,0.00,0.00,0.00,0.00,0.00,0.00,0.00,111.85,5.28,52.50,113.16,182.84
8.1,100.80,45.67,63.05,7.07,14.52,25.22,0.00,0.00,0.00,0.00,0.00,15.41,0.00,3.01,36.26,142.94,2.14,96.82,107.39,184.95
8.2,23.07,49.16,30.64,0.36,1.70,20.92,0.82,0.09,0.00,0.18,0.00,21.91,5.15,46.25,63.10,153.74,9.64,119.22,108.04,146.65
8.3,63.43,48.77,17.42,0.09,14.73,12.91,0.00,0.00,0.00,0.00,0.00,0.02,0.01,6.07,32.82,131.61,19.58,111.55,121.38,188.09
8.4,45.88,63.86,11.79,0.00,29.95,0.01,0.00,0.00,0.00,0.00,0.00,0.00,0.00,13.53,35.16,118.88,42.64,93.49,142.78,160.93
8.5,13.28,69.02,3.73,0.13,1.76,0.00,0.00,0.18,0.00,0.00,0.00,0.00,1.45,14.66,35.49,80.83,33.01,101.43,124.19,165.46
8.6,20.91,96.11,1.67,0.00,46.21,4.60,1.59,4.15,2.01,0.00,1.68,0.18,0.30,7.27,32.70,10.78,58.94,92.32,43.13,171.28
8.7,36.67,130.26,0.89,0.00,35.59,12.71,0.00,0.00,2.71,0.00,0.00,0.00,8.71,44.18,64.32,20.47,21.83,108.50,41.97,35.58
8.8,48.05,106.37,0.00,1.25,5.52,0.10,0.00,0.00,0.00,0.00,0.00,0.00,0.01,20.90,46.27,49.53,16.77,99.54,44.92,32.54
8.9,61.13,104.30,0.71,0.00,21.89,0.00,0.48,0.00,0.00,0.00,0.00,0.00,0.00,0.02,0.26,6.11,7.71,121.00,61.32,83.43
9.0,78.10,87.15,3.05,0.27,20.74,0.00,0.39,0.64,0.00,0.00,0.00,1.37,0.00,0.00,0.00,0.34,6.24,94.63,28.12,78.65
9.1,52.06,44.95,3.01,0.48,0.02,0.00,0.00,0.00,0.00,0.00,0.00,0.00,0.00,0.00,0.00,16.37,0.01,86.57,92.17,115.34
9.2,52.22,49.66,1.38,1.42,0.81,0.00,0.00,5.17,0.00,0.00,0.09,0.00,0.00,0.00,0.00,11.42,0.27,76.62,87.07,171.88
9.3,62.79,47.93,0.00,6.50,0.00,1.49,0.00,81.04,0.00,0.00,0.00,0.71,0.18,0.00,0.00,1.16,0.00,25.48,72.76,179.32
9.4,52.46,22.85,39.41,16.93,0.22,0.00,0.00,47.44,0.00,0.00,0.00,0.18,0.00,0.00,0.00,34.53,1.07,17.93,120.94,183.96
9.5,62.69,35.91,27.68,8.01,0.00,0.00,0.00,44.07,0.00,0.00,0.00,0.00,0.00,0.00,0.00,0.03,0.00,38.96,106.83,137.64
9.6,92.93,33.30,46.92,46.47,0.00,0.00,0.00,32.09,0.00,0.00,0.00,0.00,0.00,0.00,0.18,21.49,7.16,86.27,128.58,191.05
9.7,118.90,94.34,38.13,63.02,0.00,0.00,4.37,47.79,0.00,0.63,2.59,0.44,0.00,0.00,4.15,46.80,17.09,106.50,140.53,192.22
9.8,114.66,74.09,32.28,40.06,0.00,0.00,0.00,0.04,0.00,0.11,0.00,2.61,0.00,1.00,31.45,31.42,14.16,86.97,142.13,176.33
9.9,163.93,96.23,17.67,49.74,4.87,0.00,0.00,0.00,0.13,0.00,0.00,0.00,0.00,0.00,1.68,6.95,7.30,106.28,60.92,126.45
10.0,121.11,96.07,17.68,65.50,3.74,0.18,0.62,1.15,0.00,0.00,0.00,0.00,0.00,0.00,21.74,17.15,17.92,118.96,77.22,130.04
10.1,72.18,63.38,3.43,37.36,10.43,0.13,5.70,0.44,0.00,0.00,0.18,0.11,0.38,1.09,2.99,56.36,6.61,84.61,114.00,106.11
10.2,95.57,50.54,1.90,38.66,0.01,0.00,4.27,0.09,0.29,0.00,0.00,0.62,0.00,1.38,1.71,50.81,5.76,97.08,101.78,116.12
10.3,84.82,34.47,55.01,36.94,1.15,12.83,0.00,0.00,0.00,0.00,0.00,77.05,11.55,0.00,15.64,158.41,11.23,103.07,113.56,106.23
10.4,115.19,59.71,60.49,36.67,0.00,5.88,1.42,0.00,0.00,0.00,0.00,78.36,24.63,0.13,31.17,149.64,16.32,114.83,132.37,178.77
10.5,119.05,81.63,63.33,2.46,11.39,13.29,0.00,0.67,0.00,0.00,0.00,65.03,8.63,0.00,29.14,179.65,13.27,66.71,144.42,173.11
10.6,101.28,47.06,54.70,6.50,0.23,7.00,0.09,0.18,0.00,0.00,0.00,113.04,50.73,14.25,58.87,93.92,8.69,115.13,131.05,194.41
10.7,1.30,4.42,49.46,2.39,0.00,3.55,0.78,1.97,0.00,0.00,0.00,73.25,25.35,0.10,40.44,181.03,3.36,58.08,131.29,193.04
10.8,93.33,49.46,64.01,6.95,0.27,14.69,17.06,0.09,0.00,0.00,0.00,81.64,25.21,0.00,32.32,156.94,6.68,100.34,134.15,185.04
10.9,71.90,6.77,84.87,9.55,0.27,1.07,0.13,0.18,0.00,0.00,0.00,78.22,12.02,5.70,55.01,158.03,11.04,95.88,152.79,118.86
11.0,110.63,25.00,73.50,29.88,0.09,0.00,1.77,0.00,0.00,0.00,0.00,0.08,0.01,0.01,0.05,81.69,17.41,82.73,157.00,124.58
11.1,172.70,43.54,105.22,63.96,4.32,1.42,6.14,0.00,0.00,0.00,0.00,0.09,0.00,0.00,0.00,108.68,14.20,79.05,146.36,173.80
11.2,109.64,80.47,76.69,19.30,59.62,0.38,0.01,35.69,0.00,0.00,0.00,0.00,0.00,0.00,17.93,167.37,16.80,107.18,138.12,132.98
11.3,129.91,124.36,43.06,10.30,102.41,2.38,0.00,50.18,29.69,1.29,0.00,0.00,11.61,5.97,36.76,113.08,25.17,127.64,107.34,172.42
11.4,144.26,123.73,88.73,56.93,33.83,13.01,33.81,4.85,0.93,0.00,0.27,56.08,16.23,37.23,57.48,168.98,16.25,112.09,129.78,184.47
11.5,97.99,100.74,139.57,19.30,38.23,36.66,15.42,0.12,0.00,1.76,0.35,69.89,37.54,36.84,53.94,152.77,2.89,88.45,111.38,190.67
11.6,45.82,67.71,1.82,68.28,110.66,0.25,70.05,195.32,101.07,49.39,1.06,70.87,79.90,44.12,34.38,0.43,1.07,87.49,93.59,135.44
11.7,88.01,117.55,0.00,47.58,113.60,11.83,43.17,191.71,112.51,40.16,2.79,101.68,83.78,70.68,49.25,22.69,19.11,117.09,35.30,130.19
11.8,43.88,89.56,87.19,4.50,44.68,22.13,0.04,0.44,63.39,0.04,0.00,45.61,48.22,42.39,70.58,167.03,31.54,105.13,154.30,94.75
11.9,94.72,100.03,53.39,3.58,80.31,29.77,1.01,23.95,108.65,10.35,1.04,84.87,98.20,84.97,68.22,183.84,22.34,108.58,144.44,110.93
12.0,68.83,83.72,58.35,9.01,50.15,13.84,2.21,0.02,74.71,12.13,0.00,96.94,88.81,59.98,81.22,158.96,19.71,102.64,145.05,104.22
12.1,59.92,75.84,0.06,6.92,79.04,26.11,47.05,182.43,134.05,42.31,6.65,107.23,106.20,86.76,68.63,37.86,29.21,96.21,47.13,14.79
12.2,66.36,79.81,0.00,45.41,98.08,19.35,49.32,199.82,141.44,48.19,2.75,65.61,111.59,85.48,57.55,15.08,29.81,96.17,58.91,51.61
12.3,138.63,80.31,52.98,30.54,102.43,4.35,0.05,46.96,16.17,0.05,0.00,35.40,64.65,63.65,51.62,189.06,13.06,105.82,145.09,145.77
12.4,150.81,103.09,32.21,4.12,69.19,1.33,0.00,0.04,65.89,9.04,0.00,57.03,101.49,68.07,68.74,162.37,13.83,113.40,144.17,177.01
12.5,108.29,59.67,42.41,0.09,33.42,19.05,0.69,0.98,33.68,0.63,0.00,58.61,79.96,46.66,71.92,163.69,14.30,98.19,137.13,89.20
12.6,137.87,59.40,32.88,15.31,27.89,5.77,2.82,0.00,0.26,0.00,0.00,28.50,11.46,35.29,49.72,190.93,15.81,93.47,142.34,135.54
12.7,136.11,56.25,27.01,39.80,17.67,4.39,0.00,0.00,0.00,0.11,0.09,16.81,0.01,2.60,27.27,177.76,8.95,70.12,130.81,104.01
12.8,145.61,61.10,25.68,82.48,93.70,0.00,0.00,22.03,2.46,0.00,0.00,7.44,0.00,11.73,36.32,133.64,20.16,85.20,151.61,156.96
12.9,159.19,101.99,28.09,78.73,98.96,0.95,2.72,58.32,44.54,0.00,0.00,0.01,0.00,15.34,9.61,76.16,10.11,126.24,143.16,180.90
13.0,164.02,87.40,27.90,67.60,70.28,0.00,2.03,37.88,0.05,0.00,0.00,0.00,0.00,0.01,11.27,124.86,11.56,66.59,134.79,187.73
13.1,162.47,55.87,11.35,26.63,30.18,0.00,0.00,19.31,1.00,0.00,0.00,0.35,0.78,0.09,0.01,0.79,0.01,52.29,84.18,186.54
13.2,192.99,109.88,17.02,41.29,23.72,0.00,0.39,20.40,0.00,0.00,0.00,0.00,0.00,0.00,0.00,0.00,13.03,52.73,110.58,193.12
13.3,176.92,47.96,3.75,45.26,62.80,0.00,1.68,38.37,0.09,0.00,0.00,0.09,0.00,0.00,0.00,0.09,0.10,39.65,128.96,141.01
13.4,158.69,75.57,14.03,52.87,59.00,0.00,0.09,55.89,0.33,0.00,0.00,0.62,0.00,0.00,0.22,0.00,0.09,59.02,90.01,177.61
13.5,152.26,86.01,38.29,69.43,66.47,0.00,6.44,52.82,0.11,0.00,0.00,5.15,1.97,0.00,0.27,0.00,6.87,74.62,123.44,197.62
13.6,0.15,0.08,19.75,0.06,0.06,13.84,52.00,35.05,65.58,43.98,5.16,123.27,107.11,64.23,58.09,121.24,0.01,13.05,52.99,0.20
13.7,0.00,1.68,12.88,0.00,1.68,4.83,62.46,69.71,85.53,44.96,2.51,125.70,91.15,49.62,52.16,138.94,0.00,9.32,64.85,37.55
13.8,0.00,0.00,55.39,16.66,0.09,13.18,80.12,65.68,72.71,45.63,3.15,119.39,115.40,90.45,55.39,123.30,0.85,36.30,96.33,23.82
13.9,0.00,0.00,40.56,22.01,0.00,0.81,78.21,124.47,81.26,43.71,4.26,105.13,113.72,70.23,37.00,123.40,0.11,32.67,61.40,0.03
14.0,109.23,89.10,11.21,12.16,76.68,4.87,0.08,48.26,57.74,0.04,0.00,3.56,11.97,6.88,26.62,11.36,29.53,108.53,132.53,141.02
14.1,89.63,55.31,5.61,2.12,7.48,0.00,0.00,0.24,0.06,0.00,0.00,3.69,3.65,16.85,42.38,80.95,1.10,52.37,147.13,107.42
14.2,56.42,60.44,0.01,0.09,20.69,0.00,0.00,0.00,0.00,0.00,0.00,0.00,10.90,2.32,38.92,105.25,0.00,57.47,124.43,110.72
14.3,67.25,37.60,0.13,0.00,4.16,0.00,0.00,0.00,0.00,0.00,0.00,3.30,14.39,12.30,42.25,129.68,6.35,101.83,145.20,80.15
14.4,36.90,38.80,5.80,2.70,0.23,0.09,0.53,0.00,0.00,0.00,0.00,3.48,1.10,2.28,30.19,93.21,1.60,86.82,104.06,86.25
14.5,49.06,40.01,0.45,0.00,4.95,0.53,0.09,0.00,0.00,0.00,0.00,10.51,33.24,17.46,40.12,67.64,7.90,87.56,129.96,87.26
14.6,74.23,43.79,6.73,1.54,0.01,0.00,0.71,0.00,0.00,0.00,0.00,29.07,11.42,12.03,53.16,105.81,1.45,81.79,100.19,114.04
14.7,28.87,2.86,0.10,0.00,0.00,3.10,0.00,0.09,0.00,0.00,0.00,75.74,14.01,9.34,40.30,87.99,0.44,28.68,130.96,101.05
14.8,19.54,0.00,0.00,0.21,0.00,1.95,0.00,0.00,0.00,0.00,0.00,74.43,29.87,15.88,38.72,115.80,0.21,65.50,65.74,94.57
14.9,14.18,0.44,14.64,0.00,0.00,0.27,0.00,0.00,0.00,0.00,0.00,66.37,92.07,21.92,39.21,114.55,0.53,15.55,119.17,128.90
15.0,87.64,0.00,29.95,43.82,0.00,6.45,0.00,1.11,0.00,0.00,0.00,43.37,0.09,2.51,31.84,109.39,6.81,34.23,141.65,128.74
15.1,60.17,0.00,21.87,17.20,0.00,10.09,0.18,0.56,0.00,0.22,0.00,83.26,13.74,25.01,52.38,148.24,3.53,34.83,128.28,143.04
15.2,47.55,2.04,85.38,58.98,1.83,9.57,19.74,0.27,0.00,0.00,0.00,85.91,43.60,30.99,47.00,135.92,1.60,41.27,104.77,135.50
15.3,79.10,0.09,73.62,84.70,0.00,4.70,13.19,1.86,0.00,0.00,0.00,83.74,1.37,6.15,17.26,116.55,0.00,39.69,88.26,176.78
15.4,129.93,17.41,135.83,91.33,46.32,15.90,3.29,61.57,0.00,0.00,0.00,30.37,0.00,0.01,9.63,164.85,5.38,43.22,113.89,104.38
15.5,135.19,14.03,101.81,109.37,79.40,7.37,44.24,144.23,4.02,0.00,0.00,51.84,0.00,0.00,0.40,51.84,1.95,41.49,115.81,135.63
15.6,136.44,21.59,123.86,93.84,91.23,10.64,35.18,150.46,18.42,0.00,0.00,24.77,0.00,0.00,0.00,120.99,4.67,0.39,132.08,138.02
15.7,120.02,42.01,89.23,99.45,88.51,5.00,48.36,154.12,12.29,0.00,0.00,77.53,3.23,0.67,2.48,107.60,2.22,31.18,118.89,116.74
15.8,98.89,2.46,77.80,83.65,34.14,11.38,39.50,90.01,0.01,0.00,0.00,32.39,0.00,0.00,3.49,106.35,0.00,27.28,111.92,144.99
15.9,86.58,0.00,77.45,106.45,34.54,8.24,46.16,74.84,0.00,0.00,0.00,108.06,1.50,5.73,7.35,86.50,0.48,67.26,102.11,167.19
16.0,69.76,14.92,102.41,103.84,14.52,7.35,69.42,41.63,0.00,0.00,0.62,84.35,4.17,6.52,10.86,131.26,11.21,79.39,131.34,135.83
16.1,104.82,33.01,96.41,92.63,10.15,5.32,45.88,48.35,0.00,0.00,0.00,53.89,2.24,11.92,30.20,236.22,61.70,16.11,126.79,121.23
16.2,116.56,65.65,92.49,81.37,45.61,12.84,51.43,107.19,0.11,0.00,0.00,22.33,0.00,0.01,0.03,199.08,57.67,20.35,132.50,119.34
16.3,122.26,43.85,99.13,95.71,73.52,10.01,37.49,128.18,0.00,0.00,0.00,59.91,0.22,3.46,7.60,221.46,59.04,12.80,129.19,115.89
16.4,120.39,84.13,91.15,98.32,71.52,5.41,48.33,140.36,10.60,0.00,0.00,57.66,0.00,0.00,0.01,161.39,62.94,7.51,117.35,125.30
16.5,127.50,94.73,98.63,103.40,101.36,12.76,46.49,122.56,20.88,0.00,0.00,56.20,0.00,0.00,0.00,144.45,66.39,5.91,132.55,124.29
16.6,114.06,111.41,92.12,103.43,115.44,11.38,47.88,41.86,5.17,0.00,0.00,70.32,0.00,0.71,0.35,79.17,66.11,15.42,132.60,111.32
16.7,123.15,105.89,20.13,40.69,95.79,14.18,0.13,158.66,120.44,8.00,0.00,0.99,71.56,62.55,24.46,86.27,13.86,40.52,125.33,117.93
16.8,163.64,98.00,5.51,46.16,92.59,13.39,1.70,132.28,103.34,1.60,0.00,1.01,69.53,66.72,22.11,76.42,0.01,33.94,83.64,93.67
16.9,136.31,101.40,0.09,2.56,92.62,12.88,1.01,123.58,115.33,5.54,3.19,0.00,55.85,49.53,19.58,64.72,0.00,26.22,58.91,80.81
17.0,116.48,63.67,0.00,14.53,89.99,0.01,2.57,188.21,77.85,21.20,0.00,0.00,69.23,54.12,0.81,0.06,0.00,0.02,0.72,18.45
17.1,144.19,58.96,0.00,41.48,102.65,0.88,15.49,200.67,98.14,24.82,0.00,0.00,73.84,49.36,0.00,0.00,0.00,0.00,14.84,27.54
17.2,144.42,74.39,0.00,32.76,107.11,12.04,2.69,160.62,101.93,26.18,0.00,1.79,79.81,60.34,17.83,6.34,0.00,8.48,0.01,15.87
17.3,167.78,87.96,123.37,45.54,19.37,5.23,22.04,53.64,0.11,0.02,0.00,37.04,1.86,0.06,0.85,161.98,71.52,13.89,111.46,194.32
17.4,107.18,35.36,112.64,7.16,0.02,5.58,0.64,0.14,0.00,0.00,0.00,62.34,0.62,0.00,16.50,162.90,71.99,17.63,100.91,165.39
17.5,145.37,78.00,102.18,5.57,0.62,4.87,2.21,0.09,0.45,0.09,0.00,33.57,0.00,9.73,10.18,188.69,61.72,30.90,98.17,191.39
17.6,125.98,38.19,98.47,0.18,2.75,17.88,9.77,0.00,0.00,0.00,0.00,52.05,0.00,0.01,0.21,135.35,50.31,5.52,89.45,188.95
17.7,163.80,111.97,96.95,0.18,29.50,2.76,0.10,3.36,0.00,0.00,0.00,10.70,0.00,0.00,0.00,132.29,66.77,12.98,103.05,191.84
17.8,177.69,82.35,51.28,41.36,37.75,2.48,0.00,37.90,0.00,0.00,0.00,25.08,4.17,0.00,30.83,224.15,73.29,19.73,129.89,154.43
17.9,170.04,71.80,63.97,51.46,49.55,4.01,1.42,68.50,0.00,0.00,0.00,8.78,0.00,3.01,11.07,233.14,64.34,28.55,127.48,129.09
18.0,154.96,109.21,50.17,89.94,74.93,9.74,7.16,94.33,6.70,0.00,0.00,31.20,0.00,6.92,20.83,239.29,75.73,41.48,114.66,126.16
18.1,201.07,138.84,20.82,111.68,44.97,5.32,11.73,105.19,2.57,0.00,0.00,25.11,0.79,3.23,30.77,240.37,85.14,52.32,132.49,128.74
18.2,137.78,53.23,54.59,0.32,0.04,21.98,2.27,0.99,40.23,25.67,5.90,114.87,118.67,53.47,39.97,181.11,65.68,32.14,109.62,196.32
18.3,12.37,27.72,20.06,0.00,0.00,10.79,13.07,4.02,37.81,35.67,2.57,111.91,118.27,56.40,34.43,200.87,62.42,17.06,102.43,186.57
18.4,65.97,51.98,31.83,0.18,0.00,23.61,51.37,26.11,53.57,39.02,5.40,111.27,129.11,64.16,31.69,203.52,61.75,30.46,110.44,145.44
18.5,187.81,106.17,88.12,61.81,62.53,6.15,0.57,68.28,0.06,0.04,0.00,41.61,0.13,4.53,18.61,234.05,82.76,27.84,134.86,193.37
18.6,167.41,84.62,112.75,93.62,59.93,10.88,14.76,97.00,0.00,0.00,0.00,6.94,0.00,0.01,0.02,143.35,83.91,24.12,82.90,180.28
18.7,168.74,71.05,101.73,26.22,112.62,3.51,0.01,56.38,10.92,0.00,0.00,0.01,0.18,0.56,0.09,156.24,46.85,26.41,131.23,167.68
18.8,162.27,82.26,75.45,46.40,138.20,4.09,0.00,39.35,26.11,0.00,0.00,3.80,0.00,0.00,6.98,197.62,17.58,72.36,134.99,191.15
18.9,178.80,48.21,104.34,72.69,104.05,33.05,0.27,26.56,0.03,0.00,0.00,62.23,3.01,2.23,34.78,220.83,37.36,48.23,138.18,142.38
19.0,160.29,67.81,114.23,45.81,103.12,23.42,1.58,12.15,5.92,0.00,0.00,77.49,13.35,1.57,34.33,226.35,36.82,47.73,135.72,159.19
19.1,148.75,51.60,152.96,9.19,95.39,71.82,11.28,27.00,19.66,0.00,0.00,47.20,0.01,0.00,7.02,180.52,23.92,63.91,146.48,169.11
19.2,54.22,38.22,146.79,11.07,0.09,27.03,113.31,37.14,11.74,39.21,6.46,99.11,127.86,66.21,39.17,166.89,0.38,13.58,101.95,155.60
19.3,148.98,63.43,48.23,108.71,111.39,0.78,85.02,203.01,113.97,39.65,4.08,11.67,40.22,18.44,0.04,39.91,1.72,90.29,132.19,146.14
19.4,148.40,68.59,132.84,51.23,121.96,19.79,3.47,56.56,6.60,0.04,0.00,77.12,4.99,13.45,35.82,190.01,26.41,63.05,106.63,171.40
19.5,196.83,79.46,99.99,79.21,121.27,4.18,63.65,167.83,110.21,25.35,0.00,0.34,29.76,8.29,0.03,64.50,18.07,37.73,104.66,163.22
19.6,80.85,0.08,0.19,51.00,105.22,8.76,83.09,166.99,110.43,33.96,4.07,118.12,115.49,63.41,40.10,31.19,0.02,0.50,4.61,0.17
19.7,184.26,15.72,0.35,73.99,133.87,10.24,47.81,175.67,114.87,32.87,1.86,66.76,117.82,84.58,32.24,4.73,0.00,0.00,0.00,0.67
19.8,84.81,0.02,0.09,92.29,56.44,0.63,66.02,190.88,83.36,42.30,1.15,84.31,112.25,68.14,30.18,58.44,0.09,0.18,0.83,0.00
19.9,132.18,49.49,0.09,141.74,121.27,8.30,86.93,213.81,93.16,31.52,2.83,91.58,121.67,70.12,18.43,5.00,0.00,0.00,0.00,3.91
20.0,143.35,15.26,2.12,96.22,73.88,0.27,67.00,176.50,71.87,44.29,5.13,69.26,99.27,24.12,0.02,0.01,0.00,0.00,0.75,0.52
20.1,77.32,0.01,1.46,115.85,73.10,1.23,82.26,194.39,85.45,42.38,2.13,56.80,113.51,40.24,3.33,0.00,0.00,0.00,0.00,0.00
20.2,81.75,56.62,0.00,127.98,57.45,0.48,70.53,192.78,61.31,47.14,2.57,54.86,104.41,19.57,0.00,1.06,0.00,0.00,0.00,0.00
20.3,109.94,134.26,21.67,112.33,67.31,14.27,0.07,43.04,0.07,0.38,0.00,0.05,3.85,6.80,7.80,229.99,21.47,52.59,134.41,170.26
20.4,155.79,101.69,13.37,100.82,69.73,9.49,83.48,168.03,52.76,47.43,3.65,68.02,97.85,17.71,0.54,0.22,0.91,0.05,4.81,40.30
20.5,136.41,95.11,11.33,94.81,104.48,0.10,80.05,164.39,70.23,43.75,10.03,5.37,48.94,5.50,0.00,1.15,0.00,38.14,81.60,114.63
20.6,133.06,88.20,8.65,110.18,128.60,3.12,71.67,195.14,92.29,44.89,1.43,7.44,43.03,5.76,0.00,1.04,0.00,23.85,70.77,159.89
20.7,56.37,86.68,0.27,87.69,119.68,3.83,43.51,183.75,96.55,33.10,0.00,0.01,72.14,46.58,0.00,0.00,0.88,39.45,84.84,64.47
20.8,43.34,106.85,0.00,46.39,106.59,10.56,24.82,173.38,102.18,47.86,0.35,2.30,85.74,38.26,7.62,46.74,0.00,28.35,93.87,56.42
20.9,18.75,111.35,13.48,12.09,113.26,2.02,1.88,110.58,98.43,7.55,0.00,0.00,46.16,54.39,18.92,107.05,7.48,41.20,137.57,138.74
21.0,5.97,116.14,27.20,2.26,133.08,26.84,0.11,128.93,131.58,20.84,0.18,0.77,65.43,64.79,19.44,143.50,9.94,43.83,135.33,149.24
21.1,0.01,76.07,32.71,39.37,127.55,9.08,1.42,171.88,111.69,5.76,0.00,0.00,31.82,35.09,0.02,73.28,8.53,50.55,129.61,194.60
21.2,37.26,146.93,60.96,33.33,143.17,18.29,3.34,147.21,117.27,12.25,0.00,0.00,49.39,69.14,1.54,24.80,0.01,50.98,95.06,160.59
21.3,24.47,141.24,70.76,88.84,91.77,3.42,1.86,144.01,42.16,0.36,0.00,0.18,0.05,0.07,0.00,29.52,14.95,28.84,88.77,175.11
21.4,30.97,125.83,52.88,29.02,142.77,0.00,0.00,119.12,83.24,0.00,0.00,0.00,0.00,26.91,0.09,2.05,0.95,39.40,102.22,169.70
21.5,27.81,150.80,46.32,37.82,138.39,44.66,5.57,156.73,138.13,24.81,0.00,0.00,22.38,79.17,6.64,39.16,0.00,64.40,95.26,187.49
21.6,28.19,139.80,48.51,0.03,100.50,33.37,0.01,34.55,125.63,5.34,0.00,0.09,26.55,82.83,27.16,139.09,2.97,78.16,119.40,179.05
21.7,167.48,117.31,69.57,40.43,4.29,33.98,98.89,67.57,0.13,29.72,2.83,78.09,12.92,0.08,0.02,31.01,6.99,9.25,44.89,151.18
21.8,144.59,123.20,37.12,83.11,26.80,1.71,25.60,9.03,0.00,0.03,0.00,48.25,0.01,0.00,0.00,61.15,28.85,0.01,6.31,119.81
21.9,121.77,152.02,77.79,3.18,2.56,2.04,33.63,0.45,0.00,0.00,0.00,83.69,12.06,0.00,0.35,87.32,9.75,14.45,58.69,188.28
22.0,159.23,138.01,76.74,70.83,42.46,10.18,65.24,7.23,0.00,0.00,0.00,48.94,0.01,0.00,0.00,97.61,36.95,22.69,136.22,136.95
22.1,147.65,128.34,56.50,97.86,85.29,0.72,46.17,36.80,0.00,0.00,0.00,27.57,0.00,0.00,0.00,118.75,34.03,22.42,146.49,127.33
22.2,142.32,120.08,96.41,44.53,13.31,29.54,49.36,0.39,0.00,0.00,0.00,56.88,0.00,0.00,0.00,59.67,59.35,9.93,118.59,116.89
22.3,136.32,108.76,67.41,77.86,1.92,22.70,77.89,84.80,0.00,6.10,2.39,15.25,0.00,0.00,0.00,107.65,59.73,1.68,99.10,107.09
22.4,119.04,115.22,31.65,50.32,0.00,33.59,88.68,68.56,0.00,6.27,2.92,84.45,7.26,0.00,0.00,103.97,33.29,2.23,60.27,168.40
22.5,148.76,110.79,66.14,71.21,4.70,18.19,78.40,45.83,0.00,4.92,5.67,46.62,1.78,0.00,0.00,71.86,17.99,0.00,20.00,162.62
22.6,1.47,0.10,1.76,2.54,1.24,26.34,19.36,26.03,118.84,35.96,1.42,92.22,115.73,83.62,38.79,234.15,8.87,37.43,112.86,68.73
22.7,174.69,38.92,139.65,57.27,19.07,7.06,40.49,18.11,0.13,0.04,0.00,23.88,0.29,0.08,1.19,212.03,27.02,8.95,74.77,147.13
22.8,158.67,30.34,135.05,37.95,0.13,15.98,76.47,0.02,0.00,0.00,0.09,93.90,53.44,0.00,19.89,185.50,6.85,0.68,41.08,140.77
22.9,113.34,113.16,111.12,0.12,0.11,0.99,20.35,2.34,0.00,0.75,0.00,73.57,47.66,12.18,33.11,154.52,22.60,17.22,129.78,144.01
23.0,42.03,121.23,41.54,0.00,0.29,1.06,5.12,0.00,0.11,0.00,0.00,74.45,23.14,9.82,31.76,163.46,7.88,41.60,110.90,92.03
23.1,85.22,119.25,119.09,0.00,0.00,7.51,3.94,0.00,0.00,1.69,0.62,66.99,109.25,11.91,24.00,223.43,30.81,44.07,117.20,91.24
23.2,167.91,134.63,94.96,31.10,0.53,6.44,8.50,2.70,0.00,0.00,0.00,19.64,9.72,17.59,13.61,222.57,29.11,24.55,110.31,144.83
23.3,102.43,146.70,76.91,21.08,37.65,6.54,0.19,0.00,0.00,3.01,0.00,5.95,0.45,0.29,0.01,175.90,48.71,12.87,126.86,146.71
23.4,94.68,177.83,62.96,23.68,9.88,14.57,0.44,0.09,0.00,0.00,0.00,1.07,0.00,0.00,0.00,155.19,33.61,19.54,111.56,157.40
23.5,126.84,155.95,94.31,53.40,4.52,1.33,11.80,0.71,0.00,0.00,0.00,10.04,6.55,0.00,0.00,121.96,24.02,4.90,106.53,153.40
23.6,100.56,152.47,67.76,9.66,0.00,0.00,1.86,0.64,0.00,0.00,0.00,0.01,0.01,0.00,0.00,84.98,34.67,17.12,62.37,159.91
23.7,19.50,158.76,59.72,1.08,0.00,0.00,0.00,0.00,0.00,0.00,0.00,0.00,0.00,0.00,0.00,84.16,0.03,1.92,97.32,128.74
23.8,9.14,149.04,52.64,11.02,11.17,0.00,0.00,0.00,0.00,0.00,0.00,0.00,0.00,0.00,0.00,90.66,2.87,0.11,105.45,87.65
23.9,0.54,140.62,42.87,1.13,0.01,0.00,0.27,0.00,0.00,0.00,0.00,0.00,0.00,0.00,0.44,107.12,0.00,0.67,108.06,117.21
24.0,100.61,145.60,56.06,16.24,30.63,0.00,0.00,0.00,0.00,0.00,0.00,27.72,1.17,0.00,0.00,141.99,21.16,3.52,122.05,104.19
24.1,109.18,152.84,65.28,45.00,82.96,1.59,3.30,8.90,0.00,0.00,0.00,33.88,7.43,0.00,10.73,177.80,17.82,20.62,106.46,149.19
24.2,0.10,19.30,53.74,0.04,0.08,17.14,29.30,43.86,76.08,36.37,2.57,118.03,107.96,58.89,35.76,238.56,40.53,31.12,116.73,99.61
24.3,0.00,0.02,2.73,0.00,1.44,14.83,10.78,40.24,89.72,53.50,4.25,114.38,116.72,71.01,33.65,239.73,22.81,44.11,97.48,58.00
24.4,0.00,0.00,0.00,0.00,0.00,33.36,13.55,60.20,116.85,46.17,3.19,61.53,123.85,82.01,40.09,196.29,3.05,12.61,76.39,47.46
24.5,0.00,0.00,0.00,0.00,3.01,12.02,67.57,67.94,79.62,48.25,3.45,110.12,111.96,46.55,37.30,143.15,0.98,0.01,0.25,0.05
24.6,0.00,0.00,0.00,3.84,0.00,0.01,29.14,14.55,31.50,28.31,0.00,100.37,121.84,29.78,34.06,153.84,0.00,0.00,55.44,0.00
24.7,0.00,0.00,0.00,0.00,0.00,0.53,0.47,0.02,16.39,14.63,3.10,89.40,122.96,49.43,37.53,134.99,0.00,0.00,17.66,16.94
24.8,0.00,0.00,0.00,0.00,0.00,0.27,0.00,6.03,71.19,5.83,0.00,4.92,91.07,47.36,26.65,173.96,0.00,0.35,33.14,55.92
24.9,0.00,0.00,1.84,0.00,0.22,0.00,0.00,16.09,86.04,0.80,0.00,0.27,56.28,39.13,30.50,213.83,32.02,0.00,60.83,107.48
25.0,0.13,1.15,0.00,0.44,27.04,0.00,39.84,126.92,84.72,48.54,0.09,23.86,108.62,45.47,52.59,173.50,66.43,0.78,1.83,61.98
25.1,0.00,0.18,0.00,4.47,44.65,0.00,52.46,150.22,70.50,31.18,0.00,27.30,93.58,23.61,44.71,147.78,16.42,0.00,1.59,0.06
25.2,0.00,0.00,0.00,5.05,20.13,0.00,11.25,151.93,70.02,18.86,0.00,0.03,42.84,36.64,51.41,165.90,20.43,0.00,2.39,0.00
25.3,0.00,0.55,1.29,20.37,71.57,0.00,25.38,171.25,52.72,25.38,0.00,0.00,27.43,32.87,69.13,172.09,52.05,0.35,0.98,0.00
25.4,11.85,24.75,0.00,9.20,29.07,0.00,2.60,89.21,66.10,6.28,0.00,13.67,19.76,17.33,77.51,183.42,101.65,4.16,2.48,107.75
25.5,1.01,2.03,0.00,0.01,39.00,0.00,0.09,7.84,33.43,10.20,0.00,14.19,46.13,28.13,74.71,111.21,109.03,27.68,13.28,110.23
25.6,0.69,23.23,2.17,0.73,6.08,3.58,0.00,27.91,44.15,2.17,0.00,47.59,38.79,28.85,79.40,131.45,87.81,85.28,4.36,133.92
25.7,0.00,5.52,0.72,2.17,75.79,0.09,1.24,155.31,44.57,17.38,0.00,1.20,84.79,19.05,73.30,102.55,74.37,0.35,0.00,39.65
25.8,0.00,7.37,0.00,0.38,28.41,0.00,6.65,164.35,42.70,15.64,0.00,5.76,58.94,15.49,78.99,49.17,61.47,3.79,0.00,0.04
25.9,0.00,2.84,0.11,0.00,12.07,0.18,0.12,38.73,23.52,24.20,0.00,32.42,110.30,23.77,70.17,57.58,48.65,0.00,14.97,20.56
26.0,0.00,0.27,0.27,0.00,55.15,1.42,27.24,99.73,57.80,36.65,5.66,89.28,100.64,28.49,85.16,101.72,65.77,0.00,0.01,0.02
26.1,0.09,0.00,0.00,23.59,102.86,0.00,14.29,125.97,55.68,40.14,0.01,46.21,103.54,28.88,66.35,93.51,21.26,1.15,2.39,52.88
26.2,26.14,72.48,0.00,36.39,98.67,0.00,21.41,150.97,60.73,30.51,1.50,79.42,108.81,14.10,67.93,94.77,8.02,0.66,20.65,12.15
26.3,65.35,61.00,0.13,35.08,94.99,0.18,16.04,160.98,75.85,34.69,0.09,65.05,114.09,29.42,86.13,111.56,6.73,0.00,0.02,0.28
26.4,102.73,70.00,0.00,32.00,87.68,0.00,0.13,136.11,84.19,17.74,0.00,36.13,106.04,21.49,83.07,81.38,7.00,0.25,0.00,0.00
26.5,130.02,91.03,0.00,59.51,111.19,3.92,2.20,165.25,82.54,24.19,0.00,6.41,93.18,12.47,12.69,50.60,1.42,0.00,2.39,0.00
26.6,68.46,66.43,0.00,27.50,120.26,0.41,0.09,146.93,89.94,37.11,0.62,26.11,103.44,36.98,63.03,98.18,32.47,0.00,0.00,0.00
26.7,42.60,66.48,0.36,12.41,94.71,0.00,0.09,130.49,74.01,7.29,0.53,28.07,114.26,31.92,59.56,80.41,17.54,0.00,0.00,0.00
26.8,31.20,13.15,0.09,24.81,111.06,0.00,1.12,131.76,73.25,5.45,0.00,32.32,103.98,22.27,40.57,52.58,0.37,0.00,0.00,0.29
26.9,47.25,84.74,0.29,0.11,103.11,0.00,0.50,24.18,56.00,4.87,0.00,4.49,75.28,40.30,51.57,87.52,56.26,0.98,0.00,38.07
27.0,4.38,61.38,0.00,0.09,34.78,0.00,0.00,1.21,4.08,0.67,0.00,48.29,89.86,37.86,75.28,89.83,89.84,25.89,0.89,117.02
27.1,0.56,15.57,0.00,0.09,61.85,1.06,0.00,49.77,75.84,13.71,0.00,96.58,111.17,28.66,75.91,98.92,69.02,0.03,0.00,101.84
27.2,6.81,56.60,0.00,5.93,83.28,0.00,2.45,111.84,85.67,9.29,0.00,49.85,110.11,33.15,60.32,37.69,35.71,0.00,0.00,5.87
27.3,18.14,20.40,0.00,19.52,101.33,0.00,0.11,186.33,66.35,26.75,0.00,77.19,105.84,35.11,43.74,32.41,1.71,0.53,0.00,0.01
27.4,85.17,46.32,0.00,63.43,103.51,0.00,14.31,200.30,99.56,26.73,3.01,47.89,115.41,28.76,22.64,30.44,0.18,0.00,0.00,0.00
27.5,86.86,29.30,0.00,65.25,105.94,0.18,10.68,202.02,72.04,15.67,0.09,79.36,99.26,13.61,31.04,26.48,0.00,0.09,0.00,0.00
27.6,60.33,50.34,0.00,70.60,103.29,5.31,66.51,190.92,74.49,42.55,4.10,88.24,105.03,27.97,3.75,32.21,3.60,1.06,0.00,0.00
27.7,1.65,77.33,42.29,0.07,0.10,6.06,0.54,0.18,0.30,8.26,0.00,96.86,97.41,0.03,69.76,59.99,115.38,74.94,32.44,190.31
27.8,0.09,63.52,36.53,0.09,0.00,10.31,10.33,0.00,0.00,5.46,0.09,127.89,71.60,5.25,74.46,59.05,125.00,77.91,34.91,184.91
27.9,94.74,15.65,14.71,120.78,105.08,0.01,86.53,195.99,67.90,35.91,1.42,67.99,88.90,2.12,0.08,2.35,0.12,0.07,0.03,0.19
28.0,66.08,0.66,24.41,124.65,55.72,0.00,83.75,183.07,12.01,37.14,1.68,83.30,96.51,0.13,45.76,4.88,3.21,0.00,0.00,0.22
28.1,145.62,11.56,59.77,100.63,78.83,12.16,76.61,195.18,18.27,45.41,4.07,105.21,103.21,0.82,26.80,0.01,0.00,2.21,0.00,3.91
28.2,101.50,0.72,84.40,120.05,48.57,10.36,91.09,198.29,6.85,31.47,1.53,129.74,93.35,0.95,31.19,16.60,32.88,50.70,0.00,0.00
28.3,110.38,7.35,91.86,104.53,45.43,7.97,93.41,182.56,5.91,35.02,0.00,130.48,109.40,0.52,23.13,5.36,59.76,67.03,5.58,1.50
28.4,78.79,0.01,94.74,110.04,41.01,13.72,113.34,163.91,2.56,18.47,0.00,117.59,45.18,0.00,3.16,0.22,26.14,63.50,0.12,39.52
28.5,82.99,0.00,93.85,110.06,42.73,17.57,90.50,196.04,13.49,28.58,0.18,135.06,77.28,0.00,43.32,7.25,91.83,64.28,8.96,34.47
28.6,28.16,6.10,74.03,87.25,2.69,12.58,95.96,168.96,21.88,32.71,3.01,122.47,110.27,10.99,78.71,18.63,90.11,73.67,1.06,37.99
28.7,39.28,0.01,94.88,100.23,15.67,25.45,93.31,153.53,22.91,44.94,0.00,127.34,103.77,30.06,86.21,39.86,104.75,74.46,2.85,10.50
28.8,46.21,0.00,113.00,94.10,0.01,22.32,95.79,36.76,38.29,29.60,1.15,121.07,106.87,32.13,78.83,46.38,71.51,35.94,2.39,0.01
28.9,8.00,0.00,61.97,101.21,1.90,19.12,96.87,109.38,20.39,44.86,1.15,112.16,105.20,22.76,79.12,26.46,44.80,14.95,0.00,0.00
29.0,0.45,0.00,13.85,80.21,5.22,0.02,80.72,153.92,2.32,36.44,3.36,96.29,105.66,7.67,72.59,9.04,23.88,0.01,0.00,0.00
29.1,0.00,0.00,0.01,2.82,0.01,0.18,62.56,88.64,13.18,38.76,1.15,84.43,104.77,10.78,93.67,18.93,60.54,0.00,0.00,0.00
29.2,0.00,0.38,10.35,1.15,0.71,0.00,56.06,32.69,3.50,36.77,1.95,97.13,113.40,8.70,42.31,0.86,76.69,20.77,0.88,52.54
29.3,0.60,0.00,22.88,13.52,0.09,12.57,71.87,35.90,3.46,29.06,0.53,109.08,81.61,0.01,0.38,0.65,43.09,36.55,0.00,22.41
29.4,0.44,0.18,39.64,0.01,0.18,18.32,61.59,36.48,0.56,29.83,6.46,112.14,89.06,0.00,11.19,0.00,53.82,62.41,0.25,59.56
29.5,0.00,0.00,37.00,15.51,0.00,14.26,78.69,29.97,5.13,33.06,0.01,128.19,86.55,0.00,5.26,0.00,0.05,13.52,0.00,42.77
29.6,0.00,0.00,0.04,9.42,0.55,0.01,55.87,83.00,17.35,37.19,5.66,86.63,99.13,5.58,3.69,0.00,0.00,3.82,0.00,0.26
29.7,0.43,0.09,0.00,53.22,0.00,0.35,61.85,134.58,1.55,50.17,3.99,33.86,29.65,0.01,0.00,0.18,0.27,3.25,0.80,0.00
29.8,9.19,0.80,58.35,62.96,0.00,17.74,100.50,74.47,0.00,26.10,1.86,109.85,36.13,0.00,0.00,0.00,44.77,60.37,0.00,22.13
29.9,22.67,0.00,86.35,68.16,0.00,21.51,85.61,124.72,5.86,32.67,1.24,119.64,64.75,0.00,3.71,4.12,64.32,77.24,4.80,95.88
30.0,40.90,1.59,96.49,72.84,0.00,13.81,92.09,137.90,18.46,39.83,1.95,131.55,83.36,1.06,40.03,10.15,107.53,73.26,7.05,92.81
30.1,63.94,0.00,74.16,92.55,28.39,19.46,85.26,171.90,8.99,40.76,3.36,102.21,70.86,0.00,0.22,1.35,27.32,73.01,4.81,86.99
30.2,144.76,9.34,94.66,101.76,36.69,11.79,81.48,169.50,0.01,27.49,0.45,107.15,23.17,0.00,0.00,0.00,27.53,46.98,1.34,83.65
30.3,46.46,3.32,70.32,104.73,10.64,8.77,92.08,163.83,1.47,27.69,5.04,104.89,42.46,1.00,0.00,0.00,29.42,55.33,0.00,103.16
30.4,31.63,0.00,50.56,96.31,21.92,13.05,91.61,186.06,27.73,38.94,2.13,101.93,73.22,0.00,0.00,0.00,12.33,61.01,5.36,48.22
30.5,115.73,1.33,57.33,111.07,36.75,10.93,78.67,175.70,1.18,8.56,0.18,31.87,1.74,0.00,0.00,0.38,1.01,7.31,0.63,0.05
30.6,128.00,4.02,76.37,115.73,41.22,9.82,55.62,170.79,0.00,1.42,0.00,9.46,0.00,0.00,0.00,0.09,0.00,5.14,0.00,0.00
30.7,161.50,71.03,48.30,129.76,68.83,6.91,44.69,135.83,0.67,1.06,0.00,23.13,0.00,0.00,0.00,0.00,0.00,0.54,0.00,0.00
30.8,143.14,87.01,50.82,127.04,47.57,0.01,50.20,120.38,0.09,0.11,0.00,2.74,0.00,0.11,0.11,0.09,0.18,0.00,7.19,0.18
30.9,152.48,126.08,5.63,82.64,93.35,0.09,0.05,96.24,28.49,0.00,0.00,0.00,0.00,0.00,0.00,35.50,0.00,0.00,4.96,58.06
31.0,140.32,138.03,19.11,62.66,83.89,0.00,0.09,100.06,28.27,0.00,0.00,0.00,0.00,0.13,0.35,62.37,10.19,0.00,39.92,107.10
31.1,148.14,128.20,55.93,62.43,71.23,0.53,12.79,60.08,6.39,0.00,0.00,0.97,0.00,0.00,0.00,32.19,6.63,0.00,35.69,142.22
31.2,163.39,128.84,20.88,56.80,46.84,0.00,21.88,35.92,0.01,0.00,0.00,0.00,0.97,0.00,0.00,16.63,0.85,1.12,46.42,167.26
31.3,143.52,128.37,53.49,40.47,6.01,0.27,1.35,0.03,0.00,0.00,0.00,0.67,0.11,0.00,0.00,0.31,5.40,13.82,31.92,190.43
31.4,99.70,93.90,82.40,24.44,0.01,0.00,20.57,0.00,0.00,0.00,0.00,0.00,0.27,0.56,1.07,0.53,18.47,9.46,25.54,179.35
31.5,131.03,110.83,78.38,56.17,0.00,0.00,27.77,85.34,0.18,0.00,0.00,0.00,0.00,0.00,0.00,0.95,0.02,0.01,33.84,107.54
31.6,172.44,107.67,94.61,87.28,16.33,0.00,73.77,76.79,0.00,1.24,1.77,26.59,0.00,0.13,0.71,4.15,7.06,11.48,45.14,188.68
31.7,143.91,130.54,102.67,71.98,58.28,4.60,23.98,89.44,0.00,0.18,0.00,2.87,0.00,0.00,0.00,63.91,49.53,24.75,33.31,173.73
31.8,155.81,130.72,106.56,112.34,75.96,7.02,13.89,109.04,0.00,0.00,0.00,0.00,0.00,0.00,0.00,114.61,51.60,49.07,37.64,183.53
31.9,165.18,96.27,101.85,123.29,54.71,1.28,34.92,145.52,0.33,0.00,0.00,0.00,0.00,0.00,0.67,112.10,107.83,49.31,38.07,171.78
32.0,149.05,134.28,74.54,103.05,83.62,3.19,4.78,134.85,53.98,0.00,0.00,0.09,0.78,41.01,38.94,117.00,56.30,34.06,90.52,155.66
32.1,140.15,111.68,21.30,113.88,76.78,4.10,3.30,164.86,71.93,0.00,0.00,0.00,0.64,30.48,36.48,161.97,63.24,18.43,60.23,151.72
32.2,143.68,106.04,115.59,118.43,44.70,7.61,84.84,117.55,0.08,11.90,1.50,105.70,49.60,0.03,1.63,1.48,13.18,41.27,33.50,157.69
32.3,133.26,37.52,79.69,85.68,43.57,20.08,85.29,146.00,2.10,44.52,5.49,93.86,66.83,0.00,0.00,0.00,2.93,42.61,0.03,76.71
32.4,125.39,39.05,86.26,104.38,54.28,21.17,90.89,157.47,5.96,24.31,1.79,141.81,67.95,0.00,9.38,4.49,2.82,15.82,0.00,81.72
32.5,152.96,108.73,110.27,125.76,98.79,15.06,85.20,185.07,16.73,28.67,2.13,115.04,85.47,0.00,0.01,13.24,0.00,25.82,48.84,119.94
32.6,147.97,111.21,108.19,117.55,74.22,14.02,98.09,195.57,42.15,25.72,2.75,78.40,38.99,0.00,0.00,10.43,1.72,15.05,1.97,78.63
32.7,144.70,47.98,100.91,122.82,69.22,13.46,92.10,185.85,3.39,23.11,2.92,107.74,41.29,0.00,0.00,0.01,0.00,28.16,1.90,85.73
32.8,112.27,39.84,76.61,119.52,73.55,4.48,82.22,183.27,19.50,36.75,0.45,54.70,34.00,0.44,0.00,0.00,0.30,2.68,0.53,20.60
32.9,124.95,34.43,35.95,98.70,76.08,1.33,87.81,174.40,47.97,34.14,3.89,38.51,36.35,0.00,0.00,0.00,0.00,0.98,0.00,2.09
33.0,158.14,79.17,65.07,99.30,78.17,0.27,63.55,184.29,12.40,33.53,0.09,1.89,28.44,0.00,0.00,0.00,0.00,1.41,5.01,129.60
33.1,123.00,14.98,78.84,87.16,54.55,14.34,94.25,188.19,27.25,46.31,4.10,84.10,82.05,0.44,2.74,0.00,0.00,3.37,0.00,7.95
33.2,1.92,0.01,6.09,75.96,42.75,0.37,70.39,163.82,68.31,39.51,0.18,75.87,104.65,39.90,82.25,23.42,0.27,0.00,0.35,0.01
33.3,17.56,0.00,88.44,86.84,16.00,3.72,80.39,187.42,45.92,26.90,1.73,114.89,106.97,44.38,77.94,22.02,0.00,0.00,0.00,0.00
33.4,19.91,2.57,17.47,84.90,77.98,0.18,71.09,185.39,64.33,30.84,0.49,107.53,105.51,34.94,84.42,48.08,28.05,0.00,0.00,0.00
33.5,64.16,21.96,0.02,44.68,77.79,1.45,25.73,171.95,80.32,23.73,0.00,22.03,91.08,26.09,71.75,36.50,0.11,0.00,0.00,0.00
33.6,71.15,12.27,0.00,14.54,71.37,1.59,1.82,179.86,67.30,18.14,0.00,0.73,54.12,25.02,28.82,30.06,0.00,0.39,0.00,1.47
33.7,108.23,13.09,0.18,30.86,51.03,0.00,0.44,76.82,42.31,0.02,0.00,0.00,36.39,21.48,39.10,13.60,0.00,0.00,1.42,0.00
33.8,64.93,10.96,0.00,52.54,67.08,0.09,29.44,164.94,75.11,0.00,0.18,0.00,44.70,36.24,42.23,5.06,0.00,0.00,0.00,0.11
33.9,81.63,31.51,9.11,95.28,38.10,0.27,14.12,114.14,0.08,0.00,0.00,0.00,0.05,0.04,0.04,1.52,0.00,0.00,0.09,76.35
34.0,83.86,49.48,1.20,59.89,57.98,1.77,0.01,165.11,36.95,0.00,0.00,0.00,3.24,28.63,44.24,119.32,6.02,0.97,0.35,39.22
34.1,14.46,28.12,0.00,49.50,78.22,0.27,4.86,185.73,67.98,11.56,0.71,0.00,5.97,26.45,63.09,100.74,53.05,0.00,0.00,0.04
34.2,46.89,51.56,0.78,35.72,76.32,1.44,14.62,186.71,45.59,0.72,0.00,0.97,0.01,2.26,20.35,88.52,43.82,0.00,7.61,6.52
34.3,61.99,91.87,0.27,21.99,96.26,0.00,3.64,140.65,19.80,0.00,0.00,0.00,0.00,9.27,48.04,143.80,89.11,9.04,15.76,61.60
34.4,52.21,108.31,0.00,72.32,95.85,14.35,13.02,176.11,106.91,0.09,0.00,0.00,0.00,14.97,39.69,168.62,77.32,4.81,25.63,54.55
34.5,34.57,117.04,0.00,0.07,65.47,10.13,0.01,46.84,88.36,0.35,0.00,0.00,15.49,57.19,48.25,122.60,44.34,2.46,10.53,106.03
34.6,94.33,82.95,3.80,14.86,82.29,0.73,0.00,98.74,68.44,0.00,0.00,0.00,20.50,33.36,56.66,123.75,42.14,4.69,10.57,122.21
34.7,138.29,102.88,0.27,71.78,107.48,3.73,0.00,153.99,48.14,0.00,0.00,0.00,0.02,5.95,11.26,119.15,41.34,5.70,9.08,119.75
34.8,138.93,99.14,3.98,74.54,115.35,3.99,1.15,155.65,54.21,0.00,0.44,0.00,0.00,33.32,30.54,120.64,48.96,13.17,15.67,142.40
34.9,130.17,30.82,105.47,101.47,70.03,9.38,93.53,170.06,69.92,22.92,0.00,100.90,110.50,1.72,6.05,0.11,0.05,14.07,0.01,29.72
35.0,144.82,119.00,9.55,42.67,100.36,0.01,0.09,99.06,6.10,0.02,0.00,0.10,0.11,0.00,2.92,81.01,89.33,18.91,52.03,189.79
35.1,142.07,134.85,56.06,96.11,112.11,0.00,26.28,175.62,27.12,0.00,0.00,0.00,0.00,0.00,0.11,81.07,76.58,11.78,29.67,160.29
35.2,120.77,111.61,3.98,52.02,95.00,0.88,1.00,90.78,13.87,0.00,0.00,0.00,0.00,0.00,13.17,90.06,94.07,13.76,34.05,182.64
35.3,147.34,117.67,54.84,78.68,95.37,0.00,17.00,163.08,38.56,0.63,0.00,0.09,2.39,0.00,0.01,64.85,34.21,4.77,57.73,180.13
35.4,163.74,121.09,5.43,50.75,105.40,0.00,2.89,158.41,18.44,0.00,0.00,0.00,0.00,0.00,0.00,64.42,30.60,3.46,39.84,153.14
35.5,90.48,0.11,110.78,78.81,0.48,11.34,94.20,133.44,0.02,29.71,0.00,122.19,78.08,0.00,1.68,1.62,0.83,44.32,9.52,0.43
35.6,68.17,0.00,73.62,49.94,0.00,4.88,73.63,116.98,0.13,29.07,0.00,127.19,100.60,0.00,20.70,8.84,15.03,58.87,0.01,1.48
35.7,28.34,0.44,34.99,13.53,20.13,16.51,58.65,150.66,44.86,41.34,0.35,131.24,109.67,9.65,41.78,7.79,18.48,25.48,0.00,0.00
35.8,3.49,0.00,27.91,9.91,23.86,10.28,61.83,181.58,55.53,26.14,0.00,123.21,83.70,0.01,16.85,0.01,0.02,17.78,0.00,0.00
35.9,0.09,0.00,32.78,0.10,0.02,6.73,33.04,141.25,6.62,6.22,0.00,78.09,21.19,0.00,0.02,0.00,0.00,0.28,0.00,0.00
36.0,0.18,0.00,37.52,0.47,0.00,5.14,25.19,124.69,0.01,1.07,0.00,52.80,3.00,0.00,0.00,0.27,0.00,0.00,0.00,0.00
36.1,31.36,0.48,94.51,54.42,0.00,5.58,39.17,76.17,0.00,0.00,0.00,69.36,5.14,0.00,0.00,0.00,0.35,0.00,0.00,0.00
36.2,7.73,0.18,61.10,10.13,0.80,14.57,22.02,142.58,22.61,21.27,0.00,42.20,20.43,0.88,0.00,0.75,0.00,6.48,1.42,0.45
36.3,29.97,0.00,109.91,87.93,5.84,5.77,75.27,189.68,15.41,25.96,0.00,63.05,64.30,0.00,0.00,0.00,0.00,7.44,0.00,15.20
36.4,70.24,0.00,93.42,114.82,28.88,9.20,87.63,183.75,9.16,17.87,0.35,64.08,10.76,0.09,0.22,4.36,4.28,21.90,0.00,53.94
36.5,40.01,0.53,103.42,101.20,18.19,11.31,84.87,184.45,6.55,28.85,3.81,111.13,61.78,0.00,7.97,7.36,29.23,35.89,0.97,16.45
36.6,4.80,0.00,102.27,62.60,19.16,19.37,73.55,183.54,52.50,34.10,2.04,117.62,99.90,4.96,28.41,10.08,14.01,23.90,2.97,0.02
36.7,7.44,0.00,92.57,70.39,33.32,10.71,82.77,202.49,56.04,33.51,5.84,114.96,105.92,10.89,13.23,13.42,19.35,33.78,0.00,8.15
36.8,8.60,0.27,88.77,69.52,11.62,10.45,81.59,161.51,52.23,33.17,1.33,103.11,84.58,4.52,0.01,0.01,8.69,14.55,3.52,0.01
36.9,2.93,0.00,58.95,60.61,14.86,9.21,69.74,156.91,9.51,19.81,0.00,58.53,32.07,0.00,0.00,0.00,0.01,10.99,0.00,0.53
37.0,0.00,0.00,75.67,33.85,0.01,17.62,71.94,118.74,0.14,26.44,0.27,123.72,40.54,0.00,11.19,7.63,60.02,59.82,2.01,32.81
37.1,0.00,0.00,7.74,38.56,1.13,26.13,18.13,99.97,0.00,0.11,0.00,101.52,21.56,0.00,30.95,6.41,36.73,23.24,0.00,1.13
37.2,0.00,0.09,0.10,0.04,1.84,6.48,2.80,46.65,0.00,0.00,0.00,67.33,83.77,80.84,62.77,39.83,48.08,13.70,0.27,0.00
37.3,0.35,0.00,0.00,0.27,0.00,8.24,0.09,0.22,0.00,8.11,0.00,39.61,114.66,83.21,63.44,24.88,43.23,8.81,0.00,0.00
37.4,0.00,0.00,3.84,0.00,0.00,18.68,1.14,15.17,0.40,0.01,0.44,45.40,93.14,63.61,74.14,46.45,77.50,41.74,0.00,0.00
37.5,0.00,1.77,45.35,19.81,0.00,9.48,38.59,78.24,0.00,16.94,0.00,87.64,113.20,56.18,69.57,21.35,43.15,51.74,0.67,0.89
37.6,0.00,2.04,22.66,0.55,0.00,29.12,59.52,86.65,46.58,24.60,0.00,108.39,116.64,68.38,76.49,47.84,63.28,38.02,0.00,0.00
37.7,0.00,0.00,0.02,0.00,0.00,6.49,11.37,20.95,37.98,34.39,3.39,120.52,115.15,25.94,78.36,59.56,73.82,19.55,0.00,0.00
37.8,0.00,4.62,0.00,0.00,0.00,2.13,0.01,5.94,49.85,11.36,0.00,63.30,108.06,39.62,77.06,74.64,69.47,4.45,0.00,0.00
37.9,0.62,0.45,0.00,0.27,0.09,4.07,0.00,0.01,23.51,6.25,0.11,86.01,119.25,35.03,79.23,85.26,121.00,50.46,13.01,17.47
38.0,0.00,0.00,1.36,0.00,0.00,9.12,0.00,0.00,22.07,4.76,0.11,99.01,105.68,19.29,87.34,68.44,93.40,32.04,0.01,0.60
38.1,0.00,3.44,0.09,0.00,0.56,2.57,0.00,5.36,24.83,13.26,0.11,57.12,109.36,31.92,76.63,59.55,65.40,0.29,0.00,0.00
38.2,0.00,0.00,0.00,0.00,8.19,5.13,3.01,18.46,87.02,32.27,1.40,119.88,102.42,21.70,88.22,88.35,107.53,51.55,1.59,2.70
38.3,0.00,0.00,0.00,0.00,1.99,6.02,15.15,32.14,47.70,33.08,4.07,114.67,115.46,26.41,90.63,95.50,109.48,29.59,1.15,5.67
38.4,0.00,0.00,0.09,0.27,0.00,1.16,0.02,5.73,31.39,8.33,0.00,91.01,101.75,16.27,87.63,62.45,89.50,3.30,0.00,0.56
38.5,0.00,0.00,0.09,0.00,0.00,3.54,0.95,0.01,14.88,7.54,0.00,50.50,111.16,22.56,87.27,30.39,53.90,0.00,0.00,0.00
38.6,0.00,0.00,0.00,0.00,0.00,0.80,0.13,0.09,16.49,0.80,0.45,43.73,83.37,25.12,76.44,77.06,51.80,0.00,0.00,2.04
38.7,0.00,0.71,0.00,4.51,0.00,0.00,0.00,5.58,29.86,14.89,0.00,9.53,89.18,30.53,77.01,22.14,5.51,0.00,0.00,0.00
38.8,0.00,0.00,0.20,0.62,0.00,1.28,0.09,0.01,23.86,4.55,0.00,11.69,91.58,4.20,34.27,0.02,0.01,0.00,0.00,0.00
38.9,0.00,0.00,0.00,0.00,0.00,0.00,0.00,0.00,12.72,10.53,0.00,25.69,100.11,23.92,68.35,2.19,0.09,0.00,0.00,0.22
39.0,0.18,0.00,0.09,0.27,0.09,0.00,0.11,6.03,30.83,30.39,0.00,106.34,112.81,11.41,62.73,7.12,3.01,0.00,0.00,0.00
39.1,0.20,0.00,0.00,0.00,0.00,0.00,0.11,19.84,20.93,24.79,0.00,89.61,105.34,4.48,57.63,0.18,0.00,0.00,0.00,0.00
39.2,0.00,0.00,0.09,0.00,0.09,0.00,12.70,2.90,0.02,27.98,4.60,71.11,111.87,21.78,31.73,0.00,0.27,0.00,0.18,0.00
39.3,0.40,1.59,0.18,0.00,0.00,0.71,0.12,0.00,0.00,10.12,0.23,97.94,110.36,4.42,37.46,6.52,5.31,0.27,1.35,13.19
39.4,0.00,2.04,2.68,0.00,0.00,14.96,13.36,0.00,0.00,5.26,1.42,125.18,43.91,0.00,0.03,0.23,0.00,0.27,0.00,0.01
39.5,0.00,0.00,6.35,0.00,0.18,1.87,20.42,0.18,0.00,1.23,0.00,105.14,75.20,0.00,3.44,0.00,0.00,15.99,0.00,0.00
39.6,0.00,0.00,1.76,0.00,0.00,5.66,0.02,0.00,0.67,7.20,0.00,98.61,107.27,2.07,88.07,25.10,64.86,28.90,0.00,0.00
39.7,0.00,0.00,0.38,0.18,0.00,9.42,0.30,0.00,4.80,12.42,0.00,124.16,108.26,6.72,81.41,11.08,87.01,36.23,0.00,0.00
39.8,0.00,0.00,0.09,0.00,0.00,3.99,4.74,1.06,1.01,15.20,2.92,119.96,109.39,12.08,46.85,14.85,46.40,22.59,0.00,0.00
39.9,0.00,0.00,10.16,0.00,0.00,21.89,5.38,0.89,26.06,27.25,5.96,124.79,111.09,27.36,81.55,32.89,89.26,47.86,0.00,0.56
40.0,0.00,1.22,2.03,0.00,0.09,7.63,0.26,9.38,39.46,25.86,0.01,115.35,100.41,27.03,83.13,35.75,89.39,26.76,0.00,0.00
40.1,0.00,0.36,0.13,0.00,0.00,4.70,11.69,1.01,24.88,24.23,0.62,120.92,100.24,22.79,86.87,41.27,85.48,16.18,0.00,0.00
40.2,0.00,0.18,0.00,0.00,0.00,9.91,0.01,0.00,20.68,17.22,0.00,87.58,110.98,33.86,81.08,61.96,99.30,33.12,0.00,0.00
40.3,0.00,0.00,0.00,0.00,0.25,10.45,0.00,0.49,15.30,8.36,0.00,90.23,101.65,16.77,90.61,47.24,114.04,34.29,0.00,3.16
40.4,0.00,0.00,0.79,0.00,0.00,2.49,0.00,0.00,0.84,0.01,0.00,33.26,33.42,19.96,87.30,53.80,87.83,5.61,0.00,0.00
40.5,0.00,0.00,0.56,0.27,0.00,0.00,0.00,0.00,0.48,0.00,0.00,3.49,21.59,15.55,83.06,57.90,73.59,0.84,0.00,0.18
40.6,0.00,0.00,0.00,0.00,0.00,1.06,0.00,0.00,0.00,0.00,0.22,45.10,57.14,12.14,87.34,47.27,98.57,7.06,0.00,0.00
40.7,0.00,0.18,1.92,2.12,0.00,4.69,0.88,0.00,0.00,0.00,0.11,65.19,54.23,18.65,80.38,50.70,96.74,16.48,0.00,32.37
40.8,0.00,0.00,0.00,0.00,0.91,1.51,0.00,0.18,0.00,0.00,0.00,40.83,18.66,0.02,84.10,23.82,98.94,24.16,0.00,15.99
40.9,0.00,41.24,0.00,0.00,0.00,0.00,0.00,0.00,2.72,0.00,0.00,0.17,2.76,10.45,69.96,83.92,110.32,21.98,25.22,40.80
41.0,0.00,76.28,0.00,0.27,0.00,0.00,0.00,0.00,0.80,0.00,0.00,0.00,0.00,0.97,41.11,67.94,125.14,33.40,36.28,171.94
41.1,1.33,116.31,0.09,0.00,8.32,1.76,0.18,0.27,0.00,0.00,0.00,0.00,0.39,3.68,49.62,82.65,110.27,33.73,48.72,190.63
41.2,0.00,75.77,0.80,0.97,0.23,1.33,1.59,0.00,0.00,0.00,0.00,1.49,0.00,2.24,47.46,86.41,112.20,40.51,39.62,186.48
41.3,0.35,26.47,0.66,0.00,0.00,0.00,0.00,20.96,0.62,0.00,0.00,0.00,0.44,29.07,52.60,74.05,77.46,2.05,15.44,52.71
41.4,0.00,0.20,0.13,0.00,0.00,0.09,0.66,0.11,0.00,0.00,0.00,4.19,1.56,15.35,82.79,68.77,102.04,34.60,13.24,75.74
41.5,0.00,4.15,1.70,0.00,0.00,2.04,0.00,0.00,0.00,0.00,0.00,19.58,0.00,0.02,59.91,47.37,108.23,32.74,20.70,105.71
41.6,0.00,14.40,0.00,0.35,0.58,0.00,2.30,0.18,0.11,0.00,0.00,0.37,3.35,11.82,69.94,52.61,99.45,2.04,9.93,45.19
41.7,0.00,9.23,0.18,0.61,0.00,0.62,0.13,1.80,0.00,0.00,0.00,0.88,4.86,24.00,73.35,91.95,108.64,3.51,22.45,16.88
41.8,1.43,2.13,1.01,0.97,0.00,0.00,0.00,0.00,0.00,0.00,0.00,0.00,0.01,6.94,56.09,49.59,112.80,16.19,13.91,52.25
41.9,0.00,23.22,2.39,0.00,0.00,0.00,0.00,0.00,0.00,0.00,0.00,0.00,0.00,0.01,0.06,32.81,58.75,21.76,22.40,116.90
42.0,48.61,84.18,2.22,1.01,6.15,0.00,0.00,0.00,0.00,0.00,0.00,0.00,0.00,0.00,0.00,15.08,35.76,9.48,24.15,163.55
42.1,8.74,13.98,8.28,0.48,0.71,0.18,0.00,0.00,0.00,0.00,0.00,0.00,0.00,0.00,0.00,0.01,67.96,33.32,10.65,174.03
42.2,0.01,15.96,6.85,0.00,0.00,0.00,0.00,0.00,0.00,0.00,0.00,0.09,0.40,0.00,0.00,12.72,75.60,38.60,16.06,184.70
42.3,0.00,0.02,0.01,0.00,0.00,0.00,0.00,0.00,0.00,0.00,0.00,0.00,0.00,0.00,0.00,0.01,32.15,0.04,1.25,71.96
42.4,0.00,0.97,0.00,0.00,0.00,0.00,3.09,0.35,0.00,2.48,0.00,0.00,0.00,0.00,0.00,0.71,40.16,8.21,2.57,113.81
42.5,0.00,0.75,0.00,0.00,18.33,0.00,0.00,0.96,1.67,0.00,0.00,0.00,0.00,0.00,0.00,3.98,68.04,3.69,4.78,83.67
42.6,0.00,13.24,0.00,0.00,41.10,0.09,0.00,0.00,17.52,0.00,0.00,0.09,0.00,0.00,4.02,10.97,63.23,0.27,0.00,0.17
42.7,0.18,0.10,0.09,0.00,0.04,0.83,0.00,0.00,0.02,0.00,0.00,0.09,0.00,0.00,0.00,0.10,2.27,0.89,0.00,0.00
42.8,0.00,0.27,0.62,0.00,0.00,0.00,0.00,0.00,0.34,0.00,0.00,0.44,0.00,0.00,0.00,0.00,0.00,0.00,0.00,0.00
42.9,0.00,25.21,0.51,0.00,0.00,0.00,6.90,0.00,0.00,0.00,0.00,0.82,0.53,0.00,0.00,0.00,0.25,0.00,0.00,0.00
43.0,65.66,92.59,0.00,0.00,55.62,0.00,0.01,0.00,0.00,0.00,0.00,0.09,0.00,0.29,0.00,18.82,0.00,0.00,15.04,42.80
43.1,6.40,34.67,0.00,0.87,12.31,0.00,0.62,0.53,0.00,0.09,0.00,0.00,0.00,0.00,0.00,0.02,0.00,0.00,0.01,0.61
43.2,17.83,23.19,0.00,0.00,19.80,0.00,2.20,3.19,2.79,0.00,0.00,0.00,0.00,0.00,0.27,21.44,0.71,0.00,0.00,0.00
43.3,6.72,59.66,0.71,0.00,33.22,0.97,0.89,0.00,4.13,0.62,0.00,0.00,0.62,0.00,3.94,41.20,1.06,2.75,0.53,0.00
43.4,11.89,105.86,0.00,0.00,6.85,0.00,0.00,0.00,0.00,0.00,0.00,0.27,0.00,0.00,0.00,34.33,15.98,0.00,12.16,0.00
43.5,0.01,24.14,0.00,0.00,25.62,0.00,0.00,20.79,0.00,0.00,0.00,0.00,0.00,0.00,0.00,0.41,0.01,0.00,0.01,0.00
43.6,86.13,49.35,0.00,5.67,55.44,0.00,0.00,1.64,0.00,0.00,0.00,0.00,0.00,0.00,0.00,0.00,0.00,0.00,0.00,0.00
43.7,89.36,27.72,0.00,0.54,41.68,0.00,0.00,10.76,0.00,0.00,0.00,0.00,0.00,0.00,0.00,0.00,0.00,0.00,0.00,0.00
43.8,148.86,107.29,5.93,51.78,78.67,1.77,1.10,47.39,0.00,0.86,0.00,1.15,0.39,0.00,1.13,3.99,0.00,0.18,7.52,45.66
43.9,136.16,125.70,3.77,42.37,74.63,0.00,0.00,43.52,0.00,0.00,0.00,0.09,0.34,0.00,0.11,12.57,0.00,0.00,13.78,135.60
44.0,178.15,124.64,10.69,35.44,65.60,0.53,0.00,12.60,1.45,0.00,0.00,0.64,0.31,0.00,0.00,61.38,36.66,3.97,45.01,126.07
44.1,162.97,107.11,11.25,9.66,20.61,0.00,1.58,0.01,0.00,0.00,0.00,0.00,0.00,0.00,0.00,33.73,60.07,16.41,41.87,173.79
44.2,133.33,151.78,20.90,5.18,35.86,0.00,2.54,0.09,0.00,0.00,0.00,5.03,0.53,0.00,0.00,30.05,29.08,8.76,42.41,189.75
44.3,95.69,108.70,23.02,0.00,3.05,0.00,0.00,0.00,0.00,0.09,0.00,0.00,0.00,0.00,0.00,16.13,51.26,13.32,43.58,197.27
44.4,133.66,85.09,4.57,0.00,6.87,0.00,0.09,0.00,0.00,0.00,0.00,0.00,0.00,0.00,0.00,29.80,56.31,6.31,45.48,134.56
44.5,133.85,120.09,40.31,0.00,51.10,0.53,0.00,0.00,2.09,0.00,0.00,2.34,0.00,0.00,2.46,57.55,81.93,22.94,33.63,183.04
44.6,120.64,123.05,24.16,0.80,42.46,0.00,0.00,0.00,0.00,0.00,0.00,0.00,0.00,0.00,0.00,46.33,87.61,36.18,33.38,185.46
44.7,156.61,124.89,51.08,2.12,43.18,1.24,0.00,0.00,0.00,0.00,0.00,0.53,1.17,0.00,0.00,55.69,98.20,31.14,29.86,183.73
44.8,142.99,96.52,4.88,8.85,76.77,0.00,0.11,10.00,4.69,0.00,0.00,0.00,0.00,4.58,30.03,101.51,109.82,39.69,57.40,100.28
44.9,0.14,5.16,45.78,73.42,1.97,17.60,86.94,152.85,35.21,39.30,2.48,108.59,105.64,4.28,25.82,0.10,0.10,9.69,0.05,0.10
45.0,0.00,0.00,29.39,19.04,0.00,17.60,88.08,102.02,21.22,38.58,3.01,118.31,107.64,4.07,10.73,0.00,0.57,4.61,0.00,0.00
45.1,0.00,0.00,36.68,25.75,0.00,12.75,86.32,35.80,0.11,29.60,0.62,102.71,78.19,0.23,0.01,0.00,1.24,8.63,0.00,0.00
45.2,0.80,0.00,70.12,47.61,0.00,20.96,74.85,55.66,2.07,31.46,0.64,134.34,92.57,0.09,3.54,2.69,0.00,26.07,0.00,0.00
45.3,0.00,0.00,60.79,56.37,0.00,8.78,98.32,77.98,18.86,46.15,4.69,78.37,88.24,0.00,0.00,0.23,0.00,0.02,0.00,0.00
45.4,0.52,0.00,69.76,24.00,0.53,25.65,77.58,49.05,0.13,31.40,5.14,123.17,104.42,2.44,9.34,2.07,1.40,30.05,0.11,0.00
45.5,36.43,0.00,60.81,82.03,2.30,10.55,90.93,134.55,27.03,31.49,1.51,99.55,86.68,0.00,0.19,0.09,0.00,6.93,0.00,0.00
45.6,0.48,0.00,53.09,25.26,0.00,12.38,75.46,19.71,6.03,40.33,0.36,118.63,113.14,0.41,26.05,0.78,0.00,22.26,0.00,0.00
45.7,24.01,0.00,82.68,60.84,0.00,24.12,92.22,25.47,1.12,27.35,3.54,132.46,93.65,0.00,16.25,11.21,15.78,41.28,8.04,39.54
45.8,55.79,0.00,84.68,84.49,2.83,16.16,96.64,122.66,0.00,39.71,4.69,58.42,29.22,0.00,0.02,0.01,2.00,16.58,0.01,2.25
45.9,114.89,5.03,113.52,99.41,1.15,13.08,88.52,85.10,0.00,37.09,3.10,59.96,27.80,0.00,0.09,0.00,0.00,17.84,8.46,21.90
46.0,83.97,0.00,113.22,90.90,0.00,27.31,87.06,71.60,0.00,24.44,6.11,50.38,14.64,0.00,0.71,0.11,0.00,37.84,10.95,28.64
46.1,77.15,2.34,91.32,84.69,0.00,7.85,90.12,69.51,0.00,10.31,1.51,43.69,1.28,0.00,1.33,0.00,0.18,1.10,0.01,0.03
46.2,121.24,13.10,93.88,93.47,0.00,12.58,91.16,67.83,4.18,38.46,2.83,67.59,56.54,0.11,0.56,0.00,0.18,13.81,0.35,0.09
46.3,122.55,26.73,74.91,109.80,8.01,5.43,85.78,146.93,1.43,40.55,2.86,46.54,34.92,0.00,0.00,0.00,0.44,0.01,0.00,24.55
46.4,80.55,2.59,22.85,90.82,0.01,0.00,67.34,38.98,0.00,0.04,0.00,0.04,0.03,0.00,0.00,0.00,0.00,0.00,0.00,0.20
46.5,37.07,0.00,24.16,64.55,0.09,1.24,91.87,111.08,0.00,35.67,3.45,28.89,20.97,0.00,0.00,1.06,0.35,0.00,0.00,0.00
46.6,77.95,0.18,45.95,78.36,0.00,4.51,93.15,113.77,0.00,22.71,4.34,50.23,20.80,0.00,0.00,0.35,0.00,1.59,0.00,1.00
46.7,117.88,4.42,89.30,96.39,31.37,8.76,87.67,152.95,0.00,23.82,2.13,23.57,14.32,0.00,0.00,0.00,0.00,4.50,0.00,0.00
46.8,134.78,68.41,60.29,99.37,45.81,0.27,88.10,158.00,0.60,14.69,2.66,2.85,2.14,0.00,0.00,0.00,0.00,0.00,1.15,2.15
46.9,148.94,18.91,108.49,119.19,49.10,3.81,82.82,128.40,0.00,1.69,0.47,7.03,3.25,0.00,0.00,0.00,0.00,5.83,16.58,82.39
47.0,134.96,50.20,95.12,87.19,5.41,13.16,67.22,78.56,0.00,0.00,0.09,23.70,1.65,0.00,0.00,0.00,0.35,46.02,9.68,165.91
47.1,158.68,81.12,90.68,96.19,40.61,11.07,71.49,69.82,0.00,0.00,1.33,7.37,0.00,0.00,0.00,0.00,0.44,34.26,15.91,159.72
47.2,137.73,82.12,91.41,132.06,66.32,0.01,37.80,97.23,0.00,0.25,0.00,0.01,0.00,0.00,0.00,3.52,0.00,5.50,9.69,154.58
47.3,146.87,96.69,65.89,82.30,45.66,0.00,35.87,97.80,0.00,0.00,0.00,0.56,0.00,0.00,0.83,0.00,0.09,0.00,12.15,142.39
47.4,0.58,0.53,17.17,47.52,8.10,22.44,70.77,171.47,46.01,31.10,3.98,139.07,106.62,17.30,83.35,67.33,99.18,41.10,1.34,22.90
47.5,22.56,0.89,8.01,72.40,49.42,14.24,75.52,185.05,70.02,31.62,6.02,126.34,111.35,25.13,77.58,41.25,79.75,39.43,0.00,0.02
47.6,0.02,1.59,0.79,28.11,12.14,12.93,84.66,149.18,54.24,33.17,0.12,133.44,107.78,28.44,84.64,67.43,98.98,49.20,0.00,0.00
47.7,0.80,27.78,0.35,0.03,2.22,2.14,7.04,109.64,54.81,27.98,0.00,48.09,93.62,21.73,83.92,99.16,114.21,9.89,20.44,18.74
47.8,26.71,50.24,2.92,77.50,58.06,2.57,46.78,173.76,64.95,28.91,0.53,36.07,107.72,19.24,89.08,102.02,59.85,0.01,0.81,0.02
47.9,74.24,94.59,0.62,68.63,98.68,0.00,38.30,173.02,75.88,28.25,0.00,26.58,108.84,33.66,77.14,118.85,82.51,0.11,17.96,0.00
48.0,147.27,83.21,113.58,115.27,63.33,15.70,59.78,171.75,49.60,20.42,0.00,2.68,2.59,0.04,0.08,1.44,1.76,40.45,32.17,195.78
48.1,153.73,91.21,92.09,134.49,28.19,5.23,104.52,174.92,6.28,43.66,4.60,6.59,12.84,0.00,0.00,0.13,27.78,57.57,25.39,188.35
48.2,88.43,58.41,29.63,109.20,75.55,0.54,82.72,174.67,52.14,48.97,2.04,69.30,106.62,23.55,84.88,74.90,11.96,0.06,0.02,0.19
48.3,136.72,86.28,121.65,106.57,49.56,5.27,68.63,176.96,15.16,28.07,0.36,0.16,0.46,0.03,0.09,4.94,4.56,38.55,52.80,196.27
48.4,38.93,0.08,5.64,107.57,53.39,0.18,95.94,189.81,67.12,30.59,3.74,46.16,107.91,25.02,86.63,68.05,57.22,0.04,0.05,0.20
48.5,96.67,0.00,47.19,76.09,62.87,4.02,69.69,190.15,59.86,35.49,2.66,118.31,100.72,26.11,80.55,66.22,23.44,2.16,0.00,0.00
48.6,27.41,106.61,0.04,0.69,80.72,3.99,50.00,144.13,78.15,30.19,0.27,82.11,101.95,19.57,83.48,99.15,115.81,32.38,24.94,161.98
48.7,118.30,42.83,117.25,95.33,0.08,19.56,102.36,156.64,5.67,42.53,3.54,98.40,62.30,0.02,0.08,1.96,73.36,73.60,23.75,191.77
48.8,137.70,63.64,55.48,97.37,78.29,9.66,94.74,174.77,75.62,27.12,3.45,65.68,97.57,23.56,30.33,78.51,1.48,0.07,0.02,0.20
48.9,95.72,125.33,0.24,0.44,69.55,8.50,0.09,123.47,64.36,17.57,0.00,54.99,80.00,22.60,89.23,109.79,117.90,56.26,44.85,132.61
49.0,130.14,70.17,74.54,98.38,69.82,3.02,77.29,167.99,68.04,33.80,0.53,36.38,77.64,24.98,45.14,41.53,0.11,0.05,0.04,0.14
49.1,146.33,76.07,24.50,87.45,92.48,0.00,30.64,178.48,81.63,8.94,0.00,0.30,49.44,28.33,43.96,61.14,8.32,0.00,0.18,76.14
49.2,145.96,95.92,6.75,113.50,92.17,0.00,21.49,149.26,50.59,0.01,0.00,0.09,9.25,36.77,36.86,79.11,26.65,0.22,0.73,91.59
49.3,150.76,109.60,20.64,115.49,87.06,1.77,19.83,129.20,9.00,0.00,0.00,0.71,0.19,0.04,9.52,68.22,32.01,5.67,14.97,180.67
49.4,149.02,116.76,25.07,97.04,89.48,0.00,18.53,111.99,24.85,0.00,0.00,0.00,0.27,6.81,18.00,81.42,10.99,21.66,14.43,157.92
49.5,109.10,55.53,56.11,95.51,3.49,0.00,16.79,78.34,0.03,0.00,0.00,0.00,0.27,0.01,0.02,0.08,0.58,4.00,11.48,119.04
49.6,103.98,100.84,40.73,67.17,30.41,0.00,10.82,5.84,1.24,0.11,0.00,1.21,0.35,0.45,0.00,0.63,40.58,38.54,14.97,171.55
49.7,131.05,93.41,40.10,61.99,56.53,0.00,25.26,58.35,0.00,0.00,0.18,0.00,0.00,0.00,0.48,0.09,31.70,43.23,26.57,190.78
49.8,135.05,100.71,6.50,69.01,56.52,0.00,0.11,79.69,0.00,0.00,0.27,0.80,0.18,0.00,0.00,0.00,35.23,36.29,28.68,190.37
49.9,117.23,90.03,2.84,49.25,45.10,0.00,0.09,54.71,0.18,0.00,0.00,0.00,0.00,0.00,0.00,0.27,73.11,34.54,32.48,191.33
50.0,135.25,103.34,35.20,34.48,20.03,4.70,0.09,35.98,0.00,0.45,0.27,3.63,0.35,0.00,1.90,0.09,92.19,67.16,21.92,181.56
50.1,148.63,112.21,34.60,101.45,71.86,0.00,16.26,82.49,4.02,0.00,0.00,0.00,0.00,0.00,0.00,1.66,38.52,45.74,17.63,184.83
50.2,146.55,140.02,97.07,97.25,94.55,1.59,48.65,136.94,30.96,0.00,0.88,4.66,0.00,0.00,0.00,34.79,46.11,21.82,36.55,187.10
50.3,140.98,112.48,64.15,94.34,98.12,0.00,68.35,165.17,49.74,0.00,0.00,6.08,1.26,0.00,0.00,16.44,0.04,0.02,3.74,139.91
50.4,136.18,118.14,103.36,84.71,104.10,0.00,42.02,130.18,10.60,0.00,0.00,0.35,0.27,0.00,0.00,62.95,37.93,0.78,59.80,149.10
50.5,159.04,131.45,65.13,95.88,87.21,7.08,57.63,84.32,15.11,0.00,0.00,10.48,0.00,0.00,0.00,44.26,39.94,7.81,55.88,134.17
50.6,117.33,13.39,103.99,93.26,0.18,9.21,98.41,52.52,21.22,33.13,2.65,122.08,111.66,24.77,65.77,13.99,57.94,53.96,21.85,114.23
50.7,60.17,1.60,103.56,58.67,0.00,13.92,86.79,23.60,34.03,43.23,1.09,141.37,100.82,17.53,84.85,11.21,81.75,70.44,7.87,137.60
50.8,93.36,25.15,110.60,89.96,0.00,18.05,90.74,69.50,19.56,32.83,6.81,120.85,111.36,21.84,77.03,7.38,100.81,68.31,9.35,164.77
50.9,127.28,22.27,99.57,90.21,0.00,11.96,77.28,93.84,24.82,40.65,0.63,127.25,106.26,11.76,45.71,10.13,79.57,73.29,11.46,190.60
51.0,151.17,144.06,102.26,92.92,62.59,20.31,69.73,41.94,1.48,0.04,0.44,45.24,0.10,0.01,5.04,75.40,111.63,66.29,44.34,192.50
51.1,127.88,130.98,88.71,26.07,47.95,0.68,1.19,0.93,69.05,0.00,0.00,58.19,54.04,18.50,84.70,109.94,116.01,45.83,59.47,193.02
51.2,138.36,98.00,101.59,110.16,27.58,14.35,109.87,168.72,25.76,40.03,1.24,70.67,53.71,0.02,0.46,0.73,20.11,53.47,30.41,173.65
51.3,42.10,127.60,4.24,4.97,53.95,17.05,40.87,77.59,51.68,39.38,7.26,120.14,108.32,31.03,77.51,109.91,114.96,42.63,27.54,106.28
51.4,154.61,125.36,69.67,105.61,66.69,0.90,8.90,33.85,24.78,0.04,0.01,40.25,37.19,34.04,77.52,92.98,122.06,53.85,53.61,188.08
51.5,22.01,142.19,0.34,0.10,63.94,12.04,15.21,71.35,86.70,32.04,3.48,136.95,108.71,21.19,86.82,108.13,119.54,35.13,49.77,104.58
51.6,98.30,0.13,88.49,122.78,18.23,21.77,104.36,156.41,49.36,41.23,4.72,126.55,113.72,27.15,83.47,39.28,42.26,40.63,0.49,31.08
51.7,141.28,148.40,106.79,111.11,53.35,3.01,93.42,151.50,0.05,30.04,1.77,27.38,12.77,0.03,0.09,32.78,37.92,37.48,41.34,186.66
51.8,58.95,0.93,59.78,121.28,6.23,20.71,99.24,127.49,43.24,32.52,0.71,128.27,106.89,24.85,80.13,32.71,67.37,31.01,0.04,7.65
51.9,78.82,0.44,128.33,108.06,0.01,28.29,89.21,100.08,27.15,40.01,5.93,133.22,103.93,30.66,80.76,36.21,58.80,52.95,2.63,24.86
52.0,64.02,0.00,106.19,96.06,0.00,22.99,94.55,52.34,24.43,33.14,0.54,136.17,112.09,25.72,86.85,42.18,72.00,61.01,4.60,34.36
52.1,41.99,0.00,93.28,98.06,1.77,18.43,88.67,120.88,44.96,38.71,5.31,125.14,108.07,23.23,82.15,62.41,66.06,45.65,0.45,0.04
52.2,36.74,0.00,76.30,93.38,3.36,10.81,102.71,133.84,52.61,27.76,2.66,116.23,115.11,29.75,81.22,70.21,80.29,38.91,0.00,0.00
52.3,21.70,0.88,98.87,71.94,0.36,18.17,81.75,113.90,36.28,33.71,4.87,124.42,106.49,35.49,81.38,67.31,108.83,48.82,2.10,69.15
52.4,56.29,140.11,1.87,10.64,69.25,6.16,0.08,71.12,39.13,2.55,0.00,69.26,103.61,26.08,85.49,114.47,111.24,14.94,36.78,113.36
52.5,133.68,142.68,2.21,38.29,76.14,0.80,0.00,97.18,29.21,0.00,0.00,3.97,12.33,8.96,78.41,114.81,94.17,3.92,32.75,131.40
52.6,48.04,67.17,0.00,0.04,35.40,0.00,0.00,37.75,0.03,0.00,0.00,3.01,0.79,1.24,70.38,29.11,38.05,0.26,0.03,0.14
52.7,21.99,18.57,0.00,0.00,53.56,0.00,0.00,51.20,2.12,0.13,0.00,0.48,1.01,24.79,40.52,39.24,44.89,0.00,0.00,3.01
52.8,8.65,0.02,2.12,3.67,27.50,0.00,0.18,18.50,0.00,0.00,0.00,0.44,0.00,1.03,65.33,58.22,65.34,0.00,0.00,2.92
52.9,0.32,0.00,0.00,2.39,2.46,0.00,0.00,52.75,0.00,0.00,0.00,0.00,0.00,0.00,35.31,17.55,11.19,0.00,0.00,37.22
53.0,37.67,3.78,0.00,0.44,30.96,0.00,2.84,40.68,0.00,1.46,0.29,0.89,8.84,7.70,64.88,13.05,25.55,5.03,1.06,114.89
53.1,4.15,39.91,0.00,0.00,4.98,0.00,2.26,47.53,0.56,0.89,0.00,0.00,14.32,11.26,47.65,0.01,0.02,0.01,1.83,124.40
53.2,73.07,77.57,10.35,26.54,5.00,0.00,0.00,67.44,0.00,0.00,0.00,0.00,0.46,4.25,21.48,0.09,11.02,0.78,18.83,177.27
53.3,112.45,68.46,0.10,21.06,3.27,0.00,1.68,1.05,0.00,0.00,0.00,0.00,0.64,0.00,0.02,0.00,56.21,38.77,10.67,170.00
53.4,2.05,0.06,0.00,0.02,0.00,0.00,0.00,0.00,18.17,0.43,0.00,0.09,24.81,29.23,37.34,14.54,68.66,4.55,0.01,39.99
53.5,14.77,15.23,0.00,0.27,0.00,0.09,2.74,0.00,0.89,0.00,0.00,0.00,1.70,0.88,34.34,18.83,100.36,14.36,14.83,139.74
53.6,13.97,57.45,6.09,1.62,0.00,0.00,3.45,0.00,18.10,0.00,0.00,0.89,40.58,31.49,61.27,67.17,99.63,34.95,55.85,191.29
53.7,0.02,48.72,1.42,1.01,0.27,0.00,2.08,0.00,8.03,0.69,0.00,9.24,80.34,18.65,85.07,29.89,109.21,28.30,15.91,157.38
53.8,0.00,0.05,1.36,0.00,0.27,2.65,1.74,20.25,59.43,15.16,0.00,48.49,101.14,22.00,83.77,62.32,116.14,52.53,10.76,142.62
53.9,0.00,22.90,0.00,0.00,12.55,0.00,0.00,0.80,41.08,16.52,0.00,60.30,112.25,24.37,81.93,34.29,85.29,28.40,12.75,113.16
54.0,0.00,50.89,0.00,0.18,23.23,2.12,0.00,46.13,25.74,9.34,0.00,75.51,98.44,22.04,81.97,51.46,106.73,9.98,16.74,91.18
54.1,48.93,127.99,5.41,4.39,83.92,0.53,0.00,75.24,31.75,5.03,0.00,61.23,104.92,23.55,79.90,58.31,118.32,30.71,16.57,149.87
54.2,88.18,136.32,9.99,5.00,66.77,0.00,0.00,138.33,52.26,0.00,0.00,44.99,72.31,23.54,84.24,106.52,105.61,18.41,36.81,187.06
54.3,132.58,131.13,12.51,21.53,75.08,0.53,0.00,145.38,43.04,0.11,0.00,21.83,43.52,26.29,79.37,102.99,104.45,9.16,50.56,183.03
54.4,107.25,132.73,0.10,24.04,56.11,0.97,0.00,131.88,51.80,2.65,0.00,54.23,91.02,24.12,81.94,90.42,114.13,19.63,27.72,149.14
54.5,147.37,134.51,30.19,63.89,70.07,1.42,0.29,114.17,49.17,0.18,0.00,29.87,82.99,31.27,81.09,101.85,110.00,1.40,39.77,133.10
54.6,149.72,113.76,36.12,68.82,94.50,0.00,0.00,107.06,57.55,0.00,0.00,0.03,21.62,21.92,75.90,107.31,83.89,13.23,34.95,155.37
54.7,11.21,0.11,26.27,62.90,42.39,18.09,69.20,161.50,71.77,32.92,2.59,142.24,105.53,26.10,88.43,83.56,62.69,38.12,0.03,0.16
54.8,133.90,131.78,109.95,116.42,52.94,0.72,21.87,182.56,71.50,11.17,0.00,0.22,0.10,21.80,48.58,80.84,50.93,18.92,71.98,189.88
54.9,58.89,88.28,0.11,100.47,59.68,2.12,65.52,183.08,70.47,26.51,0.35,104.61,106.85,26.08,84.74,75.57,45.85,1.08,0.07,9.71
55.0,33.67,36.24,1.31,78.76,75.97,17.88,45.33,177.72,52.73,48.78,2.48,127.81,106.23,32.04,83.80,62.16,63.28,16.82,0.00,0.01
55.1,171.00,120.40,38.58,80.54,77.39,0.02,2.43,140.62,33.25,0.05,0.00,1.93,22.40,18.83,74.16,98.72,85.53,18.50,30.36,191.70
55.2,168.51,120.26,61.55,95.44,84.39,0.09,37.28,155.33,47.81,3.41,0.00,0.00,0.02,12.72,39.51,102.81,64.32,5.77,33.71,179.38
55.3,147.37,132.92,45.92,93.31,67.84,0.00,4.80,111.72,7.98,0.00,0.00,0.00,0.09,5.93,51.89,85.66,85.00,22.88,34.68,178.98
55.4,165.48,121.64,59.41,102.76,78.85,0.00,15.82,129.26,21.90,1.15,0.00,1.63,0.80,10.50,67.97,84.26,119.38,25.96,15.84,171.86
55.5,157.16,132.46,47.47,63.30,83.86,0.00,0.28,155.86,79.15,0.18,0.00,8.24,44.52,25.70,87.25,97.69,81.23,5.83,33.68,179.44
55.6,0.14,68.84,11.41,3.52,50.01,7.34,71.42,164.81,70.26,35.00,0.71,133.79,105.35,25.91,87.30,99.86,117.25,22.80,18.35,12.43
55.7,0.00,24.82,32.52,2.02,41.84,16.54,80.30,156.52,72.98,33.19,3.36,131.25,107.89,12.19,84.35,111.83,108.52,26.75,12.67,0.01
55.8,150.25,121.78,28.44,47.48,110.88,0.61,1.50,121.46,76.94,5.49,0.00,7.16,39.73,21.80,88.00,95.56,104.17,5.53,26.74,171.99
55.9,0.14,13.33,34.62,0.04,2.10,21.59,67.84,109.87,39.73,35.62,0.71,124.78,106.31,15.92,84.95,77.05,88.43,23.59,1.09,0.18
56.0,1.95,30.59,25.43,0.00,5.40,32.40,58.62,54.11,14.67,38.78,6.02,137.60,101.45,27.63,85.90,89.09,88.95,44.36,3.36,0.00
56.1,0.00,31.72,28.42,2.86,0.00,19.43,35.91,16.68,8.29,27.91,7.11,129.42,109.87,23.18,82.23,89.57,111.67,58.09,22.30,127.53
56.2,0.00,37.28,47.26,1.51,14.58,8.78,33.61,95.28,68.99,37.54,9.21,122.33,112.62,31.95,85.62,92.01,111.84,67.76,23.52,73.42
56.3,0.00,0.03,34.35,0.00,0.01,6.20,49.77,85.58,30.60,36.02,2.93,124.81,106.24,31.70,84.16,57.72,103.64,44.57,0.02,1.12
56.4,153.35,141.81,14.99,58.19,86.16,0.01,0.05,115.86,69.19,6.50,0.00,33.61,64.72,26.81,74.95,108.70,124.41,32.52,36.86,113.65
56.5,146.10,119.18,30.10,90.94,64.91,0.00,4.68,119.75,15.62,0.01,0.00,0.21,0.15,0.81,52.14,66.21,66.35,0.03,20.67,96.39
56.6,159.69,131.44,15.14,84.23,73.11,0.30,0.38,128.94,13.19,0.00,0.00,0.09,0.00,0.00,13.89,31.24,47.25,0.00,12.49,122.60
56.7,104.99,144.83,0.02,22.24,94.49,0.89,1.95,57.66,22.37,0.00,0.00,0.00,0.09,3.91,46.91,83.79,64.80,0.00,18.95,83.38
56.8,145.50,134.35,9.63,27.12,85.46,0.00,4.64,59.15,1.14,0.81,0.18,0.00,0.00,0.00,30.94,40.05,12.47,1.64,11.08,86.21
56.9,62.40,117.23,0.19,41.93,67.40,0.00,0.00,23.06,9.60,0.00,0.00,0.00,0.80,0.00,35.04,62.72,7.84,0.00,6.38,102.89
57.0,100.33,138.46,0.27,24.07,88.93,0.00,0.22,106.82,32.24,1.24,0.00,0.00,0.18,0.25,26.02,70.70,0.01,0.00,14.43,22.65
57.1,104.64,111.81,0.00,22.06,73.96,0.00,0.89,86.50,15.34,0.18,0.00,0.00,0.00,0.22,23.45,17.85,0.96,0.00,0.37,11.34
57.2,121.09,124.26,3.54,26.93,51.71,0.00,0.34,8.66,2.70,0.00,0.00,2.50,1.18,0.00,9.18,14.57,0.00,0.00,7.52,133.14
57.3,85.85,72.33,3.87,0.02,0.05,0.18,0.97,2.57,2.22,0.00,0.09,0.09,0.00,0.00,0.01,1.87,26.13,15.36,26.77,189.06
57.4,18.94,48.33,0.88,0.80,0.00,0.00,1.42,0.00,0.52,0.00,0.00,0.27,0.00,0.53,0.00,1.00,72.11,33.67,15.03,161.74
57.5,15.05,96.59,14.27,0.09,0.71,0.00,0.00,0.00,0.00,0.00,0.00,0.00,0.00,0.00,0.22,37.62,88.07,17.34,57.96,186.76
57.6,0.58,76.50,5.75,0.00,0.00,0.00,0.00,0.00,0.00,0.00,0.00,4.54,0.00,0.00,0.00,14.32,54.52,17.75,6.38,146.79
57.7,40.22,61.26,0.01,17.40,0.00,0.00,0.00,0.00,0.00,0.00,0.00,0.00,0.00,0.00,0.11,0.01,28.80,11.51,15.11,133.57
57.8,80.69,90.26,5.89,41.71,0.00,0.00,0.53,23.83,0.09,0.00,0.09,0.00,0.00,0.00,0.00,2.57,46.10,2.36,21.61,171.10
57.9,94.72,75.09,0.01,22.22,25.31,0.00,0.00,56.91,0.00,0.00,0.00,0.00,0.00,0.00,7.03,17.02,68.41,11.05,7.69,108.50
58.0,36.66,4.17,0.00,0.02,0.03,0.00,0.00,0.39,0.00,0.00,0.00,0.00,0.00,0.00,3.78,25.87,37.20,3.55,0.01,0.11
58.1,61.57,89.13,0.00,28.90,0.00,0.00,0.27,28.19,0.18,0.00,0.00,0.75,3.37,1.87,1.34,56.06,78.18,14.95,14.47,112.62
58.2,68.24,111.04,0.00,24.20,19.02,0.00,0.00,38.81,0.25,0.00,0.00,0.00,0.00,0.45,1.72,47.13,67.04,10.03,28.11,148.89
58.3,49.52,90.55,2.06,7.44,0.02,2.68,0.29,19.55,0.00,0.13,1.16,0.00,0.00,0.00,0.00,6.68,57.82,19.31,20.07,172.29
58.4,115.83,42.87,0.18,44.14,47.75,0.00,0.09,115.41,0.00,0.00,0.00,0.00,0.00,0.00,0.00,0.01,0.05,0.02,2.23,141.39
58.5,142.87,86.28,8.53,18.12,32.87,0.00,0.18,112.72,0.78,0.00,0.00,0.00,0.00,0.00,0.00,0.00,0.00,3.36,10.10,184.27
58.6,122.16,68.22,3.33,13.85,78.66,0.00,0.00,80.94,0.00,0.00,0.00,0.00,0.00,0.00,0.00,0.00,0.00,4.44,23.22,168.45
58.7,109.70,41.96,78.04,5.01,2.76,1.55,0.00,22.81,0.00,0.00,0.00,1.00,0.00,0.00,2.14,0.60,26.73,73.46,33.71,188.36
58.8,96.25,88.40,44.37,2.83,48.95,0.18,0.00,2.97,0.00,0.00,0.00,0.09,0.00,0.00,0.00,0.11,24.62,57.55,15.82,182.33
58.9,79.57,64.88,23.88,1.10,0.05,0.00,0.00,1.86,0.00,0.00,0.00,0.00,0.00,0.00,0.00,0.00,39.39,60.15,9.01,176.50
59.0,68.08,64.22,90.93,0.09,0.00,19.68,13.89,0.00,0.00,0.00,0.00,42.02,0.09,0.00,0.00,0.18,20.78,80.37,11.97,165.72
59.1,95.66,32.39,106.68,7.41,0.00,21.11,5.54,0.09,0.00,0.00,2.21,23.03,0.00,0.00,0.00,0.00,0.82,79.39,29.29,146.05
59.2,17.36,48.96,23.17,0.01,0.00,7.89,0.62,0.00,0.00,0.00,0.00,25.94,1.21,0.18,3.29,0.00,46.31,62.11,6.28,158.52
59.3,25.44,0.04,12.67,0.09,0.00,13.28,2.04,1.20,0.00,0.00,0.00,76.98,16.63,0.33,50.24,6.84,105.02,90.04,15.48,126.27
59.4,50.08,82.26,29.07,0.00,1.86,12.45,0.00,0.00,0.00,0.00,0.00,48.71,4.27,0.18,52.07,2.45,84.03,63.90,12.60,133.03
59.5,86.65,55.65,12.95,0.00,0.00,9.31,0.00,1.45,0.00,0.09,0.00,74.51,58.31,12.29,75.06,15.73,66.64,64.91,6.79,160.58
59.6,130.03,45.78,73.34,25.40,0.00,17.12,6.62,0.53,0.00,1.12,2.04,117.67,74.95,1.87,74.64,53.44,111.46,79.67,16.16,155.49
59.7,37.40,0.48,73.95,0.11,0.00,6.80,29.73,0.35,11.62,35.28,1.51,114.86,123.33,45.59,75.37,101.74,68.18,80.25,7.14,145.25
59.8,0.21,0.00,34.80,0.00,0.00,9.65,52.60,10.02,10.45,35.60,4.07,120.34,111.71,21.89,68.14,27.86,59.14,81.57,10.38,150.70
59.9,11.39,0.00,72.86,1.95,0.00,5.49,42.44,6.48,35.90,35.17,0.71,108.66,111.54,31.55,68.31,45.84,51.48,79.78,5.15,119.50
60.0,4.46,0.44,73.61,0.00,0.00,0.98,13.33,3.55,0.04,23.73,4.51,123.28,124.85,23.57,67.60,4.23,39.32,70.75,5.70,103.47
60.1,0.00,0.00,55.82,27.03,0.00,8.85,72.57,40.62,0.00,28.77,3.19,101.62,86.21,0.03,20.01,0.00,5.18,20.31,0.01,88.53
60.2,0.09,0.00,49.91,3.80,0.68,0.98,53.42,0.04,0.00,17.60,0.27,73.55,85.45,0.00,12.29,0.00,0.18,0.20,0.00,89.04
60.3,0.00,0.09,0.40,0.00,0.00,0.18,59.22,37.43,2.51,19.40,2.74,55.15,42.53,0.97,0.01,0.00,11.42,17.59,0.00,37.32
60.4,0.00,0.00,27.99,26.13,0.00,0.00,90.56,43.63,0.00,23.27,4.07,48.42,45.34,0.00,0.00,0.00,18.20,57.52,3.79,102.00
60.5,15.88,0.00,7.71,69.97,0.09,0.00,29.95,49.72,0.00,0.02,0.00,0.04,0.04,0.00,0.00,0.00,0.02,0.05,0.00,64.32
60.6,17.55,0.00,1.60,75.59,33.62,0.00,29.73,146.58,1.96,14.84,0.00,0.00,0.00,0.00,0.00,0.80,1.63,0.00,0.00,0.07
60.7,0.02,0.09,1.90,79.81,10.48,0.00,74.22,182.79,36.78,36.52,1.24,23.14,61.52,0.00,0.00,0.00,0.00,0.00,0.09,0.09
60.8,40.59,0.00,41.36,92.01,34.56,0.00,87.21,122.39,13.82,26.61,0.44,43.06,72.88,0.00,0.25,1.50,0.44,0.00,0.00,0.00
60.9,98.95,1.95,39.41,99.41,64.57,0.97,75.39,162.58,34.59,33.85,1.42,26.60,43.80,0.00,0.00,2.13,0.18,0.00,0.00,0.00
61.0,52.55,0.71,57.96,88.17,9.41,21.25,78.94,149.47,18.03,40.74,3.39,70.69,55.40,0.00,0.00,0.00,0.44,4.87,0.00,0.33
61.1,19.41,0.00,87.89,87.10,0.01,18.65,89.21,88.95,9.00,49.18,6.03,95.62,82.39,0.00,6.78,0.00,0.13,42.35,4.13,29.50
61.2,6.13,121.70,0.45,0.08,1.50,1.19,0.09,0.08,8.48,0.05,0.01,0.09,0.08,0.00,43.31,150.49,87.22,12.82,35.27,150.44
61.3,103.49,127.55,12.27,0.00,63.37,25.05,0.00,0.00,35.08,0.00,0.00,4.69,0.00,6.17,18.43,179.17,109.98,34.32,20.65,172.49
61.4,89.37,111.67,0.90,0.00,80.12,0.20,0.00,0.27,0.04,0.00,0.00,0.62,0.09,0.01,0.02,60.62,65.95,4.85,22.82,123.45
61.5,86.56,98.82,0.84,0.27,15.15,0.00,0.00,0.00,0.00,0.00,0.00,0.09,0.00,0.00,0.00,34.30,54.94,5.78,19.30,152.34
61.6,74.15,80.29,0.00,0.09,23.28,0.44,2.24,0.00,0.00,0.00,0.00,0.47,0.00,0.00,0.11,0.03,0.18,0.01,2.50,82.30
61.7,68.48,100.45,2.97,4.60,11.29,0.00,3.53,3.19,0.00,0.00,0.00,0.00,0.00,0.00,0.00,0.18,0.00,2.12,2.36,79.09
61.8,44.17,101.69,0.62,0.00,25.69,0.13,0.00,0.00,0.00,0.00,0.00,0.00,0.00,0.00,0.00,0.38,0.18,2.29,0.00,48.84
61.9,23.12,51.40,0.00,0.18,0.03,0.00,0.43,0.18,0.83,0.00,0.00,0.00,0.00,0.00,0.00,0.00,0.00,0.00,0.00,63.34
62.0,86.83,105.35,29.74,0.00,13.97,0.00,0.00,0.00,0.00,0.00,0.00,0.09,0.11,0.00,0.00,24.63,42.65,26.19,30.04,183.04
62.1,133.76,127.57,31.27,8.57,65.09,3.67,0.00,1.42,0.00,0.13,0.00,0.00,1.07,2.73,0.00,4.45,80.68,42.43,42.83,177.66
62.2,150.17,134.22,23.92,31.25,54.40,0.71,0.00,0.00,0.00,0.00,0.00,0.33,0.62,0.00,0.57,4.12,5.02,25.18,31.69,160.62
62.3,102.49,97.49,75.75,18.77,0.05,0.71,5.84,0.00,0.00,0.00,0.00,0.89,0.11,0.00,0.00,0.00,50.38,40.54,25.04,172.89
62.4,123.26,105.86,61.17,53.20,0.25,0.00,13.93,0.00,0.00,0.00,0.00,1.42,0.11,0.00,0.11,0.95,10.01,22.49,24.72,188.07
62.5,102.03,131.42,87.63,35.88,2.52,0.00,7.84,0.00,0.00,0.00,0.00,0.00,0.00,0.00,0.00,22.88,87.35,38.30,52.86,191.60
62.6,24.18,0.12,50.58,81.51,2.60,9.19,106.16,146.75,40.28,32.66,4.07,91.83,115.22,27.88,25.77,22.30,0.61,0.04,0.05,0.20
62.7,0.02,0.00,30.78,43.14,0.56,6.29,94.04,103.40,43.61,33.28,1.15,126.56,110.68,32.91,52.23,11.23,6.46,20.18,0.00,0.00
62.8,151.43,140.13,23.74,17.52,73.43,13.12,0.09,1.96,2.55,0.03,0.00,0.12,0.11,0.04,1.11,102.21,61.20,24.27,55.10,189.90
62.9,155.00,138.91,64.46,33.14,62.56,9.68,0.00,0.00,0.00,0.00,0.00,0.00,0.00,0.00,0.00,5.98,26.31,26.40,46.61,192.09
63.0,126.14,78.64,103.25,56.83,24.25,0.70,3.97,1.79,0.00,0.00,0.00,0.09,0.00,0.00,1.56,14.39,31.14,73.02,36.87,181.94
63.1,0.12,2.73,0.37,10.90,17.29,5.35,39.00,156.85,65.06,52.65,5.49,92.18,110.36,30.06,80.61,95.37,13.13,2.18,0.04,0.19
63.2,0.00,0.00,0.11,1.34,0.31,11.48,30.28,98.62,63.49,41.39,0.89,123.60,110.15,33.55,71.98,66.95,54.37,26.61,0.00,0.00
63.3,0.00,0.00,0.00,0.00,0.00,0.28,20.72,75.94,44.33,49.04,5.34,100.23,102.65,35.45,75.53,66.75,55.57,5.78,0.00,0.00
63.4,0.00,0.27,0.20,0.00,0.00,0.00,0.20,4.93,30.74,26.80,0.00,37.78,104.09,13.18,66.34,46.27,1.56,0.01,0.00,0.00
63.5,0.00,0.63,0.00,0.00,0.00,0.00,1.05,0.32,18.37,20.28,0.00,0.57,102.17,46.17,16.39,3.67,0.30,0.00,0.00,0.00
63.6,0.00,0.00,0.00,0.27,0.27,0.09,1.33,53.10,12.21,23.19,0.00,1.32,74.01,9.75,0.02,2.27,0.09,0.00,0.00,0.00
63.7,0.00,0.00,0.00,18.88,0.00,0.00,6.11,1.49,17.09,18.09,0.00,0.82,72.42,36.96,2.48,3.10,0.35,0.00,0.00,0.00
63.8,0.00,0.00,0.00,0.02,0.00,0.00,17.96,2.15,0.02,1.56,0.00,30.88,89.87,26.27,30.15,24.94,0.00,0.00,0.00,0.00
63.9,0.00,0.48,0.18,7.43,0.00,0.00,16.13,25.66,36.42,32.64,0.00,74.30,111.98,30.52,56.86,0.82,0.00,0.00,0.00,0.00
64.0,0.00,0.00,0.00,8.75,0.00,0.00,7.59,0.03,4.37,6.23,0.00,78.43,108.29,34.15,73.73,13.02,21.30,0.00,0.00,0.00
64.1,0.00,0.00,9.04,0.19,0.00,2.92,17.38,0.09,0.67,14.93,0.09,72.56,115.54,43.19,72.44,33.61,47.48,9.93,0.00,0.00
64.2,0.00,0.27,38.47,9.92,0.44,0.66,49.37,0.00,0.00,5.70,0.00,83.89,117.57,50.80,66.65,68.16,49.38,11.09,0.53,0.00
64.3,0.00,0.00,19.31,15.68,0.00,5.04,80.65,7.79,7.03,15.93,3.27,113.95,116.32,34.81,77.83,59.89,59.32,3.82,0.00,0.22
64.4,0.00,0.00,30.65,0.75,0.00,0.00,45.20,0.01,7.26,3.60,0.00,90.86,110.32,45.41,64.54,106.65,96.16,6.00,0.00,0.34
64.5,2.65,0.00,65.05,14.49,0.00,4.93,40.07,0.00,9.94,13.21,0.00,109.87,109.38,28.95,77.01,140.50,64.29,46.44,0.00,0.53
64.6,0.27,0.00,68.62,0.01,0.80,16.26,27.98,0.00,2.80,4.87,3.54,106.78,107.55,17.03,53.71,37.15,6.52,56.17,0.22,0.81
64.7,0.11,0.09,46.91,0.00,0.09,7.18,22.59,0.00,1.68,4.48,0.00,92.14,101.99,10.23,29.59,0.03,28.27,50.08,0.00,25.83
64.8,0.11,0.00,26.41,0.00,0.00,13.01,7.58,5.36,39.19,17.30,0.00,107.72,109.03,23.36,48.15,75.76,16.04,50.72,0.00,0.02
64.9,0.00,0.00,35.08,0.27,0.00,4.50,53.45,26.11,83.38,45.00,5.40,80.87,108.53,32.95,45.41,58.94,8.05,24.29,0.00,0.00
65.0,0.00,3.63,3.38,0.00,30.66,10.71,15.13,36.07,121.36,26.07,0.27,101.02,108.73,56.16,72.96,159.92,37.77,26.92,0.00,0.00
65.1,0.00,20.99,0.00,0.00,34.80,10.63,1.55,91.99,83.11,19.81,0.00,105.52,112.88,22.45,67.20,168.75,50.94,46.73,0.80,0.00
65.2,0.00,41.92,0.00,0.00,85.18,10.62,0.00,110.20,76.90,14.87,0.00,100.09,105.88,36.25,72.80,142.71,54.39,21.57,1.33,0.00
65.3,7.17,53.01,3.01,15.89,86.30,12.70,23.45,175.37,123.35,33.45,0.27,93.67,112.11,48.39,75.54,137.43,18.95,17.13,5.51,0.00
65.4,1.42,53.59,0.76,5.05,82.45,16.95,6.39,172.26,103.40,18.56,0.00,79.13,97.02,32.60,76.88,189.44,44.11,11.16,8.23,0.00
65.5,0.00,25.38,0.00,0.01,52.53,10.46,0.01,99.99,97.75,6.50,0.00,52.83,92.77,33.24,78.14,178.84,29.60,0.01,6.11,0.00
65.6,0.00,0.02,0.25,9.88,49.92,0.01,3.22,205.10,69.59,32.26,0.00,42.76,105.83,51.69,5.74,102.06,0.03,0.00,0.01,0.00
65.7,0.00,0.00,0.18,2.75,0.05,0.00,5.59,134.83,56.16,16.31,0.00,15.94,56.96,22.68,0.81,0.10,0.00,0.09,0.00,0.00
65.8,0.00,1.50,4.14,0.00,0.00,2.87,23.74,94.04,29.10,27.66,1.06,43.99,67.68,1.53,0.00,14.49,0.00,0.00,0.00,0.00
65.9,0.00,0.00,27.74,31.13,0.00,2.21,78.67,104.89,52.22,21.05,0.18,53.37,50.64,6.20,0.00,0.01,0.00,0.00,0.00,0.00
66.0,18.32,0.00,64.15,91.09,3.58,11.06,100.33,147.59,8.36,37.58,1.77,54.39,16.10,0.01,0.18,0.09,0.00,4.90,0.00,24.58
66.1,5.14,0.18,45.67,92.39,35.06,1.87,85.47,170.54,9.86,13.07,2.13,48.76,1.08,0.00,0.00,0.00,0.00,0.40,0.00,0.02
66.2,43.76,0.63,91.22,124.96,40.13,13.79,95.77,186.18,38.27,37.58,0.98,104.12,57.69,0.00,0.00,0.00,0.68,17.42,0.44,32.59
66.3,100.19,7.14,102.42,114.38,48.08,11.15,102.72,191.18,27.26,8.44,0.44,56.06,1.51,0.00,0.27,0.00,0.00,13.92,4.55,48.49
66.4,116.48,23.94,112.34,97.33,0.04,11.60,87.55,149.97,0.67,22.87,4.18,48.52,0.11,0.53,0.00,0.49,0.09,54.21,22.21,120.86
66.5,51.02,0.29,110.85,64.53,0.00,25.86,91.46,91.21,0.00,19.65,0.09,105.38,28.03,0.00,0.00,0.00,7.85,55.07,26.44,126.80
66.6,118.46,1.81,107.22,109.20,32.88,7.19,87.84,187.17,16.17,6.45,2.65,71.29,16.70,0.00,0.00,0.00,0.01,35.12,16.62,35.19
66.7,106.69,4.18,102.00,112.08,44.54,8.24,90.43,211.56,10.98,33.33,0.53,79.16,37.71,0.00,0.00,0.33,2.48,70.07,5.24,92.33
66.8,69.58,112.67,0.19,41.90,115.09,0.36,0.09,111.30,67.62,1.16,0.00,4.78,22.93,21.10,85.79,111.81,110.24,7.24,23.80,85.32
66.9,102.84,115.27,0.09,88.94,92.15,0.35,3.27,135.09,76.26,0.27,0.00,0.65,38.69,33.50,53.98,113.38,62.80,2.80,25.28,69.77
67.0,111.49,104.67,0.00,91.25,85.13,0.00,0.72,135.32,60.78,0.00,0.09,0.22,27.30,28.08,75.74,100.17,77.55,2.01,23.59,0.07
67.1,156.03,38.39,102.46,127.04,80.79,21.00,100.13,133.86,0.07,23.48,5.68,55.82,2.83,0.03,0.08,0.09,2.28,57.01,5.44,139.72
67.2,129.53,42.29,122.87,121.84,96.69,14.34,83.56,184.84,42.41,9.99,2.93,60.09,0.00,0.00,0.09,1.88,4.72,57.16,17.51,64.73
67.3,46.62,104.65,0.13,74.11,109.21,0.54,26.03,186.98,77.66,17.90,0.00,21.82,62.40,27.62,81.24,122.45,106.60,4.17,29.85,51.71
67.4,92.09,7.41,104.96,105.42,72.29,29.15,89.78,181.61,29.74,27.59,5.93,108.54,50.36,0.03,0.08,0.99,0.10,67.15,5.72,33.14
67.5,144.09,32.89,116.42,111.53,69.58,16.83,87.60,180.09,25.64,23.38,0.27,61.10,9.20,0.00,0.00,0.00,0.00,40.76,25.52,34.36
67.6,112.10,0.38,109.41,91.81,90.58,11.43,79.28,189.31,64.65,38.83,2.74,93.25,54.67,4.25,1.34,5.04,29.52,59.01,10.88,58.27
67.7,106.22,0.00,120.27,99.55,41.34,21.58,81.95,176.51,16.85,31.90,3.90,125.58,83.11,0.00,17.62,11.51,60.71,88.94,24.01,84.81
67.8,35.40,10.94,112.33,79.41,0.04,23.95,92.91,71.04,0.02,34.18,0.45,80.77,23.33,0.00,3.77,2.29,96.47,75.61,25.85,177.01
67.9,49.08,27.97,100.04,28.25,0.00,13.83,94.11,57.80,0.00,25.24,0.00,99.65,67.94,0.00,0.00,1.01,66.58,68.31,22.19,189.99
68.0,63.90,19.64,111.31,15.76,1.59,10.10,45.99,7.80,2.90,25.65,0.27,117.44,102.63,0.09,5.30,0.00,66.43,71.57,13.87,169.74
68.1,15.51,0.02,93.90,13.06,0.71,15.04,73.59,97.14,33.34,32.65,5.69,63.35,111.40,4.78,5.92,0.00,9.04,54.30,7.16,46.92
68.2,54.06,0.00,93.83,81.81,0.51,10.38,85.98,143.31,50.51,46.14,4.25,91.67,114.42,23.06,29.90,12.88,0.27,14.41,0.01,0.13
68.3,18.13,0.00,88.93,84.40,0.00,7.09,95.36,129.02,29.90,37.20,1.69,114.98,118.01,29.40,32.46,1.45,24.13,59.22,4.24,75.41
68.4,49.96,111.07,0.10,3.90,106.52,0.01,23.20,122.90,78.88,41.99,3.10,8.11,101.25,26.57,83.86,92.34,83.32,9.07,41.02,103.63
68.5,18.10,0.73,95.34,67.16,8.91,14.37,97.40,122.45,66.08,43.58,1.33,116.85,111.32,26.81,51.70,11.70,32.75,43.39,2.34,92.85
68.6,14.98,102.08,2.31,0.06,104.00,1.07,0.09,58.24,82.80,26.63,0.00,35.74,105.68,29.08,73.41,120.53,62.06,4.67,40.94,12.93
68.7,58.04,121.41,4.52,0.00,77.54,0.44,0.00,0.06,48.03,3.48,0.00,0.61,65.88,20.40,77.80,88.40,96.84,17.70,34.44,139.43
68.8,0.05,0.11,34.86,87.89,0.08,1.68,83.85,132.42,12.04,41.04,2.21,89.37,109.62,10.31,42.00,0.08,0.09,0.02,0.03,0.15
68.9,0.33,0.00,66.27,52.19,0.58,19.78,91.48,49.07,14.89,34.70,2.92,115.16,110.15,11.88,65.65,0.62,0.18,13.30,0.00,0.00
69.0,2.29,0.00,42.45,85.64,0.00,0.11,83.52,74.31,0.02,26.55,3.10,41.68,24.44,0.01,0.95,0.00,0.00,0.01,0.00,0.00
69.1,0.00,0.00,15.50,63.78,0.00,0.97,95.05,83.57,38.83,37.85,2.04,93.69,104.42,22.07,65.70,41.28,0.00,0.00,0.00,0.00
69.2,83.58,0.00,58.78,89.10,6.06,1.24,87.75,141.18,45.11,36.59,3.90,84.87,113.86,26.22,80.00,17.91,6.45,0.00,0.00,0.00
69.3,118.92,0.43,81.73,94.55,41.85,18.75,101.56,153.51,65.34,38.48,1.95,78.96,101.41,23.13,40.30,15.67,0.01,5.37,0.09,11.67
69.4,0.11,57.72,0.42,1.41,11.18,0.02,20.62,59.18,60.93,40.22,0.11,64.35,107.30,27.80,84.67,94.78,112.03,6.16,14.50,23.31
69.5,0.00,8.22,0.00,0.00,0.53,0.18,36.40,19.04,49.72,43.72,0.80,77.89,106.19,36.73,71.75,90.11,107.49,5.80,2.16,0.02
69.6,0.00,74.95,0.00,0.18,0.00,0.09,0.30,0.02,11.54,9.73,0.00,49.10,105.49,12.72,56.88,78.90,65.26,0.01,27.26,7.35
69.7,0.00,9.22,2.50,2.46,0.00,0.53,6.03,0.22,74.04,7.82,0.00,67.79,111.55,37.57,75.31,87.05,28.33,0.00,7.63,0.12
69.8,0.00,1.60,0.00,0.00,8.15,0.00,25.51,13.00,65.88,26.17,0.00,65.19,118.22,32.27,83.40,78.23,76.51,0.18,0.01,0.00
69.9,0.00,58.48,0.00,0.35,29.16,0.00,0.36,37.73,58.02,29.01,0.00,57.94,103.94,31.70,74.69,101.39,98.19,0.35,9.56,0.00
70.0,1.06,92.07,3.01,3.01,85.71,1.68,2.62,13.34,90.26,14.51,0.00,53.52,121.51,31.39,64.58,118.28,51.47,0.00,37.55,0.27
70.1,6.84,62.90,0.00,0.00,101.51,0.44,1.31,61.75,86.46,28.78,10.01,91.31,114.85,26.88,79.35,84.97,21.43,0.00,0.30,0.00
70.2,0.01,25.53,5.36,0.00,31.86,16.81,36.30,50.50,87.11,32.83,5.23,133.99,107.72,20.71,86.96,92.09,71.52,9.07,0.71,0.00
70.3,0.00,5.69,41.33,0.09,0.03,18.76,22.83,2.55,58.38,19.27,0.89,127.17,109.91,22.60,87.24,87.76,113.27,38.75,3.19,23.78
70.4,0.00,19.98,41.20,0.09,0.09,15.86,53.04,0.09,44.53,44.58,0.00,115.30,100.44,47.58,74.27,95.82,99.37,60.58,6.32,0.11
70.5,0.00,68.49,33.82,0.00,32.45,17.63,55.42,45.94,82.10,41.17,2.65,133.08,99.35,24.85,83.05,115.10,109.68,67.49,8.68,0.00
70.6,0.00,3.31,41.29,0.00,1.76,16.30,65.25,18.12,52.85,32.85,1.24,130.94,107.97,29.22,83.85,85.89,82.86,66.71,0.90,30.76
70.7,126.54,136.99,11.12,70.23,74.86,0.01,0.24,105.06,83.88,0.03,0.00,2.12,40.67,34.04,61.74,116.37,81.70,0.06,25.83,139.12
70.8,0.11,19.12,38.76,0.07,50.38,8.05,44.15,55.67,74.73,51.48,2.74,119.68,117.84,30.34,86.23,84.87,103.31,61.91,0.02,97.84
70.9,0.00,48.62,52.22,0.00,45.62,22.15,42.80,123.91,86.13,33.52,1.42,124.35,112.79,36.56,84.60,114.09,113.45,72.81,14.16,70.48
71.0,135.34,68.82,120.64,95.05,103.47,30.24,73.68,175.57,23.20,0.16,2.04,22.60,0.11,0.04,0.09,0.57,17.99,73.32,13.62,176.04
71.1,139.34,108.34,97.36,87.87,88.34,5.68,28.31,145.42,40.04,0.00,0.00,3.24,0.00,0.00,0.00,11.97,2.94,24.45,10.28,160.60
71.2,136.85,70.23,52.49,70.60,66.18,0.01,22.53,58.82,7.26,0.00,0.00,0.25,0.00,0.00,0.00,2.01,7.35,0.02,0.01,96.05
71.3,138.77,130.37,32.46,89.36,87.20,0.66,1.49,115.39,40.12,0.00,0.00,0.00,0.00,0.00,0.00,31.54,0.80,0.35,21.72,106.36
71.4,116.72,99.08,2.05,29.24,58.62,0.00,1.86,54.89,0.04,0.00,0.00,0.00,0.00,0.09,0.00,0.03,22.62,0.00,0.02,30.77
71.5,79.47,124.21,0.23,0.20,56.89,1.20,3.60,0.45,0.27,0.09,1.68,3.36,0.13,0.00,7.03,29.81,56.87,2.30,3.36,77.34
71.6,59.35,124.01,0.76,0.00,41.01,6.28,0.00,21.44,3.46,1.40,0.00,28.65,0.00,0.00,37.68,43.71,110.18,63.05,22.84,110.34
71.7,77.42,123.61,4.99,0.35,39.43,5.40,0.00,0.02,0.09,0.00,0.00,75.82,0.00,0.00,33.41,53.19,128.30,88.48,28.52,126.02
71.8,88.40,120.07,3.17,1.28,49.77,4.87,0.00,0.09,0.00,0.00,0.00,30.49,0.00,0.00,39.62,28.18,118.05,68.10,28.48,187.09
71.9,105.92,135.39,26.75,2.57,76.50,3.58,0.00,20.76,2.79,0.00,0.00,4.28,0.00,0.00,0.15,51.45,98.46,67.08,46.83,189.67
72.0,124.29,131.34,60.08,7.87,72.02,3.72,0.00,0.02,0.00,0.00,0.00,31.48,0.00,0.00,0.00,29.54,64.72,64.82,24.07,189.33
72.1,74.15,123.98,39.29,0.01,21.91,7.35,0.00,0.00,0.00,0.00,0.00,36.96,0.00,0.00,0.00,47.70,91.88,84.71,37.65,191.42
72.2,0.60,93.40,21.54,0.00,7.60,6.91,0.00,0.09,0.00,0.00,0.00,86.34,17.26,0.00,41.34,61.10,110.89,79.13,25.56,143.40
72.3,0.00,49.71,19.47,0.00,0.01,4.03,0.00,0.00,0.00,0.00,0.00,64.69,6.83,0.00,33.67,55.20,121.65,83.78,34.78,147.30
72.4,0.00,44.92,0.02,0.00,7.79,0.00,0.00,0.00,18.22,0.00,0.00,0.06,0.01,4.24,5.20,119.88,61.74,23.16,31.44,150.43
72.5,0.00,75.78,0.00,0.00,50.12,20.49,0.00,0.35,85.44,2.39,0.00,0.00,0.00,28.04,12.99,118.28,105.82,24.49,46.95,129.84
72.6,20.64,94.53,0.00,0.00,109.16,0.11,0.00,20.27,60.24,0.00,0.00,0.00,0.00,20.60,17.56,122.49,52.25,0.11,36.38,88.55
72.7,45.60,101.33,0.00,11.19,114.75,1.15,0.39,88.69,61.77,0.00,0.00,0.09,0.00,19.79,23.28,101.99,39.94,7.20,17.05,154.18
72.8,73.79,80.01,0.00,48.01,100.61,0.00,0.00,148.21,78.25,0.00,0.00,0.00,0.00,8.08,2.93,71.59,73.76,0.12,11.87,40.53
72.9,55.17,82.40,0.00,36.95,114.27,0.00,4.40,198.75,74.96,11.60,0.00,0.00,51.98,14.32,24.22,30.79,0.75,0.00,5.29,47.38
73.0,133.01,147.91,5.17,39.62,108.52,2.45,0.00,132.27,67.68,0.01,0.00,0.00,0.05,0.01,0.14,51.40,53.75,6.81,37.11,101.58
73.1,122.67,126.00,0.80,55.12,117.82,4.79,0.00,160.69,74.59,0.00,0.00,0.13,0.00,12.57,15.51,117.81,74.36,23.63,28.96,101.15
73.2,0.11,7.61,72.21,0.05,0.12,12.75,60.67,0.48,7.00,39.51,0.97,113.05,105.11,44.31,76.69,33.28,109.11,62.62,10.12,151.42
73.3,0.00,0.01,89.44,15.63,0.09,22.20,74.85,18.11,0.90,42.01,1.33,110.10,104.85,9.77,80.20,9.11,93.54,49.24,0.12,143.57
73.4,106.73,120.69,0.09,18.91,110.12,3.91,0.16,126.33,76.54,0.29,0.00,0.10,0.19,23.61,19.43,98.64,43.75,9.76,16.79,103.70
73.5,120.87,140.72,3.72,35.87,94.94,6.14,11.36,71.70,75.28,0.00,0.00,0.09,0.00,22.15,31.22,119.97,28.10,0.01,21.11,122.83
73.6,131.91,134.38,1.77,29.15,97.54,9.70,1.96,87.54,58.63,0.27,0.00,0.00,6.56,37.74,38.33,117.74,62.28,20.78,16.49,140.68
73.7,12.33,0.30,111.38,18.06,0.10,16.11,81.33,4.29,0.73,32.34,3.89,119.62,108.96,2.65,67.35,14.96,75.57,73.28,9.02,161.69
73.8,41.85,11.42,122.73,16.41,0.33,16.55,90.54,13.23,0.34,32.54,6.02,118.02,74.25,0.00,33.83,29.34,96.83,80.44,23.14,156.35
73.9,22.83,23.76,71.94,0.01,5.84,17.99,40.77,0.19,0.00,9.33,3.28,121.38,54.63,0.67,76.04,15.96,76.38,60.81,10.79,154.56
74.0,0.82,26.22,81.90,1.93,0.01,27.32,15.24,0.18,1.79,3.58,1.86,104.80,18.91,1.24,33.76,13.52,99.15,75.28,11.91,124.15
74.1,2.92,51.33,97.95,1.52,0.97,24.63,14.83,0.00,0.00,5.03,0.53,125.93,57.05,0.00,69.83,14.40,120.61,71.81,19.26,175.87
74.2,2.22,0.05,99.88,22.45,1.69,17.60,82.30,0.30,0.00,18.74,4.07,109.98,44.68,0.00,45.08,4.34,65.32,66.10,2.45,136.22
74.3,22.98,0.00,87.48,65.22,0.00,12.58,89.72,25.55,0.00,18.01,2.39,110.01,105.10,21.40,70.03,5.02,67.70,36.14,0.23,28.09
74.4,17.53,0.09,110.24,65.37,0.09,38.10,86.63,38.24,6.35,42.09,5.27,112.27,105.92,30.94,73.50,59.27,54.62,24.21,0.00,25.90
74.5,114.62,130.05,3.56,4.05,88.05,0.92,0.08,24.74,58.80,9.54,0.00,29.63,96.82,27.14,87.46,117.47,85.03,9.29,9.17,177.46
74.6,109.53,122.22,0.80,5.37,79.04,5.21,0.00,78.74,99.51,20.44,0.00,70.35,105.22,37.69,83.84,139.02,55.14,3.84,22.95,93.16
74.7,27.63,0.11,113.23,52.17,0.08,19.34,83.09,53.72,22.24,38.92,4.78,137.65,109.94,12.63,54.88,53.11,61.39,79.07,16.86,80.93
74.8,0.03,0.00,93.22,6.88,5.75,24.68,74.77,52.88,53.05,31.04,5.23,127.34,109.65,13.28,79.62,97.12,86.55,68.38,10.99,1.31
74.9,0.00,0.87,55.42,0.27,4.43,21.37,35.71,79.73,74.79,32.56,4.99,114.36,114.72,26.92,75.09,51.50,52.98,55.71,0.01,0.00
75.0,0.00,0.57,54.11,0.00,0.00,17.79,41.99,6.88,33.88,36.15,2.57,118.88,116.88,14.09,73.08,55.58,63.86,42.37,0.00,1.96
75.1,0.00,0.00,0.50,0.18,0.00,13.06,2.67,0.01,0.04,2.05,0.00,107.92,70.25,15.78,58.37,25.71,54.20,36.09,0.00,0.00
75.2,4.05,6.87,0.00,0.44,0.00,2.75,0.00,0.00,0.00,0.00,0.00,93.95,78.11,0.02,55.00,16.03,72.92,22.15,0.00,0.00
75.3,0.71,2.66,4.64,0.00,0.00,15.16,0.72,0.00,0.25,2.21,0.00,90.57,60.58,13.76,82.40,13.83,86.98,42.21,0.11,0.00
75.4,0.00,0.00,9.98,0.80,4.16,5.44,0.00,2.21,18.97,1.18,0.00,113.43,90.13,17.44,64.34,12.99,45.23,41.68,0.00,0.00
75.5,0.00,0.00,0.01,0.09,0.00,6.82,0.00,0.82,0.02,0.00,0.78,83.44,81.12,1.81,79.93,8.97,41.46,9.41,0.00,0.00
75.6,0.00,0.00,0.59,0.00,0.00,2.48,0.00,0.29,0.00,0.00,0.00,105.01,55.50,0.25,65.31,2.27,35.92,28.73,0.00,0.00
75.7,0.00,0.00,15.74,0.00,0.00,16.81,16.61,0.00,1.12,13.27,1.95,124.32,109.13,21.13,74.28,10.58,81.57,29.73,0.00,0.00
75.8,0.00,0.00,7.83,0.00,0.00,16.12,6.19,0.00,0.00,13.02,2.92,121.35,103.71,0.02,59.43,4.80,44.80,31.06,0.00,0.00
75.9,0.00,0.27,33.79,0.00,0.00,20.48,34.02,0.18,0.47,9.12,0.45,124.49,94.89,3.52,67.44,10.53,30.57,50.99,0.00,0.67
76.0,0.00,0.97,36.09,0.00,0.00,15.34,33.83,0.00,0.00,9.63,2.30,109.76,105.82,6.44,23.47,0.01,1.18,13.89,0.00,0.00
76.1,0.00,0.00,24.78,17.74,0.00,9.66,83.44,40.89,11.27,35.54,3.10,99.41,109.00,4.91,26.62,3.02,1.93,3.20,0.00,0.00
76.2,0.00,0.09,16.27,0.02,0.00,14.49,64.43,17.28,1.35,32.44,3.35,139.34,105.03,1.04,30.31,0.56,0.00,1.19,0.00,0.00
76.3,0.00,0.00,3.87,0.00,0.00,5.94,15.96,0.02,0.00,12.46,0.00,113.79,86.27,0.00,3.04,0.00,0.27,0.00,0.00,0.00
76.4,0.18,0.00,36.24,1.68,0.00,18.32,72.03,40.99,2.36,35.28,5.40,89.51,91.80,0.00,5.67,0.09,1.50,0.09,0.00,0.00
76.5,0.00,0.00,12.53,0.00,0.00,4.09,52.55,22.54,9.60,30.48,4.30,119.68,109.68,3.55,33.79,4.10,5.60,14.20,0.00,0.00
76.6,0.00,0.71,16.35,0.00,0.00,20.48,43.60,7.01,12.30,36.83,2.30,121.29,119.28,11.99,81.98,5.97,33.80,13.11,0.18,0.00
76.7,0.00,0.00,0.25,0.71,0.00,12.82,2.27,2.36,0.01,6.51,3.10,113.81,72.31,0.01,60.20,9.34,35.83,32.91,0.00,0.20
76.8,0.00,0.00,0.11,0.50,0.09,19.52,2.46,0.44,0.00,0.01,0.00,106.39,48.86,0.00,25.73,0.01,10.56,4.97,0.00,0.00
76.9,0.00,0.00,28.11,0.35,0.00,17.40,0.18,0.00,0.00,0.80,0.00,86.71,15.92,0.00,7.02,7.05,58.09,69.19,0.00,37.33
77.0,0.35,0.00,0.95,0.00,0.18,22.92,8.14,0.00,0.00,0.00,0.00,93.52,1.01,0.00,0.01,0.10,0.58,38.13,0.33,24.44
77.1,22.17,1.68,108.93,15.25,0.00,7.45,6.10,0.00,0.00,0.00,0.00,26.02,0.00,0.00,0.00,0.18,13.75,46.87,16.08,133.74
77.2,68.83,15.11,71.20,2.93,0.00,0.01,0.01,0.00,0.00,0.00,0.00,0.02,0.00,0.00,0.00,0.00,6.98,30.74,22.47,146.09
77.3,22.37,41.22,45.56,0.00,0.11,0.13,0.00,0.09,0.00,0.22,1.50,0.88,0.09,0.00,0.00,0.00,24.76,55.78,26.67,161.13
77.4,14.78,0.04,62.10,1.65,0.00,7.52,2.80,0.53,0.00,0.00,0.00,2.63,0.00,0.00,0.00,0.53,32.21,66.28,3.18,134.81
77.5,17.02,0.00,101.40,48.81,0.00,12.05,10.19,40.43,0.00,0.00,0.00,8.54,0.00,0.00,0.00,0.00,0.03,22.69,0.00,30.37
77.6,21.86,0.00,50.73,19.32,0.35,4.56,0.01,0.04,0.00,0.00,0.00,14.96,0.00,0.00,0.00,0.18,10.13,38.80,12.50,107.65
77.7,0.02,0.00,3.90,1.41,0.00,0.45,0.64,0.35,0.00,0.00,0.00,0.19,0.00,0.00,0.00,0.00,0.27,0.48,0.01,73.26
77.8,21.07,0.00,11.80,0.44,0.11,0.00,0.00,0.00,0.00,0.00,0.00,0.00,0.00,0.00,0.00,0.00,0.00,0.00,0.00,66.70
77.9,0.25,3.04,5.26,0.00,0.00,0.00,0.27,0.00,0.00,0.27,0.00,0.00,0.00,0.00,0.00,0.00,1.01,0.20,0.00,51.54
78.0,0.00,1.42,0.01,0.09,0.00,0.00,0.18,16.47,0.00,0.00,0.00,0.00,0.33,0.00,0.00,0.00,0.00,0.00,0.00,0.05
78.1,12.11,0.00,0.00,16.66,0.00,0.00,0.00,0.02,0.00,0.00,0.00,0.13,0.00,0.00,0.00,0.00,0.00,0.00,0.00,0.00
78.2,6.03,0.71,0.00,0.28,0.00,0.18,0.00,47.65,0.00,0.00,0.00,0.09,0.00,0.00,0.53,0.35,0.00,0.00,0.88,0.00
78.3,0.71,0.00,0.00,1.26,19.41,0.00,0.00,42.82,0.00,0.00,0.00,0.00,0.00,0.00,0.00,0.00,0.39,2.92,0.00,0.27
78.4,0.73,13.87,0.31,0.18,15.25,0.97,0.00,107.41,0.00,0.20,0.11,0.69,2.83,0.00,0.18,0.45,0.18,0.84,0.00,1.45
78.5,60.10,14.82,0.34,11.50,73.81,0.00,0.00,80.32,0.00,0.00,0.00,0.57,0.00,0.00,0.00,0.00,0.00,0.00,0.00,1.26
78.6,91.93,74.54,0.00,6.65,72.56,0.00,0.20,71.46,0.00,0.00,0.00,2.13,0.00,0.00,2.57,3.43,0.00,0.00,0.53,0.00
78.7,39.75,76.08,0.53,5.81,102.04,0.00,1.27,29.71,21.76,0.00,0.00,0.00,0.00,0.00,0.00,13.86,0.00,0.00,0.00,24.41
78.8,57.00,71.55,0.00,7.99,111.21,0.00,0.00,69.66,64.39,0.00,0.00,0.00,0.00,14.40,0.66,33.45,0.00,0.00,0.00,1.92
78.9,2.49,0.19,0.00,0.36,25.48,0.00,0.00,34.07,81.43,0.71,0.00,0.00,41.14,27.75,33.68,15.43,0.00,0.00,0.00,0.18
79.0,0.00,4.97,0.00,0.00,8.71,0.00,0.00,45.62,71.99,6.23,0.00,11.84,82.79,29.98,72.31,54.97,32.62,0.00,0.00,16.11
79.1,0.00,0.00,0.56,0.00,17.72,0.00,0.00,77.59,95.57,8.15,0.00,0.10,58.26,36.01,22.19,22.62,14.84,0.00,0.00,0.72
79.2,0.00,0.35,0.00,0.09,0.02,0.00,4.58,21.98,4.24,31.73,0.00,38.09,97.51,0.74,1.28,0.55,0.01,0.00,0.00,0.00
79.3,0.00,0.53,0.00,0.00,0.18,0.00,3.69,74.70,48.73,37.39,0.00,12.49,100.47,15.18,10.62,0.11,0.00,0.00,0.00,0.00
79.4,0.09,0.00,0.00,0.18,0.00,0.00,1.47,31.11,9.84,30.33,0.11,0.01,51.59,0.46,1.51,1.14,0.00,0.00,0.00,0.00
79.5,0.00,0.00,2.74,0.00,0.00,0.27,2.13,0.03,0.01,2.24,0.00,0.88,37.23,1.38,10.07,0.00,0.00,0.89,0.00,0.00
79.6,0.00,0.00,0.00,0.00,0.00,0.00,0.00,0.00,0.00,0.00,0.00,0.00,0.04,0.00,0.63,0.00,0.31,0.00,0.00,0.22
79.7,1.50,0.35,0.39,0.09,0.00,0.00,0.27,0.11,0.00,0.00,0.00,0.00,0.00,0.00,0.00,0.00,0.00,0.00,0.00,0.00
79.8,0.36,1.42,0.00,0.00,0.00,0.00,0.00,24.60,0.00,0.00,0.00,0.44,0.00,0.00,0.00,0.29,0.00,0.00,2.32,0.00
79.9,0.00,1.15,0.00,0.00,0.00,0.39,1.14,50.83,0.00,0.00,0.00,0.00,0.00,0.00,36.29,0.97,3.74,0.00,0.00,0.00
80.0,0.00,0.00,0.00,25.57,0.00,0.35,14.76,70.24,2.14,14.97,0.00,26.09,98.95,7.83,61.25,6.04,15.69,0.00,0.00,0.00
80.1,0.00,0.00,0.00,1.35,0.00,0.00,3.82,76.58,0.87,13.73,0.09,0.56,65.13,21.35,63.40,6.38,3.38,0.00,0.00,0.00
80.2,0.00,0.00,0.00,0.00,0.00,0.00,0.00,5.47,4.43,0.54,0.00,10.84,78.21,26.57,83.07,9.20,31.30,0.00,0.00,0.00
80.3,0.00,0.00,0.00,0.18,1.06,3.45,2.68,53.88,1.29,15.22,0.11,31.16,76.94,10.74,83.16,30.15,60.26,3.28,0.09,0.00
80.4,0.00,0.00,1.73,56.59,4.43,0.27,74.81,135.27,31.12,39.91,2.12,82.09,109.08,30.36,64.22,43.17,54.98,0.00,0.00,0.00
80.5,0.00,0.00,1.17,4.48,22.00,1.68,31.69,153.45,25.70,57.30,0.00,95.62,116.77,10.98,78.81,15.60,88.46,15.94,0.00,0.00
80.6,0.00,1.68,1.22,7.32,53.20,26.76,13.68,164.84,55.89,30.19,0.00,108.50,105.08,21.19,80.60,39.35,77.08,23.32,0.71,0.00
80.7,5.57,0.18,0.00,45.95,76.06,0.64,57.26,183.13,60.33,33.86,1.77,77.95,116.97,24.50,80.32,37.09,63.46,1.30,0.00,0.00
80.8,15.74,5.21,0.13,42.99,74.80,0.00,57.23,159.99,73.51,47.66,1.59,44.35,115.02,42.40,78.93,82.86,84.96,1.27,0.62,0.00
80.9,0.01,0.27,0.00,26.71,49.49,4.42,54.35,184.40,80.55,38.05,1.86,88.55,106.78,32.78,73.48,79.37,112.31,35.74,0.73,1.84
81.0,0.00,0.80,33.28,60.76,3.94,0.71,76.90,143.63,58.51,30.79,2.21,95.79,104.92,26.52,89.23,67.70,50.21,1.36,0.00,0.00
81.1,0.00,0.00,4.10,42.86,8.90,1.86,74.99,158.16,54.74,26.39,1.40,114.86,105.32,26.91,85.47,54.96,95.87,21.46,0.00,0.00
81.2,1.15,1.33,0.36,66.17,6.97,3.36,69.52,166.80,73.49,39.77,1.24,87.37,104.86,28.15,85.98,68.63,86.14,7.07,1.33,0.00
81.3,0.00,0.00,22.84,43.97,0.01,2.75,90.97,126.55,63.46,29.26,2.39,117.77,110.88,30.55,83.42,64.80,92.61,4.43,0.09,0.00
81.4,0.00,0.00,21.65,62.67,1.29,2.30,81.00,147.07,76.44,40.02,0.00,119.76,111.56,32.41,87.82,54.05,22.82,2.57,0.00,0.00
81.5,0.00,0.00,0.11,4.98,5.33,0.00,62.99,109.14,72.31,33.65,0.44,59.98,108.96,28.61,82.69,78.96,34.21,0.00,0.00,0.00
81.6,0.00,0.18,5.04,0.09,0.00,6.90,64.96,21.04,72.09,31.47,0.71,125.79,101.72,27.15,88.56,84.41,104.45,6.31,6.76,0.00
81.7,157.40,56.12,111.33,90.71,30.50,2.93,81.12,93.48,15.43,45.66,0.35,100.97,109.39,2.53,8.05,0.08,0.10,6.84,8.52,93.86
81.8,142.63,21.33,101.90,88.52,44.37,8.06,90.06,120.38,3.14,34.88,3.27,85.11,96.38,0.00,10.58,0.00,0.00,22.76,10.05,87.26
81.9,0.13,51.71,3.31,0.08,84.61,5.67,47.67,130.49,86.84,27.74,0.00,129.11,105.75,26.68,87.54,106.26,28.51,0.15,7.90,0.09
82.0,25.94,91.41,1.68,14.52,124.45,0.92,53.55,177.91,82.00,37.37,1.86,52.26,109.91,30.67,79.19,113.41,33.35,6.12,22.93,30.43
82.1,46.56,121.15,0.00,3.29,103.59,0.43,4.40,94.41,90.33,34.06,0.00,26.49,117.77,35.51,28.91,130.78,33.36,0.01,26.21,15.25
82.2,61.26,119.64,0.00,5.17,93.92,0.00,0.00,62.50,56.59,3.39,0.00,0.02,34.43,23.87,63.12,111.55,73.33,9.48,23.21,95.38
82.3,26.01,103.76,0.00,0.94,84.99,0.00,18.64,139.37,79.12,33.79,0.00,0.00,27.36,31.70,42.28,103.24,41.43,0.01,17.10,8.38
82.4,19.05,97.23,0.71,0.00,75.16,0.00,0.02,10.31,70.26,4.63,0.00,0.00,52.86,27.63,61.92,101.53,58.17,1.31,16.26,0.23
82.5,14.94,122.28,1.43,0.00,42.82,3.19,4.25,69.14,67.24,3.40,0.00,5.69,74.69,11.86,18.86,77.37,14.99,0.00,12.58,13.03
82.6,1.52,41.74,2.04,2.39,0.36,0.00,0.94,8.66,31.91,8.17,1.06,2.73,82.39,26.82,67.02,72.14,83.76,2.68,15.05,138.20
82.7,0.00,53.80,1.75,1.09,0.00,5.31,0.00,6.15,66.53,12.40,0.34,48.26,104.51,40.60,86.21,81.96,115.16,55.70,32.55,144.56
82.8,0.00,0.91,0.00,0.89,0.00,0.00,0.00,0.01,0.07,2.50,0.00,73.15,105.26,16.69,85.87,55.25,115.43,14.69,11.36,61.85
82.9,0.00,36.64,0.00,0.00,2.12,0.00,0.00,0.18,0.00,7.77,0.00,75.28,83.34,6.34,79.06,86.49,118.27,23.59,14.88,69.57
83.0,0.00,0.03,0.00,0.00,0.34,0.00,0.00,0.18,0.00,0.01,0.00,56.69,43.32,18.55,83.87,72.76,111.16,13.85,13.20,71.24
83.1,1.62,21.35,0.09,0.27,2.15,1.77,0.53,0.27,1.79,0.00,0.18,81.16,30.75,21.91,80.28,82.99,116.13,25.64,14.04,68.82
83.2,0.00,0.89,0.95,0.00,0.31,4.78,0.21,0.11,17.39,0.00,0.00,69.67,56.18,29.38,78.43,107.19,108.96,24.13,25.32,115.27
83.3,0.00,73.07,2.02,0.00,0.44,8.50,2.24,0.00,14.08,0.00,0.00,110.44,31.49,19.24,82.67,97.80,115.76,72.61,16.45,124.20
83.4,0.00,59.06,0.00,0.00,0.11,4.17,0.00,0.27,1.08,0.61,0.22,112.26,35.64,11.27,81.21,84.68,124.77,74.06,29.64,78.63
83.5,0.00,47.02,0.00,0.00,0.09,6.11,0.09,1.68,0.67,4.07,0.11,104.67,95.09,9.72,81.23,90.78,125.03,67.36,22.67,96.76
83.6,0.00,26.06,1.15,0.18,2.30,1.16,0.09,6.60,57.76,19.22,0.00,89.11,106.58,22.55,82.28,100.98,110.50,15.47,15.00,90.90
83.7,0.00,21.85,15.16,0.89,0.00,4.25,0.00,0.01,3.30,11.99,0.00,96.04,101.82,22.32,79.91,63.62,111.68,77.11,24.84,127.36
83.8,0.00,0.02,0.63,3.96,0.11,5.49,57.41,54.15,18.00,34.88,0.00,125.72,109.08,22.20,85.11,53.51,116.66,45.82,8.10,16.58
83.9,162.84,60.12,68.44,87.49,73.45,0.09,79.05,179.57,28.42,18.98,0.00,76.74,66.22,0.02,0.09,0.05,0.11,0.04,0.45,17.58
84.0,152.55,69.40,116.87,92.54,25.40,9.12,80.20,97.21,0.03,11.41,1.86,72.71,52.90,0.00,0.00,0.00,0.00,8.53,6.87,59.11
84.1,0.58,77.52,0.39,0.09,28.90,0.98,0.08,0.09,59.23,9.33,0.22,80.18,108.86,29.38,88.78,95.91,114.58,62.15,23.42,94.73
84.2,1.05,40.00,0.00,0.44,21.67,0.27,0.00,0.00,41.84,6.61,0.00,48.80,96.57,27.50,87.18,93.54,113.32,9.32,29.96,82.34
84.3,0.00,58.12,0.18,0.00,32.99,2.15,7.53,0.11,50.94,34.29,0.11,104.65,110.04,25.65,90.80,103.67,124.40,29.15,24.98,42.95
84.4,0.00,28.92,0.00,0.13,0.03,0.89,0.01,0.27,7.96,2.60,0.00,80.31,102.64,26.55,81.51,87.01,121.15,72.66,36.26,64.82
84.5,0.00,69.54,8.20,0.00,3.55,7.17,3.72,1.12,14.84,5.24,0.00,70.04,102.88,33.11,84.06,100.18,119.90,82.83,35.09,138.10
84.6,0.11,44.51,3.37,2.88,0.13,4.51,4.11,0.89,8.21,31.65,0.18,98.86,111.01,13.01,81.81,75.06,117.39,75.25,24.77,146.82
84.7,57.90,1.00,27.75,108.33,42.58,1.07,115.73,185.76,47.58,33.06,0.27,57.95,114.04,3.60,36.39,0.07,0.11,0.07,0.02,0.50
84.8,124.59,24.94,25.33,112.16,76.47,0.00,85.31,185.12,29.66,25.71,0.62,7.72,79.12,0.00,3.80,0.00,0.00,0.00,0.00,0.00
84.9,132.44,4.31,18.13,111.47,50.40,0.00,97.07,175.12,15.76,43.83,2.39,9.30,93.97,3.87,11.61,0.00,0.00,0.40,0.00,0.53
85.0,155.74,8.90,55.18,105.17,60.42,0.00,67.67,180.91,4.09,4.64,0.71,1.32,1.07,0.00,0.01,0.13,0.18,0.00,0.00,0.00
85.1,148.93,2.49,76.05,106.64,23.76,5.83,87.34,166.57,24.31,33.11,0.00,33.53,40.87,1.86,1.68,0.00,0.13,1.95,0.00,0.00
85.2,0.14,54.61,3.62,0.10,7.92,10.14,0.08,79.92,66.53,0.30,0.11,55.42,69.21,25.45,87.70,107.31,109.70,76.82,30.65,121.20
85.3,0.11,24.70,0.91,0.00,8.80,15.88,0.00,100.48,71.12,0.80,0.00,82.52,93.15,24.50,86.07,82.40,128.63,55.67,19.23,136.50
85.4,138.39,32.94,95.60,109.52,80.51,2.49,83.22,170.37,10.57,13.45,2.33,8.35,0.09,0.03,0.09,0.08,0.38,3.42,3.68,72.37
85.5,128.58,17.29,87.96,119.28,42.86,0.00,92.42,177.87,0.01,17.80,1.06,6.20,0.71,0.00,0.00,0.27,0.00,0.00,1.86,23.20
85.6,0.12,26.54,2.25,0.45,13.45,14.28,0.41,27.45,28.47,0.39,0.00,56.31,69.88,36.95,76.91,91.56,114.98,75.76,26.96,173.06
85.7,142.53,22.16,17.63,114.21,82.17,0.01,79.92,179.30,4.61,4.67,0.09,0.06,0.69,0.04,0.08,0.09,0.11,0.07,0.03,0.17
85.8,133.13,57.83,0.11,111.50,116.35,0.00,12.91,136.98,5.47,0.00,0.00,0.00,0.35,5.80,10.59,0.75,0.00,0.00,0.00,0.00
85.9,105.72,58.59,0.00,95.16,116.90,0.00,0.71,154.47,34.56,0.00,0.00,0.00,0.00,0.01,1.30,2.43,0.00,0.00,0.18,0.30
86.0,86.59,9.21,5.93,117.64,57.61,0.00,61.99,190.11,44.44,10.74,0.00,0.00,32.52,36.40,14.91,6.13,0.00,0.00,0.00,0.00
86.1,59.80,0.01,1.64,122.82,64.90,0.00,51.38,181.72,68.51,2.49,0.00,48.44,95.56,26.39,47.74,22.77,0.00,0.00,0.00,0.00
86.2,9.97,10.49,0.00,58.81,45.77,0.00,11.49,167.22,64.92,0.24,0.00,25.26,80.02,24.17,61.13,61.61,6.66,0.00,0.00,0.00
86.3,2.47,0.01,11.95,83.06,7.83,0.00,73.17,166.26,60.63,38.37,1.88,97.32,111.59,33.04,50.51,22.84,0.01,0.25,0.00,0.00
86.4,57.23,0.35,72.66,83.08,0.01,2.12,82.84,161.40,46.89,39.40,0.44,41.78,96.26,17.22,27.28,1.61,0.00,3.19,1.18,0.11
86.5,83.41,0.00,97.64,87.11,0.00,10.48,91.94,112.04,13.31,31.28,0.44,46.98,68.67,0.02,0.76,0.09,0.00,4.53,0.00,3.10
86.6,66.35,0.00,34.84,87.55,0.00,0.01,47.19,124.89,18.43,8.11,0.00,0.04,17.48,0.34,0.00,0.00,0.00,0.00,0.00,0.00
86.7,77.13,0.35,62.91,96.42,0.00,2.92,88.03,168.36,10.41,26.96,0.09,21.74,10.21,0.00,0.00,0.00,0.00,0.00,0.00,0.00
86.8,45.03,0.00,32.47,121.14,48.53,0.00,87.68,179.41,78.00,32.79,1.95,91.61,110.46,30.82,22.10,13.66,0.00,0.00,0.00,0.00
86.9,116.79,15.84,111.21,116.01,60.56,18.70,82.42,202.19,52.32,18.20,2.30,42.64,15.48,0.03,0.02,0.01,0.00,12.19,7.37,3.57
87.0,110.25,9.63,87.44,121.23,62.42,3.06,84.01,196.49,33.80,14.30,0.98,26.47,15.47,0.00,0.00,0.00,0.00,0.19,0.31,48.21
87.1,149.31,22.01,119.98,116.65,65.09,8.76,58.95,169.46,55.73,6.21,0.00,6.59,0.35,0.00,0.09,0.56,0.09,4.66,0.00,45.95
87.2,142.61,19.70,50.24,89.17,60.90,0.01,9.01,119.12,0.06,0.01,0.00,0.01,0.00,0.00,0.00,0.00,0.00,0.00,11.62,60.80
87.3,117.05,30.89,109.91,97.85,59.98,0.53,16.70,112.39,0.00,0.00,0.00,0.00,0.00,0.00,0.00,0.44,0.00,16.78,17.78,136.80
87.4,104.21,2.77,111.72,60.18,0.06,16.75,44.28,33.85,0.00,1.69,0.00,27.49,61.09,0.00,0.00,0.00,2.79,37.79,11.95,91.47
87.5,85.73,29.48,67.13,32.91,0.00,0.39,0.04,0.74,0.00,0.00,0.00,8.57,1.94,0.00,0.00,0.00,35.98,63.23,11.58,185.89
87.6,96.52,40.72,112.87,44.19,0.00,3.01,4.48,41.16,0.00,0.09,0.00,50.62,41.45,0.00,0.09,0.18,21.21,51.49,11.67,190.69
87.7,62.32,22.16,112.74,73.85,0.00,5.58,17.84,30.48,0.00,5.87,0.53,93.69,69.15,0.00,0.00,0.00,35.65,52.16,15.14,164.37
87.8,98.46,22.89,112.43,78.78,8.05,12.49,45.09,80.59,0.00,8.86,4.51,102.37,67.44,0.00,0.09,0.35,4.55,46.14,10.69,169.57
87.9,83.98,44.55,86.55,57.23,0.01,15.66,30.00,72.85,0.00,10.81,2.75,107.05,46.53,0.00,0.09,0.00,0.09,36.41,16.99,177.78
88.0,57.22,29.91,55.14,24.01,2.89,12.40,13.97,43.18,0.00,0.35,0.00,90.23,26.86,0.00,0.09,0.00,0.97,23.72,0.02,119.27
88.1,88.07,69.81,115.60,90.21,0.58,12.05,83.75,102.27,0.53,2.32,1.24,115.42,54.97,0.67,15.80,7.29,27.43,42.53,14.77,152.92
88.2,111.30,67.92,125.77,90.01,3.84,21.89,86.14,109.86,0.00,9.32,8.61,77.21,48.10,0.00,0.01,0.01,30.53,52.65,35.29,194.42
88.3,114.60,69.97,80.80,81.50,0.00,0.20,42.25,57.50,0.25,0.01,0.01,19.88,0.49,0.00,0.00,0.00,23.09,43.40,16.13,184.26
88.4,128.05,126.07,48.87,97.77,7.94,0.00,49.13,72.15,0.00,0.00,0.00,1.21,0.09,0.00,0.00,0.00,5.39,0.38,21.03,172.72
88.5,130.72,106.90,40.31,95.60,17.62,0.00,36.36,66.61,0.00,0.00,0.00,0.22,0.00,0.00,0.00,1.95,33.02,16.34,26.86,155.73
88.6,149.80,126.96,34.12,82.54,99.81,0.44,14.68,78.89,11.72,0.00,0.00,0.53,0.00,0.00,0.00,69.01,26.82,10.37,26.27,169.95
88.7,146.68,127.90,19.53,81.54,110.72,0.44,22.84,69.77,28.49,0.00,0.00,0.00,0.00,0.00,0.00,49.59,0.03,0.01,15.99,120.39
88.8,137.84,113.43,38.95,72.04,117.99,0.00,6.86,31.75,33.29,0.00,0.00,0.11,0.00,0.00,0.00,53.14,0.27,0.00,9.86,108.14
88.9,125.98,83.15,37.69,33.58,108.23,0.00,0.01,10.65,56.17,0.00,0.00,0.00,0.00,18.50,49.61,82.04,90.80,4.69,27.92,144.45
89.0,61.57,122.46,3.52,0.03,70.93,2.92,0.00,0.72,56.07,0.18,0.33,4.53,14.29,19.70,93.37,101.40,118.06,31.48,24.44,170.65
89.1,46.07,112.17,9.32,0.53,65.46,0.00,0.00,0.00,4.30,0.00,0.00,27.15,1.25,10.40,65.39,91.67,108.71,46.45,45.52,182.61
89.2,16.64,98.68,0.27,0.71,40.58,0.09,0.00,0.71,7.93,0.00,0.00,0.03,0.00,13.40,60.57,85.38,107.71,5.01,35.34,152.14
89.3,74.97,100.55,16.19,5.98,64.43,2.04,0.00,0.00,6.59,0.00,0.00,29.08,0.00,0.80,19.35,86.82,95.95,37.83,34.26,174.26
89.4,68.95,81.31,47.69,3.90,0.41,21.77,11.42,0.00,0.01,0.33,0.35,109.87,11.62,0.00,10.96,47.13,103.79,58.59,40.83,131.46
89.5,99.18,100.24,94.72,10.63,39.81,21.15,8.17,0.00,0.00,0.00,0.00,100.77,13.06,0.00,0.37,26.06,105.47,64.94,50.35,151.67
89.6,60.13,101.60,45.53,6.29,0.04,11.79,6.72,0.00,0.00,0.00,0.00,111.92,22.31,0.00,0.00,0.82,57.05,60.66,31.70,191.75
89.7,0.28,75.59,19.74,0.01,0.00,3.11,0.01,0.00,0.00,0.00,0.00,38.03,0.13,0.00,12.53,27.42,113.00,53.82,41.25,189.12
89.8,58.54,118.33,25.03,0.00,15.80,0.00,0.00,0.00,0.13,6.97,0.00,1.01,0.18,0.00,8.38,66.11,113.02,54.43,30.10,181.00
89.9,90.24,101.71,41.01,0.80,58.06,2.30,0.00,0.00,1.65,0.01,0.00,2.48,0.00,0.00,13.68,92.16,115.06,56.05,33.24,163.95
90.0,7.23,0.09,79.81,65.58,0.14,14.17,87.29,164.72,15.92,34.46,1.35,133.67,108.23,0.80,13.54,1.05,0.64,29.05,0.03,1.85
90.1,0.80,1.70,56.23,35.86,0.00,10.10,91.62,89.46,25.90,34.35,3.28,136.82,116.50,12.68,62.25,9.09,17.08,51.18,0.00,0.00
90.2,125.55,96.70,22.58,6.77,107.84,1.67,0.18,41.15,15.77,0.03,0.00,0.13,0.40,0.01,31.23,97.65,51.74,20.49,63.31,179.06
90.3,118.51,118.88,32.23,3.00,41.63,0.00,0.00,0.04,0.02,0.00,0.00,1.06,0.00,0.00,2.15,46.02,78.62,31.53,40.92,192.65
90.4,69.56,109.16,22.17,2.28,10.93,0.00,0.00,0.00,0.00,0.00,0.00,0.00,0.00,0.00,0.00,32.65,56.66,18.17,40.49,189.82
90.5,36.79,96.07,33.65,0.00,0.01,0.62,0.00,0.00,0.00,0.00,0.00,0.64,0.00,0.00,3.31,14.98,113.33,48.32,41.88,192.05
90.6,29.19,106.58,5.26,0.00,2.30,0.00,0.27,0.00,0.00,0.00,0.00,0.00,0.00,0.00,0.00,27.20,89.11,22.16,28.85,177.85
90.7,49.36,114.69,11.91,0.00,15.65,0.44,0.00,0.00,0.00,0.00,0.00,0.00,0.00,2.01,17.10,70.16,78.01,2.88,23.92,174.80
90.8,33.86,106.03,3.99,0.00,57.92,0.27,0.13,0.00,41.74,0.00,0.00,3.09,0.00,24.16,77.58,99.84,104.20,25.40,25.33,159.25
90.9,118.36,125.48,68.01,19.75,18.15,0.00,0.35,0.49,0.05,0.00,0.00,0.00,2.90,0.03,47.73,68.59,105.33,49.37,42.68,188.19
91.0,0.11,1.56,8.19,55.24,10.52,1.95,104.33,154.25,20.64,31.16,0.00,87.58,106.53,2.18,35.20,0.07,4.43,0.05,0.04,0.19
91.1,0.00,0.27,0.18,23.92,30.46,0.00,76.88,149.22,87.21,30.94,0.00,23.24,112.38,29.84,23.96,15.76,0.00,0.00,0.00,0.00
91.2,0.00,1.86,0.27,27.63,63.56,0.00,77.79,174.57,52.08,44.63,0.00,21.21,67.82,5.14,14.09,0.19,0.00,0.00,0.00,0.00
91.3,93.48,1.24,14.38,73.71,62.95,0.00,81.33,175.15,25.58,25.58,3.01,13.52,48.74,0.01,0.01,0.00,0.00,0.00,0.00,0.00
91.4,29.87,13.14,11.43,85.14,84.31,0.30,93.50,158.29,105.06,40.77,2.30,6.65,70.76,14.73,2.97,0.46,0.00,0.00,0.00,0.00
91.5,0.03,2.91,0.01,18.24,13.66,0.80,2.54,162.58,37.64,12.15,0.00,0.54,8.81,0.55,26.27,0.00,0.00,0.00,1.15,0.42
91.6,1.95,3.81,1.06,15.93,65.72,0.00,21.13,169.99,50.29,31.06,0.00,0.09,13.12,0.00,1.53,1.38,0.00,0.00,0.00,0.00
91.7,12.21,0.00,0.27,72.42,75.46,4.60,58.13,170.29,73.11,34.09,0.00,1.26,15.14,2.06,0.00,0.44,0.00,1.15,0.00,0.00
91.8,25.58,0.00,0.00,54.14,52.42,0.00,19.69,167.62,31.20,22.90,0.00,0.00,2.67,0.00,0.00,0.18,0.09,0.00,0.00,0.00
91.9,13.37,0.09,0.62,47.89,71.08,0.53,16.10,185.42,58.45,14.33,0.00,0.33,35.94,0.35,0.83,2.68,0.83,0.09,0.00,0.00
92.0,1.60,0.27,0.45,35.72,64.35,0.27,34.65,188.98,71.88,35.47,0.00,4.36,83.86,23.01,9.38,4.15,0.09,0.00,0.00,0.00
92.1,26.89,14.93,0.00,69.78,97.00,0.00,57.54,185.28,82.29,33.97,4.96,1.15,66.53,25.74,5.44,39.60,0.00,0.00,0.00,0.09
92.2,103.51,96.57,75.23,0.90,0.10,4.69,0.14,0.17,0.09,0.03,0.00,53.48,0.15,0.03,37.81,36.45,113.77,81.38,39.11,189.23
92.3,56.27,63.85,71.29,1.06,0.00,7.53,2.21,1.37,0.00,0.00,1.33,66.68,0.00,0.00,22.30,47.80,117.33,63.37,37.11,181.45
92.4,67.73,110.89,71.73,0.00,0.00,4.92,0.00,0.00,0.00,0.00,0.00,0.60,0.11,0.00,12.28,46.28,120.09,69.56,52.76,189.90
92.5,0.06,6.52,0.08,27.92,59.71,0.09,63.14,184.95,69.22,37.76,0.88,51.64,102.74,28.45,39.66,65.39,0.11,0.07,0.05,0.20
92.6,4.94,0.01,0.00,50.58,41.06,0.00,62.64,181.92,73.61,34.67,3.01,22.73,88.98,6.05,1.66,2.72,0.00,0.00,0.00,0.21
92.7,42.14,0.00,0.00,72.98,20.64,0.00,60.95,165.35,36.74,26.21,0.89,0.02,25.32,0.01,0.00,0.00,0.00,0.00,0.00,0.00
92.8,8.36,0.09,1.15,49.56,27.06,0.00,34.40,191.07,31.83,18.07,0.53,0.00,7.72,0.00,0.00,0.00,4.12,0.00,0.00,0.62
92.9,0.98,0.97,0.18,68.58,12.35,0.00,62.03,164.61,0.29,24.34,0.00,9.82,66.12,0.00,18.28,0.00,1.00,0.00,0.00,0.00
93.0,49.27,0.00,21.46,101.79,11.07,3.19,105.88,191.76,13.08,34.07,1.00,93.33,90.52,0.00,11.57,0.00,0.00,0.00,0.00,0.00
93.1,35.07,0.00,29.97,93.26,28.86,0.00,85.70,187.75,10.41,43.53,0.97,49.63,80.17,0.00,3.85,0.00,3.01,0.00,0.00,0.00
93.2,0.12,1.15,0.03,30.92,0.03,0.00,79.71,141.31,0.51,34.69,1.59,13.90,54.76,0.00,1.51,0.00,0.00,0.00,0.00,0.00
93.3,0.00,0.47,0.00,44.25,7.94,0.00,59.06,154.54,11.60,39.75,2.02,0.19,30.56,0.18,3.10,0.00,0.00,0.00,0.00,0.55
93.4,0.00,0.00,0.00,35.31,0.01,0.00,44.70,123.53,1.24,0.30,0.00,6.81,71.50,22.44,50.31,0.00,0.00,0.00,0.00,0.00
93.5,0.00,0.00,0.00,30.27,0.00,0.00,64.58,137.34,0.09,28.83,5.75,10.74,64.38,12.68,22.75,0.18,0.00,0.50,0.00,0.00
93.6,0.00,0.00,0.00,9.94,0.00,0.18,27.22,75.12,0.77,33.42,0.09,0.36,32.95,6.15,4.18,0.00,0.09,0.11,0.00,0.00
93.7,0.00,0.00,7.02,0.01,0.00,0.00,34.56,0.16,0.00,1.45,0.00,0.35,10.62,0.01,0.00,0.00,0.00,0.00,0.00,0.00
93.8,0.00,0.00,1.81,16.78,0.00,0.00,29.85,55.27,0.00,0.00,0.00,21.72,16.76,4.58,7.42,0.00,0.00,0.00,0.00,0.00
93.9,1.42,0.00,0.18,2.47,0.00,0.00,4.55,0.62,5.67,7.44,0.00,9.67,5.03,0.36,6.20,0.00,0.00,0.00,0.00,0.00
94.0,0.00,0.00,25.50,4.56,0.00,0.69,57.20,78.96,54.00,44.91,3.54,49.00,118.10,16.94,20.66,1.68,0.00,0.53,0.00,0.00
94.1,0.00,2.83,25.25,0.00,0.00,12.73,2.84,4.99,23.71,29.34,0.00,23.95,88.63,5.18,16.66,0.00,0.00,17.67,0.00,0.00
94.2,0.43,0.00,12.90,0.34,0.00,0.01,5.97,71.39,3.83,32.50,0.00,2.32,90.30,0.35,1.17,0.00,0.00,0.02,0.00,0.00
94.3,8.07,0.00,7.96,0.92,0.00,0.00,49.53,20.80,0.00,39.18,1.33,64.62,63.92,0.00,0.67,0.00,0.64,0.00,0.00,35.80
94.4,49.00,0.44,100.72,2.04,0.00,5.78,36.00,41.27,1.87,25.91,4.51,29.20,29.02,0.00,0.00,0.00,0.00,28.55,15.74,126.97
94.5,32.69,0.09,89.58,52.84,0.00,9.30,81.10,105.99,15.79,36.14,5.49,63.82,61.18,2.30,0.00,0.00,0.00,25.18,7.27,71.21
94.6,53.88,2.96,95.98,55.44,0.00,9.83,41.23,56.72,0.02,14.53,0.00,65.45,0.06,0.00,1.79,0.00,9.47,66.61,6.01,139.91
94.7,23.51,0.00,103.10,30.71,1.00,26.96,78.90,72.19,0.00,1.52,0.35,15.84,5.22,0.00,0.00,0.18,9.35,46.68,14.82,135.02
94.8,51.74,0.00,86.83,58.64,0.00,12.99,98.14,135.01,1.14,24.74,1.68,39.07,25.08,0.00,0.00,0.00,3.37,40.84,9.28,49.27
94.9,12.57,0.00,100.05,69.08,0.00,17.31,85.46,123.82,3.64,34.66,1.71,103.35,93.66,0.38,11.34,0.46,0.00,23.75,0.01,3.03
95.0,17.27,0.00,106.67,57.99,0.00,24.91,51.10,73.65,0.90,19.53,3.72,110.52,88.55,0.00,25.36,0.00,0.62,64.84,5.58,63.71
95.1,0.02,0.00,68.53,7.53,0.00,16.44,58.54,111.19,2.67,13.89,0.89,110.68,85.58,4.05,72.90,6.12,36.73,53.24,4.92,24.77
95.2,18.82,0.97,90.31,51.68,0.11,12.05,79.31,139.28,2.00,25.65,7.89,121.67,103.66,1.83,63.55,8.79,47.21,35.12,4.25,26.43
95.3,50.16,0.00,116.31,76.61,1.30,21.75,53.47,123.23,0.00,1.88,1.60,90.44,98.66,1.01,7.92,0.01,12.70,69.14,24.10,97.02
95.4,92.33,27.19,115.48,73.62,0.00,12.22,63.05,104.42,0.00,4.93,0.27,123.01,104.31,2.71,62.19,3.84,42.01,59.74,8.29,128.26
95.5,88.66,32.93,110.38,53.59,0.00,19.06,56.07,60.00,0.00,3.84,0.00,86.76,23.14,0.00,23.04,0.00,28.58,69.84,22.99,146.20
95.6,135.47,30.19,121.91,70.61,0.11,2.53,51.49,103.51,0.25,21.83,4.78,69.49,29.07,0.00,0.46,0.00,0.03,12.99,13.42,117.28
95.7,3.40,0.12,88.04,53.32,1.09,4.10,44.29,11.51,0.00,0.77,0.00,53.65,43.13,0.00,0.09,0.61,0.09,9.03,9.84,59.12
95.8,33.59,0.00,112.95,69.60,0.00,10.91,67.62,156.60,6.76,15.28,0.00,54.11,56.16,0.00,0.00,0.00,3.27,16.74,10.07,80.82
95.9,27.49,1.20,108.63,52.75,0.43,0.01,16.38,41.82,0.01,0.01,0.00,50.47,24.42,0.00,5.09,0.53,3.58,49.28,9.20,118.13
96.0,32.45,0.00,92.77,57.66,0.00,0.00,17.31,35.03,0.00,0.00,0.00,79.86,28.99,0.00,0.98,0.00,0.00,9.45,6.48,27.58
96.1,11.05,0.00,63.09,8.17,0.00,0.44,17.69,42.70,0.00,0.00,0.00,52.60,84.57,0.00,41.29,2.10,7.17,7.62,0.01,19.12
96.2,5.61,0.00,89.16,33.30,0.32,13.54,42.60,116.70,22.23,22.00,0.00,121.01,109.01,26.50,81.11,25.61,34.39,33.20,0.00,11.60
96.3,0.00,0.00,29.91,15.74,0.00,0.63,74.20,105.79,25.81,40.37,0.71,100.94,91.67,3.96,61.41,8.46,58.05,21.00,0.00,40.57
96.4,12.63,0.71,82.85,52.88,0.00,18.57,93.35,135.63,32.07,44.16,1.86,125.50,105.89,1.25,50.73,6.89,66.11,17.58,0.18,42.10
96.5,27.90,2.02,92.62,21.31,0.00,12.69,66.21,54.10,7.28,38.54,0.71,108.30,112.78,5.29,39.57,3.39,50.66,12.50,1.06,55.44
96.6,12.61,0.00,82.82,18.99,0.00,10.36,63.37,93.74,59.27,34.90,0.80,124.45,110.68,23.32,68.32,16.24,102.28,32.23,0.00,1.62
96.7,0.01,0.00,46.31,1.52,0.00,0.01,14.82,0.09,0.29,25.33,0.00,67.64,100.09,1.49,62.93,2.18,82.98,25.99,0.00,56.25
96.8,8.94,0.00,35.16,0.00,0.00,0.62,5.82,0.00,10.14,31.81,0.97,76.85,101.57,3.41,53.77,4.94,45.15,0.02,0.00,9.38
96.9,0.36,0.00,53.41,7.21,1.23,0.44,9.83,1.26,0.01,0.03,0.35,64.24,81.37,0.26,53.73,5.76,38.29,10.58,0.00,7.28
97.0,17.00,0.27,86.27,11.66,0.00,10.27,2.30,0.00,0.00,0.89,0.00,105.00,105.84,8.48,86.79,12.36,83.88,51.31,5.47,60.32
97.1,49.22,0.00,91.61,57.51,0.00,21.56,68.41,0.00,0.00,5.04,1.50,109.40,74.50,18.76,78.93,53.90,104.03,63.54,8.84,156.17
97.2,67.73,0.00,107.64,82.26,0.00,15.37,63.99,0.00,0.00,19.75,1.95,119.21,111.50,3.66,85.62,17.34,97.41,78.44,7.82,103.65
97.3,59.59,0.00,95.73,50.75,0.00,26.15,34.08,0.00,0.00,3.93,1.86,119.69,70.10,0.88,74.63,10.66,87.81,64.09,3.05,145.54
97.4,52.84,0.00,98.27,45.51,0.00,20.83,33.12,0.00,0.00,0.13,0.53,82.62,41.88,0.00,60.54,8.35,93.09,41.10,4.58,21.39
97.5,0.05,0.00,24.40,47.67,0.00,14.80,24.64,0.53,0.00,4.59,0.00,119.41,58.98,0.00,31.15,7.84,31.17,25.71,0.00,36.23
97.6,81.61,0.71,43.70,70.78,0.24,0.01,30.91,1.91,0.35,4.95,0.00,47.66,77.73,0.00,0.03,0.01,0.03,0.02,0.00,7.07
97.7,134.57,13.92,0.49,88.57,17.57,2.65,10.72,58.63,0.00,0.01,0.00,19.48,0.17,0.00,0.42,0.00,0.00,0.09,0.00,0.01
97.8,134.52,4.87,9.91,78.75,8.38,0.62,24.71,14.11,0.00,0.00,0.00,8.91,0.09,0.00,0.89,0.00,0.00,0.00,0.00,31.24
97.9,150.08,44.83,5.13,61.98,51.99,0.00,1.86,81.40,0.00,0.00,0.00,0.01,0.00,0.00,0.00,0.00,0.00,0.00,0.00,0.03
98.0,133.15,61.25,7.50,58.68,68.89,1.88,0.70,86.51,0.00,0.00,0.00,0.48,0.00,0.00,0.00,0.00,0.00,1.42,0.43,1.33
98.1,124.65,75.36,0.01,47.91,97.49,0.09,0.00,126.86,27.65,0.00,0.00,0.34,0.00,0.00,0.00,1.57,0.44,0.27,0.00,0.00
98.2,113.18,25.31,0.00,55.15,72.79,0.00,2.83,122.03,18.28,0.00,0.00,0.00,3.30,0.00,0.00,0.00,1.06,0.00,0.00,0.00
98.3,123.46,96.60,0.00,32.16,76.20,0.00,1.02,112.22,8.03,4.90,0.00,0.00,1.31,0.00,0.00,0.00,0.35,0.35,0.35,1.69
98.4,135.20,79.31,1.15,24.19,55.46,0.00,0.00,97.63,2.89,0.18,0.00,0.00,0.45,0.00,0.00,0.00,0.53,0.00,11.82,44.17
98.5,147.22,102.49,9.49,71.67,56.63,0.27,0.00,95.32,32.22,0.00,0.00,0.00,0.00,3.03,0.00,0.00,0.00,0.96,3.37,70.20
98.6,147.11,65.60,0.72,67.16,85.03,0.00,0.00,89.52,70.43,1.42,0.00,0.00,7.95,7.26,0.00,13.82,0.09,0.00,2.39,33.45
98.7,130.64,31.25,15.20,82.67,45.35,0.00,0.30,133.64,52.97,0.00,0.00,1.05,22.42,7.65,9.30,2.58,0.00,0.00,0.00,0.04
98.8,140.68,10.29,2.25,106.91,42.05,0.00,14.79,111.05,1.83,0.00,0.00,0.70,0.36,0.01,0.01,1.60,0.00,0.00,0.00,0.00
98.9,99.49,0.01,0.00,81.12,35.31,0.00,5.18,84.78,1.23,0.20,0.00,0.00,0.00,0.00,0.00,0.00,0.00,0.00,0.00,0.00
99.0,112.96,0.00,3.01,77.34,9.55,2.65,11.27,68.15,18.09,0.00,0.00,2.69,0.00,0.00,0.00,0.00,0.00,0.00,0.00,0.00
99.1,145.93,9.58,7.17,34.41,14.30,0.00,0.01,102.92,6.78,0.00,0.00,0.00,0.00,0.00,0.00,0.00,0.00,0.00,0.00,9.35
99.2,108.05,0.19,3.75,43.73,19.89,0.00,2.48,71.91,0.01,0.00,0.00,0.00,0.70,0.00,0.00,0.00,0.00,0.00,0.50,0.01
99.3,171.60,52.22,12.04,41.52,39.13,0.00,0.00,60.01,19.94,0.00,0.00,0.09,0.00,0.00,0.00,0.44,0.09,0.00,0.89,6.25
99.4,122.62,24.73,3.02,45.03,5.88,2.12,0.00,41.38,0.02,0.00,0.00,0.00,0.00,0.00,0.00,0.00,0.00,0.53,0.00,2.91
99.5,88.41,0.11,8.09,61.10,0.91,0.00,2.22,42.44,0.00,0.00,0.00,0.00,0.00,0.00,0.00,0.00,0.09,0.00,0.00,6.14
99.6,138.50,23.31,51.02,64.82,28.78,0.53,3.81,64.17,0.00,0.00,0.00,0.27,0.00,0.00,0.00,0.49,0.35,0.00,2.65,114.30
99.7,161.04,47.63,6.78,55.35,42.53,0.00,5.58,25.51,0.00,0.00,0.00,0.00,0.00,0.00,0.00,0.00,0.00,0.00,0.00,3.02
99.8,167.96,24.37,6.64,68.18,37.13,0.27,3.29,31.24,0.00,0.00,0.00,1.68,0.00,0.00,0.00,0.00,0.00,0.00,0.00,0.00
99.9,121.86,2.59,26.89,64.77,10.78,0.00,1.90,108.00,0.00,0.00,0.00,0.00,0.00,0.00,0.00,0.27,0.00,0.00,0.62,42.65
100.0,145.84,10.71,15.03,35.08,20.88,0.00,0.44,52.04,0.00,0.00,0.00,0.09,0.00,0.00,0.00,0.00,0.00,0.00,0.00,82.73
100.1,155.31,58.01,1.34,11.09,24.98,0.00,0.18,11.94,0.67,0.00,0.00,0.00,0.00,0.00,0.64,0.00,0.00,0.00,0.18,4.88
100.2,152.90,35.54,0.00,23.32,37.69,0.00,0.00,76.24,0.89,0.00,0.00,0.00,0.00,0.00,0.44,0.00,0.00,0.00,0.00,0.62
100.3,153.88,60.09,0.00,35.32,57.07,0.00,0.00,96.46,13.53,1.45,0.00,0.00,0.00,0.00,0.00,0.00,0.00,0.00,0.00,0.00
